Year,nino12_01,nino12_02,nino12_03,nino12_04,nino12_05,nino12_06,nino12_07,nino12_08,nino12_09,nino12_10,nino12_11,nino12_12,nino3_01,nino3_02,nino3_03,nino3_04,nino3_05,nino3_06,nino3_07,nino3_08,nino3_09,nino3_10,nino3_11,nino3_12,rainfall_01,rainfall_02,rainfall_03,rainfall_04,rainfall_05,rainfall_06,rainfall_07,rainfall_08,rainfall_09,rainfall_10,rainfall_11,rainfall_12,nino4_01,nino4_02,nino4_03,nino4_04,nino4_05,nino4_06,nino4_07,nino4_08,nino4_09,nino4_10,nino4_11,nino4_12,nino34_01,nino34_02,nino34_03,nino34_04,nino34_05,nino34_06,nino34_07,nino34_08,nino34_09,nino34_10,nino34_11,nino34_12,tsa_01,tsa_02,tsa_03,tsa_04,tsa_05,tsa_06,tsa_07,tsa_08,tsa_09,tsa_10,tsa_11,tsa_12
1950,-1.1100000000000065,-1.5460606060606104,-1.0136363636363654,-1.54303030303031,-1.3465151515151597,-1.3589393939394014,-1.2713636363636347,-0.6183333333333287,-0.9554545454545362,-0.746363636363629,-1.3859090909090952,-0.9353030303030323,-1.7318181818181877,-1.2621212121212082,-0.5598484848484837,-0.7592424242424336,-1.188030303030306,-0.8221212121212034,-0.6651515151515142,-0.5407575757575778,-0.717878787878778,-0.5130303030302983,-0.8192424242424217,-0.8230303030303077,44.23012048192777,-39.58192771084347,123.84457831325307,-25.130120481927747,-4.346987951807137,54.3433734939759,-23.735060240963854,-44.33012048192772,-54.90963855421688,24.333734939758997,-47.97951807228911,120.14337349397582,-0.9907575757575806,-1.2375757575757653,-1.2707575757575817,-1.0372727272727218,-0.803636363636361,-0.489848484848487,-0.8175757575757601,-1.000303030303023,-1.1122727272727246,-1.1368181818181746,-1.1236363636363613,-1.073030303030297,-1.6124242424242539,-1.4445454545454517,-1.1081818181818228,-1.273181818181822,-1.538939393939387,-1.0024242424242402,-0.7825757575757493,-0.8898484848484856,-0.9649999999999963,-0.8142424242424227,-0.9525757575757545,-1.174090909090907,0.016323529411764695,0.08779411764705883,0.035294117647058795,-0.23558823529411768,-0.4123529411764706,-0.2882352941176471,-0.20808823529411766,-0.37573529411764706,-0.5360294117647059,-0.5748529411764707,-0.47705882352941176,-0.9560294117647059
1951,-0.22000000000000597,-0.8360606060606095,-0.7436363636363623,-0.2330303030303078,0.2934848484848409,1.6110606060605974,1.9386363636363662,1.3416666666666721,0.8245454545454614,0.88363636363637,0.7340909090909022,0.15469696969696756,-0.6118181818181867,-0.5121212121212082,-0.0498484848484857,0.030757575757565547,0.09196969696969148,0.16787878787879862,0.884848484848483,0.7992424242424221,0.8421212121212207,0.806969696969702,0.9607575757575759,0.6569696969696928,-4.669879518072207,-118.98192771084348,-0.2554216867469563,104.86987951807225,74.05301204819284,142.9433734939759,-5.93506024096385,-28.730120481927727,68.99036144578311,14.233734939758989,-32.77951807228911,-13.45662650602415,-0.7807575757575798,-0.8975757575757619,-0.33075757575758047,-0.027272727272723785,0.33636363636363953,0.2801515151515126,0.10242424242424164,-0.30030303030302363,-0.11227272727272464,-0.06681818181817434,0.1363636363636367,0.09696969696970115,-1.1224242424242554,-0.9245454545454521,-0.16818181818182154,-0.023181818181821967,0.2010606060606115,-0.08242424242423851,0.39742424242425045,0.28015151515151615,0.5850000000000044,0.4457575757575789,0.46742424242424363,0.2959090909090918,-1.0436764705882353,-0.7622058823529412,-0.9547058823529412,-0.5755882352941177,-0.44235294117647056,-0.31823529411764706,-0.15808823529411764,0.014264705882352943,0.02397058823529412,-0.004852941176470588,-0.09705882352941177,-0.036029411764705886
1952,-0.010000000000008669,0.07393939393939064,0.006363636363637681,-0.5130303030303089,-0.26651515151516136,-0.40893939393940215,-0.49136363636363356,-0.6083333333333272,-0.8754545454545379,-0.1863636363636303,-0.4859090909090966,-0.055303030303033296,0.3881818181818133,0.1678787878787915,0.2001515151515143,0.1907575757575657,0.09196969696969148,-0.34212121212120294,-0.4451515151515153,-0.43075757575757834,-0.42787878787877887,-0.34303030303030013,-0.6792424242424211,-0.3630303030303068,63.83012048192779,143.41807228915656,18.14457831325302,140.86987951807225,54.55301204819284,-12.656626506024097,-18.53506024096385,33.06987951807228,-45.10963855421688,-36.56626506024101,2.920481927710881,156.54337349397585,0.19924242424242067,0.05242424242423738,-0.03075757575758331,0.1227272727272748,0.006363636363641234,-0.20984848484848584,-0.4075757575757599,-0.5703030303030232,-0.22227272727272762,-0.39681818181817263,-0.15363636363636246,-0.08303030303029857,0.23757575757574756,0.15545454545454618,0.17181818181817832,0.3668181818181786,0.3710606060606132,-0.11242424242423965,-0.2525757575757481,-0.3098484848484837,-0.1649999999999956,-0.11424242424242337,-0.2625757575757568,-0.03409090909090651,-0.003676470588235309,-0.07220588235294116,-0.1647058823529412,-0.14558823529411768,-0.26235294117647057,0.011764705882352948,-0.11808823529411766,-0.04573529411764706,-0.06602941176470589,-0.11485294117647059,-0.01705882352941176,-0.1760294117647059
1953,-0.1200000000000081,0.3639393939393898,0.8663636363636371,1.5369696969696918,1.1134848484848412,0.5410606060605971,0.24863636363636843,0.4816666666666727,0.4245454545454628,0.15363636363636957,0.10409090909090324,-0.3353030303030309,0.2181818181818116,0.44787878787879265,0.43015151515151473,0.4307575757575641,0.40196969696969376,0.4478787878787962,0.28484848484848513,0.19924242424242422,0.4821212121212213,0.3169696969697,0.17075757575757677,0.2669696969696922,-60.16987951807221,144.91807228915656,-33.05542168674697,-108.53012048192778,-62.24698795180714,-84.4566265060241,87.16493975903616,-50.23012048192773,-45.30963855421688,21.233734939759003,0.3204819277108868,-43.95662650602415,0.04924242424241854,-0.047575757575764044,-0.08075757575758047,0.05272727272727806,0.1563636363636398,0.37015151515151246,0.31242424242423894,0.3496969696969785,0.08772727272727465,0.15318181818182453,0.1863636363636374,0.3769696969697023,0.4275757575757453,0.5454545454545467,0.45181818181817945,0.5668181818181779,0.5510606060606129,0.5875757575757596,0.4274242424242516,0.34015151515151487,0.42500000000000426,0.4757575757575765,0.3374242424242446,0.4759090909090915,-0.2136764705882353,-0.31220588235294117,-0.0747058823529412,-0.35558823529411765,-0.21235294117647058,-0.15823529411764706,-0.11808823529411766,-0.09573529411764706,0.013970588235294117,-0.004852941176470588,-0.19705882352941176,-0.44602941176470584
1954,-1.6900000000000084,-0.7960606060606104,-1.0736363636363642,-2.5030303030303074,-2.2765151515151594,-1.9089393939394022,-2.2413636363636336,-1.538333333333327,-1.4354545454545367,-1.5463636363636297,-1.215909090909097,-1.3453030303030324,0.05818181818181145,0.027878787878794498,-0.26984848484848456,-1.3192424242424359,-1.1980303030303077,-1.102121212121201,-1.0151515151515156,-1.200757575757578,-1.327878787878781,-1.193030303030298,-0.9892424242424234,-1.183030303030307,32.23012048192777,-6.181927710843468,3.2445783132530437,-74.23012048192777,-167.74698795180714,-6.756626506024091,-28.53506024096385,-23.730120481927727,-15.509638554216878,-16.26626506024101,79.6204819277109,-38.45662650602415,0.3192424242424181,0.2324242424242371,-0.14075757575758274,-0.2672727272727222,-0.3236363636363606,-0.38984848484848555,-0.6375757575757603,-0.8403030303030228,-0.9722727272727276,-1.086818181818174,-0.7036363636363632,-0.7130303030302976,0.46757575757574443,0.4054545454545462,-0.14818181818182197,-0.7631818181818204,-0.668939393939386,-0.5524242424242409,-0.7425757575757466,-1.0498484848484857,-1.1749999999999972,-0.9842424242424208,-0.7225757575757541,-0.9040909090909075,-0.49367647058823527,-0.5622058823529412,-0.6047058823529412,-0.4655882352941177,-0.6823529411764706,-0.628235294117647,-0.7080882352941177,-0.4257352941176471,-0.27602941176470586,-0.1748529411764706,-0.13705882352941176,-0.2660294117647059
1955,-0.6200000000000081,-1.0060606060606077,-1.1436363636363645,-1.1130303030303104,-1.7765151515151594,-1.6589393939394022,-1.0813636363636334,-1.0983333333333292,-1.0254545454545365,-1.4163636363636307,-1.5259090909090958,-1.3453030303030324,-0.6118181818181867,-0.5421212121212058,-0.6998484848484843,-0.9492424242424349,-1.3180303030303087,-1.132121212121202,-0.9151515151515142,-1.070757575757579,-1.337878787878779,-2.0930303030303,-2.049242424242422,-1.8530303030303088,-6.669879518072207,84.01807228915652,10.544578313253055,-42.43012048192776,42.953012048192875,-36.5566265060241,2.1649397590361446,-51.030120481927725,3.390361445783114,6.533734939758986,17.120481927710898,64.54337349397585,-0.4907575757575806,-0.6475757575757619,-0.5707575757575825,-0.6672727272727244,-0.5336363636363615,-0.4698484848484874,-0.5075757575757613,-0.8003030303030236,-0.6622727272727253,-1.236818181818176,-1.6136363636363633,-1.193030303030298,-0.642424242424255,-0.7845454545454515,-0.7881818181818225,-0.9531818181818217,-0.8189393939393881,-0.7724242424242398,-0.7425757575757466,-0.9098484848484851,-1.0549999999999962,-1.9842424242424208,-2.142575757575756,-1.794090909090908,-0.48367647058823526,-0.6622058823529411,-0.5347058823529413,-0.5855882352941177,-0.4123529411764706,-0.49823529411764705,-0.31808823529411767,-0.49573529411764705,-0.4360294117647059,-0.3148529411764706,-0.21705882352941178,-0.6060294117647058
1956,-0.8700000000000081,-0.6760606060606094,-0.34363636363636374,-0.9430303030303087,-1.0165151515151614,-0.8489393939394034,-0.26136363636363313,-0.12833333333332675,-0.6354545454545395,-1.0963636363636304,-0.8859090909090952,-1.2853030303030337,-0.7518181818181873,-0.3921212121212072,-0.28984848484848413,-0.5192424242424352,-0.26803030303030795,-0.35212121212120095,-0.5751515151515143,-0.7007575757575779,-0.7378787878787811,-0.8530303030302981,-1.009242424242423,-1.0030303030303074,-30.869879518072196,-58.48192771084348,-61.955421686746945,-36.03012048192778,-78.04698795180715,13.1433734939759,-7.8350602409638554,-2.130120481927726,35.690361445783125,55.733734939759,18.120481927710898,-11.156626506024168,-1.1307575757575812,-1.007575757575765,-0.8107575757575809,-0.7272727272727231,-0.7436363636363588,-0.619848484848486,-0.6975757575757591,-1.000303030303023,-1.0122727272727268,-0.7568181818181756,-0.5236363636363635,-0.33303030303029857,-0.8324242424242527,-0.5845454545454523,-0.5681818181818201,-0.8331818181818207,-0.4389393939393855,-0.5124242424242418,-0.6725757575757463,-0.8598484848484844,-0.7049999999999983,-0.7942424242424231,-0.8625757575757547,-0.6940909090909066,-0.5636764705882353,-0.7522058823529412,-0.6547058823529411,-0.7955882352941177,-0.5223529411764706,-0.48823529411764705,-0.30808823529411766,-0.22573529411764706,-0.2160294117647059,-0.4748529411764706,-0.44705882352941173,-0.5260294117647059
1957,-1.620000000000008,0.02393939393938993,0.9263636363636358,1.196969696969692,2.1034848484848396,1.8310606060605963,1.778636363636366,1.2416666666666707,1.124545454545462,0.9036363636363696,0.8640909090909048,0.6846969696969687,-0.6418181818181878,-0.2121212121212075,0.3001515151515157,0.4407575757575657,0.721969696969694,0.8878787878787975,1.3248484848484843,1.1192424242424224,0.782121212121222,0.7469696969697033,1.1507575757575772,1.3669696969696936,130.43012048192782,-79.28192771084346,-44.455421686746945,14.169879518072207,-156.14698795180715,-23.956626506024094,-62.235060240963854,-18.030120481927725,-55.50963855421688,27.733734939759003,-76.47951807228911,-62.75662650602416,-0.16075757575757876,-0.07757575757576518,-0.060757575757580895,0.19272727272727508,0.2963636363636404,-0.05984848484848726,-0.15757575757575992,0.19969696969697637,0.3177272727272751,0.4831818181818264,0.4863636363636381,0.556969696969702,-0.43242424242425415,-0.17454545454545212,0.2418181818181786,0.4868181818181796,0.6310606060606148,0.6875757575757611,0.9574242424242527,0.9201515151515167,0.735000000000003,0.7157575757575785,1.077424242424243,1.2659090909090942,-0.43367647058823533,-0.17220588235294115,-0.1547058823529412,-0.09558823529411767,-0.3323529411764706,-0.16823529411764707,-0.35808823529411765,-0.24573529411764705,-0.37602941176470583,-0.4148529411764706,-0.27705882352941175,-0.1960294117647059
1958,0.20999999999999375,0.5939393939393902,0.7763636363636373,0.9869696969696911,0.5934848484848416,0.5810606060605963,0.38863636363636545,-0.2583333333333293,0.12454545454546206,0.20363636363637028,-0.04590909090909534,-0.20530303030303187,1.3381818181818126,1.0378787878787925,0.5901515151515149,0.38075757575756697,0.2919696969696943,0.2578787878787985,0.07484848484848428,0.029242424242422516,-0.17787878787877887,-0.12303030303029772,0.13075757575757763,-0.20303030303030667,88.43012048192782,-95.08192771084347,-76.35542168674695,36.66987951807221,-147.94698795180716,-35.75662650602409,-26.235060240963854,8.069879518072277,-39.30963855421688,-22.366265060241005,-22.279518072289108,60.44337349397583,0.9592424242424187,1.1224242424242377,0.9192424242424195,0.5827272727272756,0.4063636363636398,0.36015151515151445,0.2024242424242395,0.2296969696969775,0.1777272727272745,0.2931818181818251,0.2563636363636377,0.436969696969701,1.7075757575757464,1.5454545454545467,1.0218181818181797,0.6168181818181786,0.5410606060606113,0.5675757575757601,0.18742424242425315,0.06015151515151729,-0.05499999999999616,0.11575757575757706,0.38742424242424534,0.24590909090909463,-0.32367647058823534,-0.3222058823529412,-0.6547058823529411,-0.6955882352941176,-1.1423529411764706,-1.1182352941176472,-0.5580882352941177,-0.6757352941176471,-0.6560294117647059,-0.5248529411764706,-0.40705882352941175,-0.05602941176470588
1959,-0.580000000000009,-0.11606060606060709,0.4963636363636361,0.2269696969696895,-0.04651515151515895,-0.33893939393940187,-0.31136363636363384,-0.7783333333333289,-0.35545454545453836,-0.04636363636362972,0.28409090909090295,-0.11530303030303202,0.018181818181812304,0.017878787878792934,-0.13984848484848555,0.060757575757566684,-0.19803030303030766,-0.3321212121212014,-0.6851515151515173,-0.6407575757575756,-0.577878787878781,-0.33303030303029857,-0.43924242424242266,-0.39303030303030795,-65.3698795180722,-51.78192771084346,-53.35542168674698,-122.53012048192778,-110.64698795180715,2.4433734939758978,-35.93506024096385,4.269879518072273,-32.70963855421688,-100.866265060241,42.42048192771088,-126.15662650602417,0.44924242424242067,0.33242424242423496,0.16924242424241953,0.26272727272727536,0.03636363636363882,-0.2898484848484877,-0.2275757575757602,-0.1403030303030235,-0.16227272727272535,-0.16681818181817576,-0.3636363636363633,-0.323030303030297,0.5275757575757467,0.5154545454545456,0.2418181818181786,0.19681818181818045,-0.04893939393938851,-0.24242424242423866,-0.6225757575757491,-0.5198484848484846,-0.5949999999999953,-0.36424242424242337,-0.4425757575757565,-0.3040909090909061,-0.023676470588235306,-0.012205882352941164,0.19529411764705884,0.13441176470588234,-0.24235294117647058,-0.19823529411764707,-0.28808823529411764,-0.23573529411764707,-0.1260294117647059,-0.1648529411764706,-0.23705882352941177,-0.2660294117647059
1960,-0.010000000000008669,-0.45606060606060694,-0.47363636363636274,-0.8530303030303088,-0.7365151515151602,-1.0389393939394012,-1.1213636363636326,-0.6683333333333294,-0.04545454545453964,-0.376363636363628,-0.5159090909090978,-0.26530303030303415,-0.1618181818181874,-0.30212121212120735,-0.1798484848484847,-0.10924242424243502,-0.26803030303030795,-0.5321212121212007,-0.3151515151515163,-0.08075757575757692,-0.16787878787878086,-0.6430303030302973,-0.639242424242422,-0.5730303030303077,-152.6698795180722,-115.28192771084346,-82.35542168674695,100.26987951807223,-103.04698795180715,70.04337349397589,-0.7350602409638469,6.069879518072277,10.79036144578312,114.93373493975899,69.1204819277109,81.04337349397585,-0.5107575757575802,-0.5675757575757636,-0.44075757575758345,-0.3772727272727252,-0.24363636363635877,-0.369848484848486,-0.43757575757576106,-0.3903030303030235,-0.33227272727272705,-0.19681818181817334,-0.04363636363636303,-0.013030303030298285,-0.20242424242425372,-0.3045454545454547,-0.23818181818182182,-0.03318181818181998,-0.1289393939393868,-0.3824242424242392,-0.3225757575757484,-0.009848484848482997,-0.2149999999999963,-0.36424242424242337,-0.2225757575757541,-0.3340909090909072,-0.3936764705882353,-0.47220588235294114,-0.1747058823529412,-0.2855882352941177,-0.06235294117647056,-0.2882352941176471,0.031911764705882355,-0.05573529411764706,-0.07602941176470589,-0.1348529411764706,-0.0070588235294117615,-0.036029411764705886
1961,0.1799999999999926,0.5839393939393922,-0.3736363636363649,-0.38303030303030994,-0.5765151515151601,-0.7589393939394036,-1.1213636363636326,-0.8883333333333283,-0.8954545454545375,-0.626363636363628,-0.20590909090909548,-0.3353030303030309,-0.421818181818189,-0.08212121212120849,-0.23984848484848342,0.05075757575756512,0.0219696969696912,-0.03212121212120067,-0.625151515151515,-0.7907575757575778,-1.1478787878787813,-1.0430303030302994,-0.5992424242424228,-0.4830303030303078,6.23012048192777,56.618072289156544,-73.65542168674696,42.76987951807223,95.85301204819285,-7.956626506024094,-35.63506024096385,-46.23012048192773,-21.509638554216878,11.933734939758992,-24.879518072289102,133.34337349397586,-0.13075757575758118,-0.12757575757576234,-0.27075757575758175,-0.42727272727272236,-0.36363636363635976,-0.0498484848484857,-0.31757575757576006,-0.4003030303030215,-0.3722727272727262,-0.6068181818181735,-0.39363636363636445,-0.323030303030297,-0.17242424242425258,-0.1945454545454517,-0.28818181818182254,-0.29318181818182154,-0.06893939393938808,0.12757575757575879,-0.10257575757574955,-0.499848484848485,-0.7349999999999959,-0.8042424242424211,-0.5125757575757568,-0.4540909090909082,-0.0636764705882353,-0.18220588235294116,-0.1047058823529412,-0.16558823529411767,-0.042352941176470565,-0.15823529411764706,-0.2580882352941176,-0.22573529411764706,0.003970588235294115,-0.05485294117647059,-0.07705882352941176,-0.1560294117647059
1962,-0.19000000000000838,-0.5860606060606095,-1.6036363636363653,-1.7230303030303098,-1.0565151515151605,-0.988939393939404,-0.9413636363636328,-0.6683333333333294,-0.5054545454545369,-0.7063636363636299,-0.6359090909090952,-0.8453030303030324,-0.32181818181818755,-0.2921212121212058,-0.5198484848484846,-0.7292424242424325,-0.7280303030303088,-0.6121212121212025,-0.505151515151514,-0.3307575757575769,-0.6878787878787804,-0.6530303030302989,-0.8992424242424235,-0.9730303030303062,126.43012048192782,123.71807228915651,-3.355421686746979,-11.23012048192777,28.853012048192852,2.3433734939759034,-21.335060240963855,-19.130120481927726,-60.40963855421688,14.333734939758997,-63.17951807228911,-87.75662650602416,-0.4207575757575803,-0.37757575757576234,-0.21075757575758303,-0.24727272727272265,-0.4436363636363616,-0.30984848484848726,-0.39757575757575836,-0.44030303030302065,-0.4422727272727265,-0.4668181818181729,-0.4436363636363616,-0.5230303030302998,-0.3724242424242554,-0.4245454545454521,-0.3781818181818224,-0.4331818181818221,-0.5889393939393877,-0.4024242424242388,-0.31257575757574685,-0.38984848484848555,-0.6849999999999952,-0.5642424242424227,-0.7925757575757544,-0.7840909090909065,-0.1436764705882353,-0.22220588235294117,-0.1947058823529412,-0.07558823529411766,0.10764705882352943,0.021764705882352943,-0.13808823529411765,-0.06573529411764706,-0.10602941176470589,-0.004852941176470588,-0.0070588235294117615,-0.2260294117647059
1963,-0.4300000000000068,-0.3960606060606082,-0.4236363636363656,-1.0830303030303092,-0.36651515151515923,-0.498939393939402,-0.12136363636363257,0.27166666666667183,0.25454545454546107,0.10363636363636886,-0.2559090909090962,-0.34530303030303244,-0.6418181818181878,-0.5121212121212082,-0.16984848484848314,0.1207575757575654,-0.03803030303030752,0.20787878787879777,0.6048484848484854,0.639242424242422,0.532121212121222,0.5769696969697016,0.6407575757575792,0.7769696969696938,-14.569879518072185,-93.48192771084348,-71.75542168674696,3.0698795180722414,11.653012048192863,16.24337349397591,-21.93506024096385,-47.73012048192773,-27.909638554216883,-26.76626506024101,68.82048192771089,-35.45662650602415,-0.48075757575757905,-0.37757575757576234,-0.14075757575758274,-0.11727272727272364,-0.2236363636363592,-0.31984848484848527,-0.027575757575760917,0.2896969696969762,0.5177272727272744,0.5731818181818262,0.3663636363636371,0.23696969696970172,-0.5824242424242527,-0.39454545454545453,-0.038181818181822536,0.10681818181818059,-0.1989393939393871,0.027575757575760917,0.5974242424242533,0.6901515151515163,0.7450000000000045,0.7857575757575788,0.7674242424242443,0.9559090909090919,-0.11367647058823531,-0.052205882352941164,0.18529411764705883,0.14441176470588232,0.3476470588235294,0.39176470588235296,0.38191176470588234,0.414264705882353,0.38397058823529406,0.4151470588235294,0.6729411764705882,0.7339705882352942
1964,-0.47000000000000597,-0.9460606060606089,-1.1436363636363645,-0.9530303030303102,-2.0565151515151605,-1.5289393939394031,-1.6513636363636337,-1.3283333333333296,-0.9154545454545371,-1.2063636363636299,-0.6659090909090963,-1.0353030303030337,0.438181818181814,0.017878787878792934,-0.3598484848484844,-1.0092424242424336,-1.3680303030303058,-1.262121212121201,-0.9251515151515157,-1.360757575757578,-0.95787878787878,-0.9830303030302971,-0.9792424242424218,-1.3230303030303077,-120.66987951807221,-135.38192771084346,114.74457831325304,-14.930120481927759,36.453012048192875,19.74337349397591,-7.035060240963851,39.46987951807227,-32.50963855421688,24.13373493975898,60.22048192771089,92.44337349397583,0.39924242424241996,0.2324242424242371,-0.1807575757575819,-0.17727272727272236,-0.2736363636363599,-0.5498484848484857,-0.6975757575757591,-0.8803030303030219,-1.2622727272727268,-1.1768181818181738,-1.3136363636363626,-1.1530303030302989,0.8075757575757443,0.5054545454545476,-0.1381818181818204,-0.6031818181818203,-0.7789393939393854,-0.9224242424242384,-0.9025757575757467,-1.0598484848484837,-1.1849999999999952,-1.134242424242423,-1.2325757575757557,-1.184090909090905,0.5863235294117647,0.24779411764705883,0.24529411764705883,-0.005588235294117672,-0.2923529411764706,-0.19823529411764707,-0.24808823529411766,-0.24573529411764705,-0.7060294117647059,-0.8248529411764707,-0.6470588235294118,-0.7960294117647059
1965,-0.5200000000000067,-0.03606060606060879,0.09636363636363754,1.0569696969696913,1.4834848484848386,1.2110606060605988,1.1286363636363674,1.3216666666666725,0.4745454545454635,0.42363636363636914,0.34409090909090523,0.35469696969696685,-0.811818181818186,-0.38212121212120564,-0.14984848484848357,0.09075757575756427,0.5019696969696916,0.6678787878787986,0.8048484848484847,1.0292424242424225,1.032121212121222,1.2069696969697006,1.2807575757575762,1.2369696969696946,-110.16987951807221,-27.98192771084348,221.24457831325304,-26.03012048192778,37.25301204819283,-41.956626506024094,-22.93506024096385,-49.73012048192773,-59.60963855421688,27.533734939758986,-93.97951807228911,-23.756626506024162,-0.590757575757582,-0.34757575757576475,-0.2807575757575833,-0.4572727272727235,-0.09363636363636019,0.22015151515151388,0.2724242424242398,0.5096969696969786,0.45772727272727565,0.6731818181818241,0.6563636363636363,0.5869696969697031,-0.7424242424242529,-0.37454545454545496,-0.2081818181818207,-0.16318181818182254,0.18106060606061192,0.4975757575757598,0.7574242424242534,1.0901515151515149,1.225000000000005,1.4657575757575785,1.3974242424242433,1.2959090909090918,-0.45367647058823535,-0.14220588235294118,0.0252941176470588,0.034411764705882336,0.07764705882352943,-0.22823529411764706,-0.43808823529411767,-0.24573529411764705,-0.05602941176470588,-0.2048529411764706,-0.3170588235294117,-0.28602941176470587
1966,0.5899999999999928,-0.07606060606060794,-0.8636363636363633,-0.9830303030303078,-1.1865151515151595,-1.1689393939394037,-1.0713636363636319,-0.818333333333328,-0.7454545454545389,-0.39636363636363114,-0.5759090909090965,-0.34530303030303244,1.0181818181818123,0.49787878787879336,0.12015151515151601,0.010757575757565974,-0.6580303030303085,-0.4421212121212008,-0.30515151515151473,-0.5407575757575778,-0.6778787878787789,-0.5130303030302983,-0.7092424242424222,-0.893030303030308,-6.369879518072196,-97.58192771084347,-138.35542168674695,-17.630120481927747,127.45301204819287,55.4433734939759,53.56493975903615,57.26987951807228,30.190361445783125,-81.56626506024101,147.7204819277109,2.5433734939758494,0.5692424242424181,0.6324242424242357,0.8892424242424184,0.3427272727272772,0.21636363636363853,0.29015151515151416,0.35242424242424164,0.10969696969697651,0.14772727272727337,0.0931818181818258,0.1363636363636367,-0.04303030303029942,1.1375757575757461,0.8254545454545479,0.9118181818181803,0.4868181818181796,-0.1289393939393868,0.15757575757575992,0.08742424242425173,-0.21984848484848385,-0.24499999999999744,-0.26424242424242195,-0.2725757575757548,-0.44409090909090665,-0.2536764705882353,-0.3422058823529412,-0.4747058823529412,0.014411764705882332,0.05764705882352944,0.5617647058823529,0.23191176470588237,-0.09573529411764706,-0.09602941176470589,-0.08485294117647059,0.19294117647058823,0.5639705882352941
1967,-0.6300000000000061,-0.2860606060606088,-0.8836363636363629,-0.43303030303031065,-0.3565151515151612,-0.738939393939404,-0.6913636363636328,-0.7983333333333285,-1.3554545454545384,-1.4263636363636287,-1.5059090909090962,-1.5553030303030333,-0.49181818181818926,-0.23212121212120707,-0.6598484848484851,-0.8192424242424359,-0.3080303030303071,-0.0521212121212038,-0.3951515151515146,-0.7507575757575786,-1.1678787878787809,-1.1130303030302997,-1.0592424242424237,-1.053030303030308,21.930120481927815,-26.48192771084348,123.74457831325304,185.1698795180722,-27.346987951807137,18.24337349397591,-34.43506024096385,-50.530120481927725,-66.50963855421688,-99.866265060241,-38.8795180722891,-96.65662650602417,-0.5407575757575813,-0.6475757575757619,-0.32075757575758246,-0.09727272727272407,-0.08363636363635862,-0.17984848484848825,-0.15757575757575992,-0.23030303030302335,-0.3222727272727255,-0.2068181818181749,-0.1936363636363616,-0.16303030303029686,-0.4724242424242533,-0.4845454545454544,-0.6781818181818196,-0.8131818181818211,-0.35893939393938723,-0.022424242424239793,-0.17257575757574628,-0.2998484848484857,-0.7249999999999979,-0.5942424242424238,-0.5125757575757568,-0.6240909090909064,0.23632352941176468,0.23779411764705882,-0.1147058823529412,-0.2655882352941177,-0.44235294117647056,-0.668235294117647,-0.6680882352941176,-0.4357352941176471,-0.37602941176470583,-0.6448529411764705,-0.41705882352941176,-0.1660294117647059
1968,-1.220000000000006,-0.9560606060606069,-1.1036363636363653,-1.2030303030303102,-1.3965151515151604,-1.0289393939394031,-0.4513636363636344,0.0016666666666722563,0.4745454545454635,-0.08636363636362887,-0.1359090909090952,0.23469696969696585,-1.2018181818181866,-1.3921212121212072,-1.2398484848484834,-0.7692424242424352,-0.8080303030303071,-0.09212121212120294,0.28484848484848513,0.19924242424242422,0.07212121212122113,0.12696969696970228,0.22075757575757748,0.5269696969696938,2.5301204819277814,-93.08192771084347,321.544578313253,-7.630120481927747,195.65301204819286,21.943373493975898,33.86493975903615,-11.230120481927727,169.59036144578312,-73.56626506024101,95.0204819277109,-24.656626506024168,-0.2507575757575786,-0.2675757575757629,-0.2407575757575806,-0.23727272727272464,-0.41363636363636047,0.05015151515151217,-0.06757575757576006,0.05969696969697935,0.047727272727275505,0.14318181818182651,0.4863636363636381,0.5769696969697016,-0.7924242424242536,-1.004545454545454,-0.9181818181818215,-0.5731818181818227,-0.4789393939393882,0.31757575757576006,0.3774242424242509,0.1901515151515163,0.05500000000000327,0.05575757575757834,0.5374242424242439,0.5959090909090925,-0.0936764705882353,-0.30220588235294116,-0.3447058823529412,-0.07558823529411766,-0.08235294117647056,0.021764705882352943,0.19191176470588234,0.16426470588235295,0.26397058823529407,0.4051470588235294,0.47294117647058825,0.46397058823529413
1969,0.16999999999999105,-0.23606060606060808,0.716363636363635,1.076969696969691,1.5334848484848393,1.1710606060605961,0.5586363636363672,0.06166666666667098,0.20454545454546036,0.7936363636363701,0.7440909090909038,0.7246969696969678,0.5881818181818126,0.4678787878787922,0.4401515151515163,0.4407575757575657,0.7719696969696912,0.5078787878787985,0.16484848484848413,0.38924242424242195,0.54212121212122,0.686969696969701,0.6807575757575783,0.7669696969696922,-21.96987951807222,-80.28192771084346,75.34457831325307,202.36987951807225,90.15301204819286,-9.25662650602409,18.96493975903614,-1.7301204819277274,-46.90963855421688,-29.26626506024101,-58.3795180722891,-38.05662650602417,0.9392424242424191,1.0424242424242358,0.6792424242424175,0.4627272727272782,0.3063636363636384,0.16015151515151516,0.022424242424239793,0.23969696969697907,0.46772727272727366,0.6131818181818254,0.5463636363636368,0.3869696969697003,0.8775757575757446,1.0454545454545467,0.6818181818181799,0.5468181818181783,0.5210606060606118,0.3075757575757585,0.07742424242425372,0.370151515151516,0.5350000000000037,0.7257575757575765,0.5474242424242455,0.5459090909090918,0.25632352941176473,0.46779411764705886,0.2952941176470588,0.2844117647058823,0.12764705882352945,-0.10823529411764707,-0.19808823529411765,-0.025735294117647058,-0.11602941176470588,-0.09485294117647058,-0.08705882352941177,-0.2260294117647059
1970,0.5599999999999916,-0.026060606060607228,-0.6736363636363656,-0.38303030303030994,-1.1165151515151592,-1.4089393939394022,-1.8313636363636334,-1.6183333333333287,-1.245454545454539,-0.86636363636363,-0.9759090909090951,-0.855303030303034,0.6181818181818137,0.2378787878787918,-0.14984848484848357,-0.14924242424243417,-0.518030303030308,-1.0521212121212038,-1.6351515151515166,-1.6007575757575765,-1.1378787878787797,-1.2030303030302996,-1.269242424242421,-1.1630303030303075,107.03012048192778,50.51807228915652,71.64457831325302,92.96987951807222,-47.14698795180715,25.843373493975903,-0.22506024096385602,-10.430120481927723,22.990361445783122,-12.266265060241011,8.820481927710887,-76.35662650602416,0.3892424242424184,0.47242424242423553,0.27924242424241896,0.26272727272727536,0.1763636363636394,0.060151515151513735,0.06242424242423894,-0.3203030303030232,-0.6422727272727258,-0.7268181818181745,-0.7336363636363643,-1.2030303030302996,0.46757575757574443,0.41545454545454774,0.1918181818181779,0.2368181818181796,-0.018939393939387372,-0.4424242424242415,-0.7825757575757493,-1.0898484848484848,-0.9849999999999959,-1.0642424242424227,-1.0425757575757544,-1.2240909090909078,-0.4036764705882353,-0.3222058823529412,-0.2847058823529412,-0.3455882352941177,-0.26235294117647057,-0.38823529411764707,-0.15808823529411764,-0.2757352941176471,-0.24602941176470589,-0.4248529411764706,-0.21705882352941178,-0.3760294117647059
1971,-1.0300000000000082,-1.1660606060606078,-0.9636363636363647,-0.3430303030303108,-0.7265151515151587,-1.1889393939394033,-0.7513636363636316,-1.0783333333333296,-1.1354545454545395,-1.0763636363636309,-0.6059090909090976,-0.865303030303032,-1.3518181818181887,-1.4021212121212052,-1.0898484848484848,-0.7892424242424347,-0.778030303030306,-0.9621212121212039,-0.865151515151517,-1.0507575757575758,-0.8478787878787806,-1.1530303030302989,-1.0592424242424237,-1.313030303030306,8.130120481927804,91.91807228915656,41.14457831325302,108.66987951807221,84.75301204819283,40.24337349397591,-32.53506024096385,-44.630120481927726,-32.70963855421688,71.233734939759,91.12048192771087,-125.45662650602416,-1.310757575757581,-1.017575757575763,-0.9407575757575835,-0.8972727272727248,-0.8636363636363598,-0.749848484848485,-0.8175757575757601,-0.8603030303030224,-1.0422727272727244,-0.8968181818181726,-0.663636363636364,-0.45303030303029956,-1.5624242424242532,-1.3645454545454534,-1.148181818181822,-0.9631818181818197,-0.7389393939393862,-0.9324242424242399,-0.8725757575757491,-0.8198484848484853,-0.8549999999999969,-1.0042424242424204,-0.8625757575757547,-1.0840909090909072,-0.0736764705882353,-0.04220588235294116,-0.14470588235294118,0.024411764705882327,0.17764705882352944,0.11176470588235296,-0.27808823529411764,-0.23573529411764707,-0.1860294117647059,-0.4148529411764706,-0.6970588235294118,-0.8260294117647059
1972,-0.15000000000000568,0.6939393939393916,0.6963636363636354,0.7669696969696922,0.8634848484848412,1.7110606060605988,2.0686363636363687,2.4216666666666704,1.3845454545454636,1.513636363636369,1.4240909090909035,1.7246969696969678,-0.5818181818181891,-0.3921212121212072,-0.14984848484848357,0.18075757575756413,0.41196969696969177,0.7078787878787978,1.2948484848484831,1.6492424242424235,1.4521212121212201,1.806969696969702,1.980757575757579,2.136969696969693,-81.96987951807222,106.01807228915652,-147.55542168674697,30.96987951807222,-64.84698795180714,19.343373493975903,5.06493975903615,-7.430120481927723,-0.8096385542168747,-16.866265060241005,-96.97951807228911,-50.65662650602417,-0.3607575757575816,-0.07757575757576518,0.03924242424241697,0.30272727272727806,0.39636363636363825,0.37015151515151246,0.3424242424242401,0.23969696969697907,0.3977272727272734,0.5831818181818242,0.7163636363636385,0.7969696969697004,-0.7524242424242544,-0.37454545454545496,-0.05818181818182211,0.2368181818181796,0.4910606060606142,0.6275757575757588,0.9674242424242507,1.1901515151515163,1.2850000000000037,1.6757575757575793,1.917424242424243,1.955909090909092,-0.1436764705882353,-0.12220588235294116,-0.2647058823529412,-0.03558823529411767,-0.10235294117647056,0.03176470588235294,0.20191176470588235,0.22426470588235295,0.20397058823529413,0.2551470588235294,0.42294117647058826,0.8539705882352941
1973,1.3299999999999912,0.4139393939393905,0.0663636363636364,-0.3030303030303081,-0.5765151515151601,-0.9789393939394024,-0.9113636363636317,-1.3283333333333296,-1.125454545454538,-1.0563636363636313,-0.9159090909090963,-0.8453030303030324,1.698181818181812,0.8978787878787919,0.3001515151515157,-0.4492424242424349,-0.8680303030303058,-0.972121212121202,-1.3251515151515143,-1.3407575757575785,-1.3678787878787801,-1.5230303030302998,-1.5792424242424232,-1.5330303030303085,-86.96987951807222,-0.981927710843479,-19.955421686746945,-118.53012048192778,208.25301204819283,-18.75662650602409,74.66493975903616,55.46987951807227,12.890361445783114,70.733734939759,137.92048192771088,1.1433734939758438,0.8392424242424212,0.6724242424242348,0.30924242424241655,-0.007272727272724211,-0.31363636363635905,-0.489848484848487,-0.6075757575757592,-0.8003030303030236,-0.9922727272727272,-1.2868181818181732,-1.543636363636363,-1.7130303030302976,1.6775757575757453,1.2154545454545485,0.5118181818181782,-0.11318181818182182,-0.6289393939393868,-0.8124242424242389,-1.1925757575757494,-1.2698484848484846,-1.4949999999999974,-1.7842424242424215,-2.142575757575756,-2.0340909090909065,0.7263235294117647,0.6577941176470588,0.5052941176470588,0.6944117647058823,0.8576470588235294,0.691764705882353,0.6219117647058824,0.5442647058823529,0.7239705882352941,0.6351470588235295,0.5229411764705882,0.36397058823529416
1974,-0.8500000000000085,-0.7960606060606104,-0.44363636363636516,-0.1530303030303095,0.0734848484848385,-0.4689393939394044,-0.36136363636363455,-0.34833333333332916,-0.4654545454545378,-0.8963636363636311,-0.7259090909090951,-1.0953030303030324,-1.4718181818181861,-1.0921212121212065,-0.7898484848484841,-0.5392424242424347,-0.5680303030303087,-0.5721212121212034,-0.35515151515151544,-0.19075757575757635,-0.42787878787877887,-0.7630303030302983,-0.8192424242424217,-0.7830303030303085,33.430120481927815,-78.78192771084346,-63.755421686746956,214.26987951807223,26.153012048192863,65.9433734939759,-2.6350602409638526,-26.430120481927727,-4.809638554216875,-86.66626506024102,24.120481927710898,65.34337349397586,-1.6307575757575812,-1.2075757575757642,-0.9307575757575819,-0.9972727272727226,-0.9836363636363608,-0.869848484848486,-0.7675757575757594,-0.49030303030302136,-0.7222727272727276,-0.8868181818181746,-0.8736363636363613,-0.8430303030303001,-1.8124242424242532,-1.4845454545454544,-1.2481818181818198,-1.0131818181818204,-1.0089393939393858,-0.9524242424242395,-0.712575757575749,-0.379848484848484,-0.44499999999999673,-0.7542424242424204,-0.8825757575757542,-0.7940909090909081,0.27632352941176475,0.07779411764705885,0.0652941176470588,0.2944117647058823,0.4176470588235294,0.37176470588235294,0.5319117647058823,0.38426470588235295,0.11397058823529413,0.07514705882352941,0.23294117647058823,0.07397058823529412
1975,-0.8600000000000065,-0.7060606060606069,-0.14363636363636445,-0.013030303030308943,-0.5965151515151597,-0.9589393939394029,-0.7013636363636344,-0.7983333333333285,-1.285454545454538,-1.6063636363636284,-1.9459090909090975,-1.6453030303030332,-0.32181818181818755,-0.6421212121212072,-0.7198484848484838,-0.3792424242424346,-0.7280303030303088,-1.0821212121212014,-0.9151515151515142,-0.8907575757575756,-1.1678787878787809,-1.3730303030302977,-1.299242424242422,-1.6230303030303084,49.83012048192779,83.01807228915652,84.84457831325307,-78.23012048192777,14.653012048192863,-8.3566265060241,134.56493975903612,3.4698795180722755,-36.80963855421688,-56.06626506024101,-70.8795180722891,-6.156626506024168,-0.4207575757575803,-0.23757575757576532,-0.44075757575758345,-0.5772727272727245,-0.673636363636362,-0.9098484848484851,-1.037575757575759,-1.2203030303030218,-1.6022727272727266,-1.6868181818181753,-1.6436363636363645,-1.5930303030303001,-0.31242424242425315,-0.5345454545454515,-0.8081818181818221,-0.6331818181818214,-0.7289393939393882,-1.1124242424242397,-1.0325757575757493,-1.249848484848485,-1.4549999999999983,-1.6142424242424234,-1.472575757575754,-1.7340909090909058,-0.1936764705882353,-0.25220588235294117,-0.2347058823529412,-0.17558823529411766,-0.032352941176470564,0.11176470588235296,-0.028088235294117646,-0.05573529411764706,-0.26602941176470585,-0.21485294117647058,-0.047058823529411764,-0.3760294117647059
1976,-0.8800000000000061,-0.44606060606060893,-0.21363636363636473,0.35696969696969205,0.7234848484848406,1.251060606060598,1.4786363636363653,0.9916666666666707,0.9345454545454608,0.5436363636363701,0.4240909090909035,0.5646969696969677,-1.6318181818181863,-1.0021212121212066,-0.5398484848484841,-0.47924242424243246,-0.14803030303030695,0.3778787878787959,0.47484848484848285,0.7392424242424234,0.7521212121212209,0.9569696969697006,0.8007575757575758,0.6569696969696928,14.630120481927804,269.91807228915656,146.14457831325302,-99.13012048192778,-141.44698795180716,-44.456626506024094,-36.03506024096385,-15.730120481927727,-43.70963855421688,11.933734939758992,-13.779518072289108,-43.45662650602415,-1.2407575757575806,-0.8575757575757628,-0.6307575757575812,-0.3972727272727248,-0.43363636363636004,-0.42984848484848825,-0.3075757575757585,-0.12030303030302036,-0.08227272727272705,0.33318181818182424,0.3163636363636364,0.016969696969702852,-1.7424242424242529,-1.134545454545453,-0.6081818181818228,-0.5931818181818223,-0.4489393939393871,-0.22242424242423908,-0.0225757575757477,0.17015151515151672,0.3350000000000044,0.8257575757575779,0.7274242424242452,0.6559090909090948,-0.47367647058823525,-0.4622058823529412,-0.5647058823529412,-0.7355882352941177,-0.7723529411764705,-0.658235294117647,-0.7180882352941177,-0.5157352941176471,-0.3460294117647059,-0.38485294117647056,-0.46705882352941175,-0.24602941176470589
1977,0.5099999999999945,-0.10606060606060908,-0.2336363636363643,-0.11303030303031036,-0.3865151515151588,-0.018939393939401583,-0.1813636363636313,-0.6183333333333287,-0.7554545454545369,-0.45636363636362987,-0.29590909090909534,-0.29530303030303173,0.8981818181818113,0.6178787878787944,0.4001515151515136,-0.33924242424243545,-0.03803030303030752,0.07787878787879876,-0.08515151515151587,-0.3007575757575758,0.00212121212122085,0.3169696969697,0.2807575757575762,0.3669696969696936,-82.96987951807222,-13.28192771084349,20.844578313253066,-43.53012048192778,8.653012048192863,-27.75662650602409,-51.235060240963854,-10.230120481927727,3.7903614457831196,79.733734939759,-86.0795180722891,7.543373493975849,0.11924242424241882,0.06242424242423539,0.03924242424241697,0.13272727272727636,0.006363636363641234,0.11015151515151445,0.35242424242424164,0.31969696969697736,0.4777272727272752,0.45318181818182524,0.45636363636363697,0.5769696969697016,0.847575757575747,0.5154545454545456,0.3718181818181776,-0.013181818181820404,0.16106060606061234,0.33757575757575964,0.3274242424242537,0.12015151515151601,0.38500000000000156,0.6457575757575782,0.6174242424242458,0.7559090909090926,-0.2536764705882353,-0.062205882352941166,-0.0847058823529412,-0.09558823529411767,-0.12235294117647057,-0.14823529411764705,-0.18808823529411767,-0.025735294117647058,0.003970588235294115,-0.12485294117647058,-0.09705882352941177,-0.1060294117647059
1978,0.03999999999999204,-0.11606060606060709,-0.6836363636363636,-0.5030303030303074,-0.8665151515151592,-0.8489393939394034,-0.7113636363636324,-0.9283333333333275,-0.6254545454545379,-0.7563636363636306,0.10409090909090324,0.17469696969696713,0.29818181818181344,0.12787878787879237,-0.21984848484848385,-0.6292424242424346,-0.7580303030303064,-0.6821212121212028,-0.6051515151515154,-0.8107575757575773,-0.587878787878779,-0.28303030303029786,-0.1492424242424235,0.0669696969696929,15.73012048192777,-72.18192771084347,92.84457831325307,-80.83012048192776,36.85301204819285,-16.8566265060241,39.86493975903615,-2.7301204819277274,87.79036144578312,4.533734939758986,-125.0795180722891,-93.75662650602416,0.529242424242419,0.32242424242423695,0.00924242424241939,-0.3072727272727249,-0.07363636363636061,-0.2198484848484874,-0.2975757575757605,-0.37030303030302036,-0.2522727272727252,-0.3268181818181759,-0.15363636363636246,-0.0030303030302967215,0.7175757575757444,0.42545454545454575,0.0018181818181801646,-0.4431818181818201,-0.3789393939393868,-0.4424242424242415,-0.41257575757574827,-0.6198484848484824,-0.5749999999999957,-0.3742424242424214,-0.24257575757575367,-0.03409090909090651,-0.2536764705882353,-0.35220588235294115,-0.5347058823529413,-0.7155882352941176,-0.7123529411764706,-0.528235294117647,-0.12808823529411764,-0.23573529411764707,-0.37602941176470583,-0.4148529411764706,-0.44705882352941173,-0.1960294117647059
1979,0.5599999999999916,-0.1360606060606102,-0.1836363636363636,0.20696969696968992,0.2634848484848398,0.3310606060605963,0.06863636363636871,0.1716666666666704,0.3845454545454636,0.513636363636369,0.1940909090909031,0.054696969696966136,-0.18181818181818699,-0.15212121212120522,0.18015151515151473,0.3607575757575674,0.28196969696969276,0.17787878787879663,-0.015151515151515582,0.23924242424242337,0.7121212121212217,0.5769696969697016,0.610757575757578,0.5469696969696933,78.53012048192778,-58.68192771084347,-25.35542168674698,46.26987951807223,51.15301204819286,-24.25662650602409,-55.735060240963854,37.869879518072274,9.990361445783122,142.133734939759,-20.879518072289102,49.04337349397585,0.20924242424241868,0.14242424242423724,0.08924242424241768,0.05272727272727806,0.006363636363641234,-0.019848484848488113,0.012424242424241783,-0.05030303030302363,0.10772727272727423,0.1631818181818261,0.3663636363636371,0.3269696969697016,-0.04242424242425358,-0.1145454545454534,0.22181818181817903,0.27681818181817874,0.09106060606061206,-0.0024242424242402194,-0.13257575757574713,0.06015151515151729,0.44500000000000384,0.24575757575757962,0.43742424242424605,0.5759090909090929,-0.2236764705882353,-0.30220588235294116,-0.3947058823529412,-0.05558823529411767,-0.0023529411764705577,0.04176470588235295,0.09191176470588236,0.23426470588235296,0.26397058823529407,0.015147058823529416,0.04294117647058823,-0.05602941176470588
1980,0.15999999999999304,-0.03606060606060879,0.336363636363636,0.30696969696969134,0.23348484848483864,0.0010606060605979906,-0.6513636363636337,-0.24833333333332774,-0.2154545454545378,-0.1863636363636303,-0.1259090909090972,-0.26530303030303415,0.6081818181818122,0.24787878787879336,0.03015151515151615,0.1107575757575674,0.2519696969696916,0.3778787878787959,0.03484848484848513,-0.08075757575757692,-0.007878787878780713,-0.23303030303029715,0.04075757575757777,0.15696969696969276,-97.66987951807221,-163.38192771084346,-49.755421686746956,-19.830120481927793,-165.64698795180715,7.643373493975901,-10.835060240963855,58.46987951807227,-13.409638554216883,62.233734939759,109.0204819277109,-71.35662650602416,0.44924242424242067,0.44242424242423795,0.30924242424241655,0.32272727272727764,0.4063636363636398,0.34015151515151487,0.31242424242423894,0.01969696969697665,0.02772727272727238,0.19318181818182723,0.14636363636363825,0.08696969696970314,0.6275757575757446,0.39545454545454817,0.1918181818181779,0.20681818181817846,0.36106060606061163,0.44757575757575907,0.287424242424251,-0.0498484848484857,-0.06499999999999773,-0.1042424242424218,0.027424242424245904,0.20590909090909193,-0.2136764705882353,-0.4022058823529412,-0.3447058823529412,-0.17558823529411766,-0.11235294117647057,-0.13823529411764707,-0.10808823529411765,-0.005735294117647061,0.08397058823529412,-0.06485294117647059,-0.26705882352941174,-0.6260294117647058
1981,-1.130000000000006,-0.7260606060606101,-0.0636363636363626,-0.32303030303030766,-0.3365151515151581,-0.17893939393940173,-0.5913636363636314,-0.6683333333333294,-0.30545454545453765,-0.13636363636362958,-0.07590909090909648,0.09469696969696884,-0.40181818181818585,-0.6121212121212061,-0.369848484848486,-0.23924242424243403,-0.2280303030303088,-0.1321212121212021,-0.30515151515151473,-0.49075757575757706,-0.09787878787878057,-0.023030303030299848,-0.1792424242424211,0.12696969696969163,-14.369879518072196,-79.48192771084348,-24.455421686746945,-54.73012048192777,2.853012048192852,57.143373493975915,14.664939759036145,170.6698795180723,124.49036144578311,-43.466265060241014,166.32048192771092,-77.55662650602417,-0.020757575757581748,-0.10757575757576276,-0.09075757575758203,-0.2572727272727242,-0.3236363636363606,-0.31984848484848527,-0.3675757575757608,-0.3903030303030235,-0.2022727272727245,-0.0768181818181759,-0.033636363636361466,0.036969696969702426,-0.13242424242425344,-0.4245454545454521,-0.3881818181818204,-0.23318181818181927,-0.2689393939393874,-0.17242424242423837,-0.3925757575757487,-0.33984848484848484,-0.12499999999999645,-0.14424242424242095,-0.21257575757575609,-0.04409090909090807,-0.33367647058823535,-0.5322058823529412,-0.7247058823529412,-0.5855882352941177,-0.4723529411764706,-0.2782352941176471,-0.27808823529411764,0.08426470588235294,0.17397058823529413,0.3151470588235294,0.24294117647058824,0.06397058823529411
1982,0.20999999999999375,-0.24606060606060964,-0.5936363636363637,-0.3330303030303092,0.0734848484848385,0.46106060606059884,0.6186363636363659,1.0116666666666738,1.5345454545454622,1.8936363636363716,2.9240909090909035,3.1546969696969676,0.42818181818181245,0.18787878787879464,0.1501515151515136,0.3207575757575647,0.6819696969696913,0.777878787878798,0.6148484848484834,1.019242424242421,1.8221212121212211,2.2869696969697024,2.5107575757575766,2.856969696969692,58.430120481927815,-73.48192771084348,124.04457831325306,-53.63012048192775,28.453012048192875,-70.2566265060241,-0.8350602409638554,-41.630120481927726,18.690361445783125,-65.466265060241,-47.97951807228911,148.34337349397586,0.11924242424241882,0.07242424242423695,0.2592424242424194,0.4927272727272758,0.5463636363636404,0.6101515151515144,0.35242424242424164,0.3596969696969765,0.4977272727272748,0.7731818181818255,0.6763636363636358,0.6669696969697014,0.31757575757574585,-0.014545454545451975,0.33181818181817846,0.47681818181817803,0.6710606060606139,0.7375757575757582,0.5774242424242537,0.8801515151515176,1.5350000000000037,1.9957575757575796,2.0174242424242443,2.265909090909094,-0.03367647058823531,-0.2622058823529412,-0.2947058823529412,-0.41558823529411765,-0.44235294117647056,-0.5082352941176471,-0.48808823529411766,-0.605735294117647,-0.3360294117647059,-0.14485294117647057,-0.29705882352941176,-0.2060294117647059
1983,2.789999999999992,2.2839393939393915,2.746363636363636,3.516969696969692,4.01348484848484,4.281060606060596,3.988636363636367,3.1016666666666737,1.744545454545463,1.3536363636363689,0.8040909090909025,0.504696969696969,2.8981818181818113,2.307878787878792,1.7601515151515166,1.6907575757575657,1.8919696969696922,1.6778787878787966,1.0848484848484858,0.9392424242424227,0.412121212121221,-0.193030303030298,-0.6092424242424208,-0.45303030303030667,-247.0698795180722,-168.18192771084347,106.94457831325303,-117.83012048192776,-60.14698795180715,-6.756626506024091,65.46493975903614,81.46987951807228,25.990361445783122,84.733734939759,-101.27951807228911,152.34337349397586,0.5792424242424197,0.5424242424242358,0.3992424242424164,0.26272727272727536,0.33636363636363953,0.19015151515151274,0.032424242424241356,-0.08030303030302122,-0.33227272727272705,-0.5168181818181736,-0.6036363636363618,-0.5430303030302994,2.2975757575757463,1.9754545454545465,1.5318181818181777,1.1768181818181773,1.1010606060606136,0.7375757575757582,0.06742424242425216,-0.02984848484848257,-0.274999999999995,-0.7842424242424215,-0.9225757575757569,-0.7340909090909058,0.26632352941176474,0.30779411764705883,-0.2247058823529412,-0.31558823529411767,-0.5223529411764706,-0.5082352941176471,-0.35808823529411765,-0.11573529411764706,0.013970588235294117,-0.11485294117647059,0.04294117647058823,0.35397058823529415
1984,-0.010000000000008669,-0.43606060606060737,-0.19363636363636516,0.18696969696969035,-0.47651515151515866,-0.498939393939402,-0.17136363636363328,-0.17833333333332746,0.1545454545454632,-0.12636363636362802,0.1140909090909048,-0.07530303030303287,-0.26181818181818883,0.13787878787879393,0.03015151515151615,-0.16924242424243374,-0.5680303030303087,-0.8021212121212038,-0.48515151515151445,-0.22075757575757748,-0.20787878787878,-0.4930303030302987,-0.7792424242424225,-1.0030303030303074,-11.669879518072207,65.31807228915653,-87.85542168674695,23.06987951807224,40.25301204819283,-11.956626506024094,24.364939759036147,9.669879518072271,62.29036144578312,12.133734939758995,-70.3795180722891,-71.65662650602417,-0.48075757575757905,-0.3975757575757619,-0.5107575757575802,-0.5572727272727249,-0.5036363636363603,-0.4198484848484867,-0.31757575757576006,-0.30030303030302363,-0.16227272727272535,-0.3568181818181735,-0.5836363636363622,-0.6030303030302981,-0.4424242424242557,0.01545454545454561,-0.2081818181818207,-0.35318181818182026,-0.36893939393938524,-0.5224242424242398,-0.222575757575747,-0.10984848484848442,-0.22499999999999787,-0.4942424242424224,-1.0225757575757548,-1.1540909090909075,0.6163235294117647,0.5877941176470589,0.7052941176470588,0.43441176470588233,0.18764705882352944,0.40176470588235297,0.5019117647058824,0.7342647058823529,0.8139705882352941,0.5551470588235294,0.29294117647058826,0.2139705882352941
1985,-0.46000000000000796,-0.7460606060606096,-0.4336363636363636,-1.013030303030309,-1.2365151515151602,-0.7289393939394024,-0.9313636363636313,-0.8683333333333287,-0.7354545454545374,-0.6063636363636284,-0.41590909090909634,-0.04530303030303173,-0.921818181818189,-0.5621212121212054,-0.5898484848484848,-0.7292424242424325,-0.6580303030303085,-0.6721212121212012,-0.7651515151515156,-0.6807575757575783,-0.6878787878787804,-0.5830303030302986,-0.519242424242421,-0.5630303030303061,-9.969879518072219,42.418072289156555,-30.35542168674698,-164.93012048192776,114.75301204819283,44.74337349397591,34.76493975903615,9.969879518072275,-7.309638554216875,50.63373493975898,-33.8795180722891,171.64337349397582,-0.34075757575758203,-0.4575757575757642,-0.6007575757575836,-0.6472727272727248,-0.6636363636363605,-0.6498484848484871,-0.25757575757576134,-0.18030303030302264,-0.23227272727272563,-0.056818181818172775,-0.033636363636361466,0.056969696969702,-0.8524242424242523,-0.4745454545454528,-0.5381818181818225,-0.8031818181818196,-0.6789393939393875,-0.6224242424242412,-0.38257575757574713,-0.33984848484848484,-0.514999999999997,-0.2942424242424231,-0.17257575757575694,-0.2340909090909058,0.25632352941176473,0.45779411764705885,0.05529411764705881,0.08441176470588233,0.16764705882352943,-0.018235294117647058,0.22191176470588236,0.06426470588235295,-0.006029411764705884,0.23514705882352943,0.22294117647058823,0.2539705882352941
1986,0.19999999999999218,0.13393939393939291,-0.3536363636363653,-0.5130303030303089,-0.8065151515151605,-0.7889393939394012,-0.3313636363636334,0.14166666666667282,0.5245454545454606,0.41363636363637113,0.4940909090909038,0.7446969696969674,-0.6518181818181858,-0.30212121212120735,-0.09984848484848641,-0.07924242424243388,-0.32803030303030667,-0.20212121212120238,0.0548484848484847,0.2292424242424218,0.37212121212122184,0.5869696969697031,0.8007575757575758,0.9069696969696928,-12.569879518072185,19.21807228915651,-6.855421686746979,-30.73012048192777,-28.046987951807154,-3.3566265060240994,115.26493975903615,-51.530120481927725,-2.109638554216886,103.53373493975899,151.0204819277109,27.143373493975844,0.019242424242420952,-0.03757575757576248,0.00924242424241939,-0.11727272727272364,-0.023636363636359903,0.08015151515151331,0.2024242424242395,0.4696969696969795,0.5377272727272739,0.5731818181818262,0.6463636363636382,0.5469696969697004,-0.402424242424253,-0.45454545454545325,-0.16818181818182154,-0.023181818181821967,-0.14893939393938638,-0.022424242424239793,0.08742424242425173,0.43015151515151473,0.6750000000000043,0.8857575757575766,0.9974242424242448,1.0859090909090945,0.1363235294117647,0.4077941176470588,0.2952941176470588,0.21441176470588236,0.18764705882352944,0.3517647058823529,0.14191176470588235,0.17426470588235293,0.2739705882352941,0.10514705882352943,-0.18705882352941178,-0.016029411764705886
1987,1.249999999999993,1.133939393939393,1.6963636363636354,1.486969696969691,1.5934848484848416,1.1910606060605957,1.2986363636363656,1.0916666666666721,1.2845454545454622,1.7136363636363718,1.2540909090909018,0.7846969696969666,1.1281818181818117,1.2178787878787922,1.2401515151515135,1.1007575757575658,1.0819696969696935,1.0678787878787972,1.3048484848484847,1.5592424242424237,1.7221212121212197,1.3369696969697031,1.1707575757575768,1.1569696969696928,11.830120481927793,13.418072289156555,-33.655421686746934,-19.03012048192778,-63.84698795180714,-77.9566265060241,-47.93506024096385,23.66987951807227,-8.609638554216886,-64.76626506024101,-42.479518072289096,-24.556626506024173,0.4892424242424198,0.6524242424242352,0.6692424242424195,0.5227272727272769,0.5463636363636404,0.7301515151515119,0.7424242424242387,0.7996969696969778,0.9777272727272752,1.033181818181827,1.0463636363636368,0.9469696969697026,1.2175757575757444,1.2654545454545456,1.2818181818181777,1.0068181818181792,0.8110606060606145,1.0175757575757594,1.3574242424242513,1.6301515151515176,1.6850000000000023,1.3957575757575782,1.197424242424244,1.0259090909090922,-0.0436764705882353,0.017794117647058835,0.0752941176470588,-0.02558823529411767,0.20764705882352946,0.36176470588235293,0.45191176470588235,0.39426470588235296,0.2939705882352941,0.3851470588235294,0.6129411764705882,0.35397058823529415
1988,0.4399999999999942,-0.046060606060610354,-0.39363636363636445,-0.3430303030303108,-0.5665151515151585,-1.0889393939394019,-1.1213636363636326,-1.0983333333333292,-0.8954545454545375,-0.876363636363628,-0.6359090909090952,-0.5353030303030337,0.938181818181814,0.2778787878787945,0.1501515151515136,-0.2092424242424329,-0.9280303030303081,-1.5621212121212018,-1.6451515151515146,-1.2607575757575766,-0.8778787878787782,-1.2930303030302994,-1.3692424242424224,-1.3330303030303057,-9.969879518072219,270.31807228915653,-45.655421686746934,-55.53012048192778,66.05301204819284,122.9433734939759,13.664939759036145,-17.530120481927725,37.390361445783114,0.4337349397589918,56.1204819277109,192.34337349397586,0.8292424242424197,0.6124242424242361,0.3292424242424197,-0.01727272727272222,-0.35363636363636175,-0.5598484848484873,-0.5775757575757616,-0.29030303030302207,-0.4922727272727272,-1.2568181818181756,-1.3936363636363645,-1.3630303030302997,0.977575757575746,0.4054545454545462,0.21181818181817746,-0.12318181818181984,-0.8289393939393861,-1.3224242424242405,-1.4325757575757478,-1.0598484848484837,-0.894999999999996,-1.6642424242424205,-1.8225757575757555,-1.7240909090909078,0.5663235294117647,0.5977941176470589,0.6852941176470588,0.5244117647058824,0.6376470588235295,0.6717647058823529,0.41191176470588237,0.4642647058823529,0.2739705882352941,0.3351470588235294,0.12294117647058825,0.1539705882352941
1989,-0.1200000000000081,0.10393939393939178,0.05636363636363484,-0.03303030303030852,-0.796515151515159,-0.748939393939402,-0.49136363636363356,-0.16833333333332945,-0.4454545454545382,-0.16636363636363072,0.04409090909090452,-0.11530303030303202,-1.1418181818181878,-0.7421212121212086,-0.7798484848484861,-0.5992424242424335,-0.4780303030303088,-0.0521212121212038,-0.23515151515151445,-0.22075757575757748,-0.12787878787877816,-0.23303030303029715,-0.3592424242424208,-0.2330303030303078,12.330120481927793,141.31807228915653,-59.05542168674697,60.56987951807224,323.4530120481929,78.3433734939759,88.86493975903615,-37.33012048192772,63.190361445783125,74.53373493975899,155.62048192771087,0.3433734939758324,-1.3607575757575816,-1.167575757575765,-0.8307575757575805,-0.6272727272727252,-0.3936363636363609,-0.5998484848484864,-0.46757575757575864,-0.3903030303030235,-0.1722727272727269,-0.14681818181817263,-0.24363636363636232,0.12696969696970228,-1.7124242424242553,-1.2745454545454535,-0.9881818181818218,-0.8631818181818218,-0.5989393939393857,-0.3824242424242392,-0.3225757575757484,-0.31984848484848527,-0.19499999999999673,-0.26424242424242195,-0.3425757575757551,0.00590909090909264,0.3463235294117647,0.16779411764705884,0.2652941176470588,0.2244117647058823,0.25764705882352945,0.25176470588235295,0.21191176470588236,0.3542647058823529,0.1839705882352941,0.24514705882352944,-0.07705882352941176,-0.28602941176470587
1990,-0.14000000000000767,0.32393939393939064,0.016363636363635692,-0.3030303030303081,-0.18651515151515952,-0.17893939393940173,-0.4513636363636344,-0.19833333333332703,-0.47545454545453936,-0.45636363636362987,-0.2559090909090962,-0.02530303030303216,-0.08181818181818912,0.19787878787879265,-0.10984848484848442,0.13075757575756697,0.3819696969696942,0.21787878787879933,0.22484848484848285,0.23924242424242337,0.2721212121212204,0.06696969696970001,-0.009242424242422942,0.09696969696969404,-45.369879518072196,-85.68192771084347,-12.055421686746968,-73.83012048192776,12.953012048192846,-16.8566265060241,45.46493975903614,19.16987951807227,-50.40963855421688,-55.06626506024101,-53.8795180722891,-52.45662650602415,0.3792424242424204,0.5324242424242378,0.4992424242424178,0.33272727272727565,0.19636363636363896,0.22015151515151388,0.41242424242424036,0.5496969696969778,0.5077272727272728,0.633181818181825,0.6163636363636371,0.6969696969697026,0.1575757575757457,0.29545454545454675,0.18181818181817988,0.2368181818181796,0.26106060606061376,0.12757575757575879,0.3274242424242537,0.33015151515151686,0.3350000000000044,0.4057575757575762,0.2274242424242452,0.43590909090909236,-0.4036764705882353,0.06779411764705884,0.23529411764705882,0.2844117647058823,-0.13235294117647056,0.021764705882352943,-0.15808823529411764,-0.16573529411764706,-0.09602941176470589,0.06514705882352942,0.15294117647058825,0.1839705882352941
1991,-0.10000000000000853,0.09393939393939021,0.1863636363636374,0.026969696969690204,-0.026515151515159374,0.16106060606059813,0.6686363636363666,0.551666666666673,0.7345454545454615,0.8336363636363693,0.8440909090909052,0.9646969696969663,0.2681818181818123,0.11787878787879436,0.020151515151514587,0.2507575757575644,0.5119696969696932,0.8278787878787988,0.9848484848484844,0.7592424242424229,0.4721212121212197,0.7669696969697029,1.0507575757575758,1.2769696969696938,-1.1698795180722072,-51.881927710843456,-2.0554216867469677,32.66987951807221,90.55301204819284,31.74337349397591,105.26493975903615,2.2698795180722726,-34.20963855421688,-31.666265060241003,-132.8795180722891,-81.85662650602416,0.7392424242424198,0.6724242424242348,0.539242424242417,0.5827272727272756,0.6663636363636414,0.640151515151512,0.7624242424242418,0.7696969696969767,0.6777272727272745,0.9131818181818261,0.8863636363636367,0.9069696969696999,0.597575757575747,0.47545454545454646,0.25181818181818016,0.47681818181817803,0.5010606060606122,0.6775757575757595,0.907424242424252,0.9301515151515147,0.6550000000000047,1.0357575757575788,1.317424242424245,1.6859090909090924,0.05632352941176469,-0.0022058823529411686,0.05529411764705881,0.24441176470588233,0.4176470588235294,0.38176470588235295,0.0019117647058823559,-0.36573529411764705,-0.38602941176470584,-0.3948529411764706,-0.35705882352941176,-0.11602941176470588
1992,0.7399999999999913,0.9939393939393923,1.3563636363636355,1.95696969696969,2.0734848484848385,1.0910606060605978,0.3286363636363667,0.1716666666666704,0.4245454545454628,0.38363636363637,0.20409090909090466,0.1946969696969667,1.4081818181818129,1.2478787878787934,1.0701515151515153,1.2707575757575675,1.3319696969696935,0.8378787878787968,0.23484848484848442,0.15924242424242152,0.10212121212121872,-0.04303030303029942,-0.10924242424242081,-0.023030303030306953,-43.16987951807221,-12.981927710843479,36.544578313253055,-91.63012048192778,-112.84698795180715,-45.1566265060241,21.664939759036145,47.16987951807227,16.79036144578312,-23.666265060241003,-99.5795180722891,45.84337349397586,0.7992424242424185,0.952424242424236,0.7692424242424174,0.6827272727272771,0.5863636363636395,0.49015151515151345,0.5924242424242401,0.5096969696969786,0.3577272727272742,0.26318181818182396,0.2563636363636377,0.3869696969697003,1.8775757575757446,1.8154545454545463,1.4618181818181775,1.3868181818181782,1.211060606060613,0.9175757575757615,0.5774242424242537,0.3101515151515173,0.1650000000000027,-0.004242424242420384,0.01742424242424434,0.1459090909090932,-0.33367647058823535,-0.3222058823529412,-0.4847058823529412,-0.6355882352941176,-0.7323529411764707,-0.8582352941176471,-0.6480882352941176,-0.6957352941176471,-0.5860294117647059,-0.5548529411764707,-0.8070588235294118,-0.39602941176470585
1993,0.26999999999999247,0.5439393939393931,0.6263636363636351,1.1769696969696923,1.1834848484848415,1.1110606060605974,0.8386363636363683,0.6116666666666717,0.4245454545454628,0.6936363636363687,0.5240909090909049,0.384696969696968,0.12818181818181174,0.5478787878787941,0.5501515151515157,1.0307575757575655,1.2519696969696916,0.6678787878787986,0.40484848484848257,0.2992424242424221,0.3621212121212203,0.3569696969697027,0.2007575757575779,0.2569696969696942,156.8301204819278,341.7180722891565,-81.95542168674694,60.06987951807224,-134.84698795180714,-44.6566265060241,-34.03506024096385,-5.430120481927723,-51.30963855421688,-11.266265060241011,85.5204819277109,31.54337349397585,0.5792424242424197,0.3524242424242381,0.30924242424241655,0.33272727272727565,0.32636363636363797,0.36015151515151445,0.41242424242424036,0.4196969696969788,0.5177272727272744,0.2731818181818255,0.3763636363636387,0.39696969696970186,0.347575757575747,0.5354545454545452,0.59181818181818,0.96681818181818,1.081060606060614,0.6875757575757611,0.407424242424252,0.240151515151517,0.49500000000000455,0.35575757575757905,0.2274242424242452,0.3259090909090929,-0.31367647058823533,-0.19220588235294117,-0.1747058823529412,0.13441176470588234,-0.042352941176470565,-0.08823529411764705,0.0019117647058823559,0.004264705882352941,0.4139705882352941,0.6551470588235293,0.7329411764705882,0.46397058823529413
1994,0.22999999999999332,0.05393939393939107,-0.4236363636363656,-0.6030303030303088,-0.46651515151516065,-0.4289393939394017,-0.4613636363636324,-0.5383333333333269,-0.025454545454536515,0.9036363636363696,0.7440909090909038,1.014696969696967,0.3881818181818133,0.13787878787879393,-0.10984848484848442,-0.019242424242435163,0.21196969696969248,0.16787878787879862,-0.025151515151517145,-0.030757575757576205,0.08212121212121914,0.6169696969697007,0.9507575757575779,0.976969696969693,91.43012048192782,123.81807228915653,-51.755421686746956,-51.53012048192778,-57.44698795180716,19.043373493975906,-35.63506024096385,43.56987951807228,-10.609638554216879,-19.26626506024101,36.520481927710904,2.743373493975838,0.3792424242424204,0.17242424242423482,0.3392424242424177,0.38272727272727636,0.4163636363636414,0.510151515151513,0.7624242424242418,0.9796969696969775,0.8077272727272735,0.9031818181818245,1.0063636363636377,1.0869696969697031,0.3375757575757454,0.29545454545454675,0.3018181818181773,0.5168181818181807,0.5710606060606125,0.4875757575757582,0.4574242424242527,0.6501515151515171,0.4350000000000023,0.7657575757575792,1.2074242424242456,1.3359090909090945,0.25632352941176473,0.05779411764705883,0.1552941176470588,0.11441176470588232,0.037647058823529436,-0.23823529411764705,-0.30808823529411766,-0.20573529411764707,-0.17602941176470588,-0.08485294117647059,0.06294117647058824,0.16397058823529412
1995,0.9799999999999933,0.3439393939393902,-0.05363636363636459,-0.6530303030303095,-0.6565151515151584,-0.4289393939394017,-0.481363636363632,-0.29833333333332845,-0.1454545454545375,-0.27636363636363015,0.05409090909090253,-0.47530303030303145,0.948181818181812,0.5978787878787948,0.14015151515151558,-0.06924242424243587,-0.24803030303030837,-0.09212121212120294,-0.17515151515151572,-0.6007575757575765,-0.7778787878787803,-0.7030303030302996,-0.7992424242424221,-0.7630303030303054,6.330120481927793,-143.68192771084347,-9.855421686746979,170.26987951807223,-14.146987951807148,0.8433734939759034,8.264939759036153,-18.930120481927723,-0.8096385542168747,-30.066265060241008,141.2204819277109,-59.25662650602416,0.9592424242424187,0.952424242424236,0.8892424242424184,0.6727272727272755,0.6063636363636391,0.4001515151515136,0.31242424242423894,0.1496969696969792,-0.02227272727272478,-0.08681818181817391,-0.22363636363636274,-0.2530303030302967,1.1575757575757457,0.875454545454545,0.6118181818181796,0.5168181818181807,0.21106060606061305,0.1775757575757595,0.017424242424251446,-0.28984848484848413,-0.5849999999999973,-0.7142424242424212,-0.8725757575757562,-0.7840909090909065,0.3363235294117647,0.5477941176470589,0.6552941176470588,0.5444117647058824,0.5176470588235293,0.581764705882353,0.3019117647058823,-0.10573529411764707,-0.06602941176470589,-0.08485294117647059,0.10294117647058823,-0.036029411764705886
1996,-0.3900000000000077,-0.10606060606060908,0.0663636363636364,-1.0930303030303108,-0.8365151515151581,-1.2689393939394016,-0.851363636363633,-0.6683333333333294,-0.3354545454545388,-0.36636363636363,-0.8159090909090949,-0.855303030303034,-0.5418181818181864,-0.4721212121212055,-0.2298484848484854,-0.39924242424243417,-0.34803030303030624,-0.40212121212120167,-0.28515151515151516,-0.17075757575757677,-0.2678787878787787,-0.34303030303030013,-0.37924242424242394,-0.7530303030303074,291.63012048192775,-18.081927710843445,26.844578313253066,118.26987951807223,-104.14698795180715,78.9433734939759,-51.735060240963854,11.869879518072274,40.79036144578312,74.93373493975899,-7.7795180722891075,-77.55662650602417,-0.20075757575758146,-0.2575757575757649,-0.14075757575758274,-0.19727272727272194,-0.13363636363635933,-0.05984848484848726,-0.0575757575757585,0.08969696969697694,-0.0022727272727252057,-0.006818181818175617,0.04636363636363683,0.11696969696970072,-0.652424242424253,-0.634545454545453,-0.42818181818181955,-0.1331818181818214,-0.038939393939386946,-0.05242424242424093,-0.08257575757574642,0.0001515151515150137,-0.19499999999999673,-0.19424242424242166,-0.24257575757575367,-0.4540909090909082,0.11632352941176469,0.3677941176470588,0.3852941176470588,0.5844117647058824,0.6976470588235295,0.8117647058823529,0.6119117647058824,0.3142647058823529,0.10397058823529412,0.08514705882352941,0.10294117647058823,-0.09602941176470589
1997,-0.47000000000000597,0.2839393939393915,0.8163636363636364,1.076969696969691,2.143484848484839,2.961060606060599,3.5086363636363664,3.7916666666666714,3.8945454545454616,3.783636363636372,4.184090909090905,4.264696969696967,-0.6018181818181887,-0.49212121212120863,-0.1798484848484847,0.13075757575756697,0.8419696969696915,1.5678787878787972,2.0648484848484827,2.5292424242424225,2.762121212121219,3.086969696969703,3.2607575757575766,3.256969696969694,-59.06987951807221,68.81807228915653,223.64457831325302,0.5698795180722414,20.55301204819284,-96.6566265060241,-68.63506024096385,58.369879518072274,-32.70963855421688,-50.16626506024101,11.520481927710904,41.74337349397584,0.23924242424241982,0.38242424242423567,0.4592424242424187,0.8527272727272752,0.7563636363636412,0.5901515151515149,0.8024242424242409,0.8096969696969794,0.9077272727272749,0.8631818181818254,0.8963636363636382,0.806969696969702,-0.36242424242425386,-0.21454545454545482,-0.15818181818181998,0.3568181818181806,0.7310606060606126,1.2275757575757602,1.5674242424242522,1.9101515151515152,2.1550000000000047,2.405757575757576,2.447424242424244,2.355909090909094,-0.2836764705882353,-0.4022058823529412,-0.5547058823529412,-0.5655882352941177,-0.6123529411764705,-0.7282352941176471,-0.31808823529411767,-0.12573529411764706,0.1839705882352941,0.6551470588235293,0.7729411764705882,0.9939705882352942
1998,3.5999999999999943,2.9539393939393896,2.866363636363637,2.8069696969696913,2.92348484848484,2.3710606060605954,1.5586363636363672,1.2016666666666715,0.6245454545454621,0.6736363636363691,0.06409090909090409,0.254696969696969,3.098181818181814,2.4978787878787934,2.0601515151515137,1.8407575757575643,1.6219696969696926,0.6578787878787971,0.03484848484848513,-0.3007575757575758,-0.6478787878787813,-0.563030303030299,-0.43924242424242266,-0.7330303030303078,22.930120481927815,-103.98192771084348,-100.45542168674694,96.96987951807222,41.75301204819283,61.04337349397589,23.364939759036147,-11.330120481927729,42.390361445783114,-37.56626506024101,-17.179518072289113,-28.756626506024162,0.8092424242424201,0.7924242424242358,0.4692424242424167,0.13272727272727636,0.14636363636363825,-0.12984848484848754,-0.23757575757575822,-0.44030303030302065,-0.4522727272727245,-0.866818181818175,-1.0336363636363615,-1.1830303030303,2.4075757575757457,2.0654545454545463,1.4918181818181786,1.066818181818178,0.8410606060606121,-0.022424242424239793,-0.6325757575757471,-0.9698484848484838,-0.9749999999999979,-1.1242424242424214,-1.092575757575755,-1.4040909090909075,0.6563235294117646,0.6777941176470588,0.6052941176470588,0.47441176470588237,0.46764705882352947,0.601764705882353,0.8019117647058823,0.5542647058823529,0.38397058823529406,0.1751470588235294,0.30294117647058827,0.07397058823529412
1999,-0.23000000000000753,-0.1660606060606078,-0.07363636363636417,-0.7630303030303089,-0.41651515151515994,-0.5489393939394027,-0.07136363636363185,-0.048333333333328454,-0.7854545454545381,-0.6663636363636307,-1.065909090909095,-0.46530303030303344,-0.8318181818181891,-0.5121212121212082,-0.20984848484848584,-0.4492424242424349,-0.4780303030303088,-0.6421212121212037,-0.5651515151515163,-0.6207575757575761,-0.8178787878787794,-1.0330303030302979,-1.2292424242424218,-1.2830303030303085,131.93012048192782,-14.881927710843456,-78.05542168674697,110.96987951807222,213.75301204819283,43.143373493975915,-43.335060240963855,-12.530120481927725,25.590361445783117,21.233734939759003,32.72048192771089,-21.45662650602415,-1.2907575757575813,-1.2075757575757642,-0.8807575757575812,-0.6972727272727219,-0.553636363636361,-0.5598484848484873,-0.6375757575757603,-0.5803030303030212,-0.4922727272727272,-0.5268181818181752,-0.8236363636363642,-0.9930303030302987,-1.392424242424255,-1.0645454545454527,-0.6781818181818196,-0.6831818181818221,-0.7389393939393862,-0.8924242424242408,-0.8225757575757484,-0.9398484848484827,-0.8149999999999977,-0.9742424242424228,-1.3225757575757555,-1.4840909090909058,0.0663235294117647,-0.012205882352941164,0.24529411764705883,0.38441176470588234,0.45764705882352946,0.43176470588235294,0.5919117647058824,0.514264705882353,0.2139705882352941,0.24514705882352944,0.3129411764705883,0.3239705882352941
2000,-0.6100000000000065,-0.4060606060606098,-0.4236363636363656,-0.0030303030303073797,-0.04651515151515895,-0.238939393939404,-0.21136363636363242,-0.5983333333333292,-0.05545454545453765,-0.10636363636362844,-0.7359090909090966,-0.5753030303030329,-1.3418181818181871,-0.8121212121212054,-0.2798484848484861,0.010757575757565974,-0.16803030303030653,-0.39212121212120365,-0.4451515151515153,-0.3807575757575776,-0.24787878787877915,-0.30303030303029743,-0.45924242424242223,-0.40303030303030596,70.53012048192778,68.71807228915651,29.444578313253032,225.1698795180722,-59.046987951807154,-57.956626506024094,-27.835060240963855,86.86987951807228,144.89036144578313,-63.866265060241005,-1.079518072289119,-27.45662650602415,-0.9407575757575799,-1.0875757575757632,-1.1007575757575836,-0.9372727272727239,-0.7636363636363619,-0.5098484848484865,-0.2775757575757609,-0.24030303030302136,-0.18227272727272492,-0.29681818181817476,-0.45363636363636317,-0.6230303030302977,-1.522424242424254,-1.2845454545454515,-0.8381818181818197,-0.6431818181818194,-0.5689393939393881,-0.5224242424242398,-0.43257575757574784,-0.3598484848484844,-0.3549999999999969,-0.5942424242424238,-0.6425757575757558,-0.7240909090909078,0.14632352941176469,0.32779411764705885,0.31529411764705884,0.3044117647058823,0.21764705882352942,0.14176470588235296,0.10191176470588234,0.16426470588235295,-0.006029411764705884,0.06514705882352942,0.05294117647058824,-0.04602941176470589
2001,-0.26000000000000867,-0.15606060606060979,0.47636363636363654,0.5769696969696909,-0.19651515151516108,-0.20893939393940286,-0.37136363636363257,-0.6083333333333272,-0.6454545454545375,-0.7563636363636306,-0.5059090909090962,-0.6353030303030316,-0.17181818181818898,-0.012121212121208202,0.23015151515151544,0.14075757575756498,0.16196969696969177,0.047878787878797624,0.014848484848485555,-0.0707575757575789,-0.37787878787877816,-0.28303030303029786,-0.519242424242421,-0.4830303030303078,68.73012048192777,-56.18192771084347,-94.45542168674694,-122.03012048192778,-0.04698795180715365,57.9433734939759,-38.03506024096385,-38.23012048192773,14.990361445783122,-82.966265060241,-115.77951807228911,-6.756626506024162,-0.6307575757575812,-0.547575757575764,-0.3607575757575816,-0.2072727272727235,-0.05363636363636104,0.24015151515151345,0.4724242424242391,0.5096969696969786,0.6077272727272742,0.5531818181818267,0.3763636363636387,0.2869696969697024,-0.5424242424242536,-0.39454545454545453,-0.22818181818182026,-0.19318181818182012,-0.038939393939386946,0.06757575757576006,0.19742424242425116,0.09015151515151487,0.015000000000004121,0.0257575757575772,-0.16257575757575538,-0.32409090909090565,0.0963235294117647,0.10779411764705885,0.2052941176470588,0.31441176470588234,0.3976470588235294,0.30176470588235293,0.10191176470588234,0.10426470588235295,0.08397058823529412,0.16514705882352942,0.14294117647058824,-0.026029411764705884
2002,-0.22000000000000597,0.4739393939393928,0.8963636363636347,0.6669696969696908,0.8834848484848408,0.7010606060605973,0.07863636363636672,-0.06833333333332803,0.25454545454546107,0.6736363636363691,1.0540909090909025,0.8346969696969673,-0.32181818181818755,-0.13212121212120564,0.2601515151515166,0.27075757575756754,0.5319696969696928,0.8178787878787972,0.6748484848484857,0.6992424242424242,0.9321212121212206,1.056969696969702,1.320757575757579,1.2669696969696922,101.1301204819278,-35.78192771084346,-115.95542168674694,66.46987951807222,31.25301204819283,52.9433734939759,-65.23506024096385,-17.730120481927727,-13.109638554216879,105.03373493975899,-89.5795180722891,91.44337349397583,0.5792424242424197,0.6324242424242357,0.5192424242424174,0.6827272727272771,0.8563636363636391,0.8701515151515125,0.9524242424242395,0.9396969696969784,0.8777272727272738,0.9431818181818272,1.1163636363636371,1.0469696969697004,0.027575757575746707,0.14545454545454817,0.21181818181817746,0.3168181818181779,0.5610606060606145,0.9075757575757599,0.907424242424252,1.0301515151515162,1.1650000000000027,1.3357575757575795,1.4774242424242452,1.4059090909090948,0.0763235294117647,-0.12220588235294116,0.2052941176470588,0.24441176470588233,0.4176470588235294,0.27176470588235296,0.4219117647058823,-0.025735294117647058,-0.10602941176470589,0.10514705882352943,-0.08705882352941177,0.3139705882352941
2003,0.20999999999999375,0.13393939393939291,0.35636363636363555,-0.2830303030303085,-1.1565151515151584,-0.7889393939394012,-0.5813636363636334,0.12166666666667325,-0.16545454545453708,0.3636363636363704,0.3140909090909041,0.3246969696969657,0.8581818181818122,0.6278787878787924,0.41015151515151516,-0.1392424242424326,-0.46803030303030724,-0.15212121212120167,0.374848484848485,0.3992424242424235,0.2721212121212204,0.5369696969697024,0.8007575757575758,0.856969696969692,-173.8698795180722,65.21807228915651,-102.05542168674697,79.86987951807225,-12.046987951807154,4.543373493975906,24.364939759036147,65.16987951807226,-12.309638554216882,-14.166265060241003,-51.17951807228911,-129.85662650602416,0.7992424242424185,0.822424242424237,0.779242424242419,0.6027272727272752,0.2863636363636388,0.42015151515151317,0.5224242424242398,0.5396969696969762,0.5777272727272731,0.7231818181818248,0.6963636363636354,0.676969696969703,0.9175757575757473,0.8454545454545475,0.601818181818178,0.17681818181817732,-0.21893939393938666,0.0575757575757585,0.38742424242425244,0.3901515151515156,0.4050000000000047,0.5857575757575795,0.5374242424242439,0.49590909090909463,0.4963235294117647,0.5077941176470588,0.5452941176470588,0.3544117647058823,0.29764705882352943,0.04176470588235295,0.35191176470588237,0.4542647058823529,0.46397058823529413,0.49514705882352944,0.5329411764705883,0.5239705882352942
2004,0.33999999999999275,0.5139393939393919,-0.3736363636363649,0.03696969696969177,-0.546515151515159,-0.40893939393940215,-0.7413636363636336,-0.3583333333333272,0.07454545454546135,0.42363636363636914,0.8540909090909032,0.7046969696969683,0.6281818181818117,0.5178787878787929,0.36015151515151445,0.2907575757575671,0.011969696969693189,0.08787878787879677,0.3048484848484847,0.4092424242424215,0.5221212121212204,0.6469696969697019,0.7507575757575786,0.8269696969696945,-100.06987951807221,-125.08192771084347,112.94457831325303,-83.03012048192778,191.25301204819283,14.043373493975906,-9.035060240963851,88.16987951807229,38.79036144578312,-45.06626506024101,-157.4795180722891,-79.75662650602416,0.6792424242424211,0.5924242424242365,0.3892424242424184,0.30272727272727806,0.38636363636364024,0.4601515151515123,0.6724242424242384,0.8296969696969789,0.9877272727272732,1.013181818181824,1.0163636363636357,1.0869696969697031,0.4275757575757453,0.35545454545454547,0.2618181818181782,0.346818181818179,0.34106060606061206,0.33757575757575964,0.7174242424242507,0.9101515151515152,0.9550000000000018,0.8957575757575782,0.8274242424242431,0.8559090909090941,0.3463235294117647,0.15779411764705883,-0.0947058823529412,-0.3255882352941177,-0.19235294117647056,-0.13823529411764707,0.031911764705882355,0.18426470588235294,0.3039705882352941,0.10514705882352943,0.22294117647058823,0.39397058823529413
2005,0.4499999999999922,-0.3860606060606102,-0.533636363636365,0.006969696969690631,0.023484848484841336,-0.39893939393940414,-0.1813636363636313,-0.2683333333333273,-0.5254545454545365,-0.8263636363636309,-0.7659090909090978,-0.4253030303030343,0.6081818181818122,0.24787878787879336,0.35015151515151643,0.46075757575756526,0.5919696969696915,0.4378787878787982,0.3548484848484854,0.35924242424242436,0.07212121212122113,-0.05303030303029743,-0.7292424242424218,-0.8630303030303068,-113.96987951807222,55.81807228915653,22.744578313253044,94.56987951807224,-6.146987951807148,-52.6566265060241,-16.235060240963854,-36.93012048192773,-27.309638554216882,-35.866265060241005,40.82048192771089,72.04337349397585,1.1092424242424208,0.8824242424242357,0.8192424242424181,0.6127272727272768,0.49636363636363967,0.42015151515151317,0.23242424242424065,0.38969696969697765,0.45772727272727565,0.45318181818182524,0.14636363636363825,-0.063030303030299,0.8675757575757466,0.625454545454545,0.7018181818181795,0.5868181818181775,0.6210606060606132,0.3675757575757608,0.03742424242425102,0.23015151515151544,0.20500000000000185,0.13575757575757663,-0.3225757575757555,-0.5940909090909052,0.5463235294117647,0.4277941176470588,0.5252941176470588,0.2244117647058823,-0.13235294117647056,-0.31823529411764706,-0.36808823529411766,-0.025735294117647058,-0.11602941176470588,-0.03485294117647059,-0.08705882352941177,-0.05602941176470588
2006,0.1299999999999919,0.5239393939393899,0.17636363636363583,-0.7430303030303094,-0.07651515151516008,0.021060606060597564,0.19863636363636772,0.8616666666666717,1.084545454545463,1.1836363636363707,0.8940909090909024,0.9346969696969687,-0.5418181818181864,0.05787878787879208,-0.029848484848486123,0.04075757575756711,0.2919696969696943,0.27787878787879805,0.19484848484848527,0.5592424242424237,0.9621212121212217,1.1269696969697023,1.3007575757575758,1.316969696969693,-106.3698795180722,70.71807228915651,-45.955421686746945,-58.130120481927776,150.45301204819287,-19.156626506024097,2.9649397590361417,-36.43012048192773,-40.40963855421688,-45.06626506024101,123.22048192771089,97.64337349397582,-0.23075757575757905,-0.41757575757576504,-0.2907575757575813,-0.037272727272721795,0.20636363636364052,0.4501515151515143,0.5424242424242394,0.7096969696969779,0.8877272727272754,0.9131818181818261,1.0463636363636368,1.0369696969697024,-0.6124242424242539,-0.38454545454545297,-0.3581818181818228,0.016818181818180733,0.1710606060606139,0.25757575757576134,0.23742424242425386,0.5101515151515166,0.7550000000000026,0.855757575757579,1.1274242424242438,1.205909090909092,-0.023676470588235306,0.16779411764705884,0.3252941176470588,0.24441176470588233,0.16764705882352943,0.3517647058823529,0.25191176470588234,0.294264705882353,0.24397058823529413,0.19514705882352942,0.06294117647058824,0.28397058823529414
2007,0.9299999999999926,0.5039393939393904,0.0663636363636364,-0.5230303030303105,-0.9765151515151587,-1.1389393939394026,-0.6113636363636346,-0.7083333333333286,-0.5454545454545396,-1.1963636363636283,-1.3859090909090952,-1.1253030303030336,1.078181818181811,0.3378787878787932,-0.01984848484848456,-0.16924242424243374,-0.3880303030303054,-0.34212121212120294,-0.46515151515151487,-0.7507575757575786,-0.8778787878787782,-0.9230303030302984,-1.039242424242424,-1.0730303030303077,134.73012048192777,-137.98192771084348,24.744578313253044,32.86987951807225,-66.34698795180714,-5.956626506024094,53.46493975903614,80.16987951807229,-1.5096385542168775,-82.56626506024101,55.42048192771088,106.14337349397582,0.8692424242424188,0.702424242424236,0.6292424242424168,0.4227272727272755,0.2863636363636388,0.24015151515151345,0.23242424242424065,0.10969696969697651,-0.1722727272727269,-0.3368181818181739,-0.543636363636363,-0.6130303030302997,0.9175757575757473,0.3854545454545466,0.18181818181817988,0.04681818181817832,-0.0789393939393861,-0.012424242424241783,-0.18257575757574784,-0.33984848484848484,-0.6849999999999952,-0.9342424242424237,-1.082575757575757,-1.1140909090909084,0.17632352941176468,0.14779411764705883,-0.0447058823529412,0.17441176470588232,0.20764705882352946,0.37176470588235294,0.18191176470588236,0.11426470588235293,0.24397058823529413,0.07514705882352941,0.08294117647058824,0.16397058823529412
2008,-0.10000000000000853,0.5739393939393906,0.6163636363636371,0.2669696969696922,0.20348484848484105,0.261060606060596,0.9586363636363657,0.9516666666666715,0.8045454545454618,0.34363636363637085,0.08409090909090366,0.144696969696966,-1.0218181818181868,-0.8121212121212054,-0.39984848484848357,-0.11924242424243303,0.03196969696969276,0.05787878787879919,0.3648484848484834,0.5492424242424221,0.45212121212122014,0.3669696969697007,0.11075757575757805,-0.2630303030303054,88.94999999999999,-37.78750000000002,187.82500000000005,42.46249999999998,31.11250000000001,75.9375,6.5,20.225,11.499999999999993,14.037499999999994,67.0625,224.00000000000003,-0.8907575757575792,-1.1275757575757623,-0.8807575757575812,-0.6972727272727219,-0.6636363636363605,-0.6398484848484856,-0.4975757575757598,-0.3503030303030208,-0.3022727272727259,-0.2568181818181756,-0.3836363636363629,-0.4630303030302976,-1.3124242424242532,-1.2945454545454531,-0.9181818181818215,-0.6631818181818225,-0.538939393939387,-0.3924242424242408,-0.13257575757574713,0.010151515151516577,-0.06499999999999773,-0.13424242424242294,-0.24257575757575367,-0.6240909090909064,0.1263235294117647,0.2977941176470588,0.5152941176470588,0.5744117647058824,0.7476470588235293,0.6417647058823529,0.6119117647058824,0.4742647058823529,0.25397058823529417,0.23514705882352943,0.29294117647058826,0.3739705882352941
2009,0.2999999999999936,-0.03606060606060879,-0.15363636363636246,0.6469696969696912,0.6334848484848408,0.9610606060605988,1.1286363636363674,0.8316666666666706,0.5445454545454638,0.32363636363637127,0.34409090909090523,0.394696969696966,-0.25181818181818727,-0.15212121212120522,-0.18984848484848627,0.20075757575756725,0.5719696969696919,0.777878787878798,0.8448484848484838,0.9392424242424227,0.8821212121212199,0.9169696969697014,1.120757575757576,1.1769696969696923,2.3500000000000227,121.31249999999994,-132.67499999999995,-80.8375,-118.98750000000001,39.03750000000002,-48.6,-32.775,-40.300000000000004,-122.1625,-81.4375,28.299999999999983,-0.5307575757575798,-0.4375757575757646,-0.20075757575758146,0.10272727272727522,0.25636363636364123,0.4701515151515139,0.5924242424242401,0.7896969696969762,0.9477272727272741,1.2131818181818268,1.326363636363638,1.2969696969697004,-0.7224242424242533,-0.5245454545454535,-0.22818181818182026,0.12681818181818016,0.3710606060606132,0.5575757575757585,0.6774242424242516,0.7201515151515174,0.8050000000000033,1.0857575757575795,1.447424242424244,1.5459090909090918,0.38632352941176473,0.2877941176470588,0.45529411764705885,0.45441176470588235,0.7176470588235295,0.5317647058823529,0.34191176470588236,0.20426470588235293,0.16397058823529412,0.4151470588235294,0.28294117647058825,0.6639705882352941
2010,0.33999999999999275,0.4739393939393928,0.4463636363636354,0.6169696969696901,0.5334848484848393,0.22106060606059685,-0.6313636363636341,-1.0883333333333276,-1.0254545454545365,-0.9663636363636279,-1.0459090909090953,-0.5153030303030341,1.068181818181813,0.9978787878787934,0.7801515151515162,0.630757575757567,0.2919696969696943,-0.2321212121212035,-0.5551515151515147,-0.7207575757575775,-0.8678787878787801,-0.8930303030302973,-0.9892424242424234,-0.8830303030303064,-12.649999999999977,15.912499999999966,-158.77499999999995,0.46249999999997726,-67.88750000000002,-7.662499999999994,26.89999999999999,16.625,-17.900000000000006,-31.26249999999999,-73.13750000000002,56.00000000000003,1.2192424242424202,1.0024242424242367,0.9592424242424187,0.8327272727272756,0.4763636363636401,0.09015151515151487,-0.31757575757576006,-0.7603030303030209,-0.9522727272727245,-1.0268181818181752,-1.0036363636363639,-0.9530303030302996,1.4475757575757449,1.2954545454545467,1.0518181818181773,0.6968181818181804,0.18106060606061192,-0.31242424242423894,-0.6625757575757483,-0.9898484848484834,-1.2449999999999974,-1.2142424242424212,-1.2025757575757545,-1.2340909090909058,0.7263235294117647,0.6177941176470589,0.8052941176470588,0.6144117647058824,0.5476470588235294,0.7917647058823529,0.5519117647058823,0.4442647058823529,0.20397058823529413,0.3951470588235294,0.3829411764705883,0.3739705882352941
2011,0.2499999999999929,0.4139393939393905,-0.32363636363636417,0.026969696969690204,0.2634848484848398,0.5310606060605956,0.2286363636363653,-0.2183333333333266,-0.5254545454545365,-0.4663636363636279,-0.5259090909090958,-0.7153030303030334,-0.9118181818181874,-0.4621212121212075,-0.379848484848484,0.020757575757567537,0.0019696969696916256,0.1978787878787962,0.06484848484848271,-0.1507575757575772,-0.3878787878787797,-0.693030303030298,-0.7092424242424222,-0.5730303030303077,-81.64999999999998,156.71249999999998,-41.87499999999994,212.96249999999998,-10.587500000000006,-5.4624999999999915,-53.5,26.125,-3.000000000000007,135.5375,59.0625,-39.599999999999994,-0.85075757575758,-0.5275757575757645,-0.2407575757575806,-0.19727272727272194,-0.13363636363635933,-0.07984848484848683,-0.06757575757576006,-0.23030303030302335,-0.46227272727272606,-0.4568181818181749,-0.5836363636363622,-0.6430303030302973,-1.2824242424242556,-0.884545454545453,-0.5981818181818213,-0.3631818181818218,-0.16893939393938595,0.007575757575761344,-0.08257575757574642,-0.34984848484848285,-0.6149999999999984,-0.7042424242424232,-0.8025757575757559,-0.7340909090909058,0.38632352941176473,0.5277941176470589,0.6352941176470588,0.4244117647058823,0.22764705882352942,0.14176470588235296,0.22191176470588236,0.16426470588235295,0.2139705882352941,0.24514705882352944,-0.06705882352941177,-0.5160294117647058
2012,-0.28000000000000824,0.44393939393939164,0.40636363636363626,0.7869696969696918,1.1934848484848395,1.4310606060605977,0.6586363636363686,0.6216666666666733,0.6845454545454608,0.08363636363636928,-0.26590909090909776,-0.355303030303034,-0.19181818181818855,0.08787878787879322,0.2001515151515143,0.28075757575756555,0.3319696969696935,0.4378787878787982,0.6648484848484841,0.6492424242424235,0.6821212121212206,0.40696969696969987,0.2507575757575786,-0.2830303030303085,56.75,-47.887500000000045,-87.77499999999998,-107.3375,-65.1875,-41.36249999999998,9.299999999999997,-11.574999999999996,45.79999999999999,33.13750000000002,70.76249999999999,32.099999999999994,-0.5707575757575789,-0.4075757575757635,-0.33075757575758047,-0.21727272727272506,-0.11363636363635976,0.060151515151513735,0.1524242424242388,0.3496969696969785,0.5677272727272751,0.633181818181825,0.576363636363638,0.306969696969702,-0.5924242424242543,-0.4245454545454521,-0.2681818181818194,-0.2531818181818224,-0.14893939393938638,0.03757575757575893,0.277424242424253,0.46015151515151587,0.6750000000000043,0.605757575757579,0.43742424242424605,-0.1540909090909075,-0.3836764705882353,-0.5722058823529412,-0.1647058823529412,-0.3955882352941177,-0.11235294117647057,-0.018235294117647058,-0.07808823529411765,-0.11573529411764706,-0.006029411764705884,-0.004852941176470588,0.012941176470588237,0.1439705882352941
2013,0.059999999999991616,0.06393939393939263,-0.1836363636363636,-0.7930303030303101,-0.8065151515151605,-1.3089393939394043,-1.221363636363634,-0.5983333333333292,-0.3454545454545368,-0.28636363636362816,0.0040909090909018175,0.07469696969696571,-0.4618181818181881,-0.2921212121212058,-0.00984848484848655,0.030757575757565547,-0.1780303030303081,-0.4421212121212008,-0.3251515151515143,-0.3007575757575758,-0.13787878787877972,0.046969696969700436,0.030757575757576205,0.07696969696969447,6.150000000000034,5.512499999999989,62.22500000000002,117.66250000000002,5.412499999999994,-94.46249999999999,93.39999999999999,14.825000000000003,76.5,44.837500000000006,98.46249999999998,-132.8,0.27924242424241896,0.042424242424235814,-0.22075757575758104,-0.04727272727272336,-0.05363636363636104,0.07015151515151175,0.05242424242424093,0.2196969696969795,0.2577272727272728,0.2831818181818271,0.1363636363636367,0.10696969696970271,-0.3724242424242554,-0.3145454545454527,-0.22818181818182026,0.04681818181817832,0.04106060606061135,-0.10242424242424164,-0.08257575757574642,0.0001515151515150137,0.015000000000004121,-0.004242424242420384,-0.03257575757575637,-0.08409090909090722,0.3263235294117647,0.18779411764705883,0.17529411764705882,0.2844117647058823,0.4076470588235294,0.22176470588235297,0.18191176470588236,0.21426470588235294,0.003970588235294115,0.005147058823529414,-0.08705882352941177,0.07397058823529412
2014,0.2999999999999936,-0.1360606060606102,0.006363636363637681,0.13696969696968964,0.9034848484848403,1.3610606060605974,1.268636363636368,1.1216666666666733,0.8445454545454609,0.7736363636363706,0.8140909090909041,0.6046969696969668,-0.14181818181818784,-0.3421212121212065,0.0001515151515150137,0.2507575757575644,0.6119696969696946,0.6578787878787971,0.624848484848485,0.3492424242424228,0.4721212121212197,0.7969696969697004,1.0007575757575786,0.8869696969696932,-55.14999999999998,-91.18750000000003,162.5250000000001,-47.9375,178.3125,84.9375,-7.6000000000000085,-5.974999999999994,-43.900000000000006,42.73750000000001,-17.73750000000001,-60.29999999999998,-0.020757575757581748,0.1624242424242368,0.2592424242424194,0.45272727272727664,0.4063636363636398,0.29015151515151416,0.3924242424242408,0.5696969696969774,0.6877272727272725,0.7131818181818268,0.826363636363638,0.9069696969696999,-0.402424242424253,-0.5445454545454531,-0.29818181818182055,0.05681818181817988,0.22106060606061462,0.08757575757575964,0.0974242424242533,0.11015151515151445,0.3350000000000044,0.5757575757575779,0.8574242424242442,0.7959090909090918,0.046323529411764694,0.15779411764705883,0.1352941176470588,0.16441176470588234,0.4076470588235294,0.4117647058823529,0.12191176470588236,0.20426470588235293,0.23397058823529412,0.12514705882352942,-0.33705882352941174,-0.1560294117647059
2015,0.26999999999999247,-0.03606060606060879,0.4363636363636374,0.8669696969696901,1.42348484848484,2.171060606060596,2.4486363636363677,1.9216666666666704,2.334545454545463,2.1936363636363687,2.2940909090909045,2.104696969696967,0.6781818181818124,0.3478787878787948,0.4201515151515167,0.8307575757575663,1.1319696969696942,1.4178787878787986,1.7248484848484829,1.9992424242424214,2.2321212121212213,2.4469696969697026,2.6907575757575763,2.646969696969691,-4.75,-122.58750000000003,8.525000000000034,-137.4375,47.8125,-50.96249999999999,-26.400000000000006,-27.474999999999998,-28.700000000000006,-116.8625,-123.03750000000001,-107.69999999999999,0.9292424242424211,0.9224242424242348,0.9792424242424183,1.152727272727276,1.076363636363638,1.010151515151513,0.9224242424242384,1.0296969696969782,1.077727272727273,1.163181818181826,1.4463636363636354,1.4469696969697026,0.6875757575757468,0.5254545454545472,0.5818181818181785,0.9268181818181773,1.0310606060606133,1.1075757575757592,1.3174242424242522,1.6801515151515147,1.9250000000000043,2.195757575757579,2.477424242424245,2.4359090909090924,0.3663235294117647,0.3577941176470588,0.1452941176470588,0.2944117647058823,0.38764705882352946,0.32176470588235295,0.02191176470588236,-0.14573529411764707,-0.06602941176470589,0.24514705882352944,0.35294117647058826,0.6639705882352941
