Year,rainfall_01,rainfall_02,rainfall_03,rainfall_04,rainfall_05,rainfall_06,rainfall_07,rainfall_08,rainfall_09,rainfall_10,rainfall_11,rainfall_12,nino12_01,nino12_02,nino12_03,nino12_04,nino12_05,nino12_06,nino12_07,nino12_08,nino12_09,nino12_10,nino12_11,nino12_12,nino3_01,nino3_02,nino3_03,nino3_04,nino3_05,nino3_06,nino3_07,nino3_08,nino3_09,nino3_10,nino3_11,nino3_12,nino34_01,nino34_02,nino34_03,nino34_04,nino34_05,nino34_06,nino34_07,nino34_08,nino34_09,nino34_10,nino34_11,nino34_12,nino4_01,nino4_02,nino4_03,nino4_04,nino4_05,nino4_06,nino4_07,nino4_08,nino4_09,nino4_10,nino4_11,nino4_12,tsa_01,tsa_02,tsa_03,tsa_04,tsa_05,tsa_06,tsa_07,tsa_08,tsa_09,tsa_10,tsa_11,tsa_12
1950,0.45327783617300565,-0.41534791413380173,1.1594788219905128,-0.34858208801050194,-0.1297001099339498,0.9456949119000067,-0.5677883156868035,-1.0600911556076236,-1.0689818905891504,0.353048560844155,-0.6701571667075673,1.3686540645050491,-1.3333670383487328,-2.1984314292236427,-1.2612167298413215,-1.5437298888467337,-1.1649750888444463,-1.1359544056122066,-1.091029343107762,-0.5916389570592022,-1.002602006658729,-0.7659268611488227,-1.3695879322585192,-0.9407982025017383,-1.8264288298821014,-1.7571959589314134,-0.997215225921508,-1.293180754117788,-1.7198235540421505,-1.1826772490033035,-0.8939661348621036,-0.6584340897879142,-0.8221066540436207,-0.5257839026824745,-0.7750878169075153,-0.7508058854478926,-1.6136249801882714,-1.728114382413883,-1.7211940974275641,-2.158751418432792,-2.676896295202615,-1.7300010684785867,-1.2427849384336784,-1.224190462943427,-1.1753569685102074,-0.8495221440625725,-0.9170149511149772,-1.0969155018071342,-1.4072786468279779,-1.8910200207933419,-2.3052631282489533,-2.09440902337685,-1.7557743831680372,-1.0992430023401873,-1.6975316462769965,-1.8139150683676835,-1.7910271653295278,-1.6101541651414635,-1.5051893593766414,-1.4431614266864783,0.02269944912094658,0.22822832990634975,0.08334841405660302,-0.6255604664020994,-1.0014610732691747,-0.7052118886785288,-0.5934276758914384,-1.205173630567558,-1.805537427502865,-1.7826403919010259,-1.420657334223708,-2.4208069993755337
1951,-0.10959591852678659,-1.1440352958635553,-0.10804923836337817,1.0152274492125304,0.6546854076469668,2.736744778082958,-0.17952648178079791,-0.6987012298366121,1.4443857092106533,0.1916120327479046,-0.48565658501184794,-0.21766559573125355,-0.26427094453758887,-1.188842084129366,-0.9252693139104909,-0.23313595532661555,0.25391659132346733,1.3467056745316734,1.6636539679494522,1.2837449068265856,0.8652331303895993,0.9067976967559668,0.7254458873720937,0.1556058585378722,-0.6452423110292129,-0.7130038824955792,-0.08879128804551045,0.05238788526958365,0.13313772443611321,0.24150504826680638,1.1892396873791875,0.9731689054724644,0.9643876705729235,0.827030438773441,0.9089757438525118,0.5993178054679835,-1.1232600876935475,-1.1060367066802503,-0.2612148548187848,-0.03930607723672742,0.3497333251682426,-0.142249180963172,0.6311374430806402,0.3854125942418402,0.7125221000813255,0.4650714826632138,0.4499747294718767,0.2764583785042384,-1.1089932508188658,-1.3714988495567724,-0.6000225836374714,-0.05506772191174215,0.7348829431811904,0.62867315537489,0.21266334189831027,-0.5445591738116865,-0.1807861503213717,-0.09463920922662214,0.18266861157483594,0.13041842884487306,-2.9181402925483555,-2.0745790995444096,-2.4034028984814975,-1.5213854099925974,-1.0730973783657412,-0.775983279432887,-0.45424421246274277,0.026313834728549295,0.06844918638384917,-0.03575496488053633,-0.30197331719605974,-0.107439026412323
1952,0.6788877664821252,1.2641204845632374,0.07988401151987372,1.3928977825973703,0.4595895199833459,-0.40871074311418903,-0.4543635102760603,0.7329588607177805,-0.8701844533168495,-0.6203657521322453,-0.05232298195019155,1.8008549300185333,-0.012012315660805508,0.10513862578019804,0.00791795256402786,-0.5132629029492368,-0.23058300678265137,-0.34183754496012414,-0.4216670432246999,-0.5820706720393752,-0.9186543600498169,-0.1912484854269328,-0.48018678241533475,-0.055627951387191246,0.4093885093751508,0.23373026680624343,0.3565145638544901,0.3249081160315835,0.13313772443611321,-0.49216462002385714,-0.5982853084794698,-0.5244965304754957,-0.49000193985208434,-0.351557813252548,-0.6426333795443664,-0.331172846379444,0.23775267514895837,0.185970773689601,0.2668627435716238,0.6219608692164458,0.6454385179630998,-0.19402369903432867,-0.4011079365670756,-0.42626757989431885,-0.20096777181780287,-0.11919235143713733,-0.25277348660446497,-0.031850043606476565,0.2830052638903178,0.08010442301597963,-0.05579687791040867,0.24780474860287555,0.013903190816944334,-0.4709098540801563,-0.846249097198872,-1.0341678759975708,-0.35791266197227367,-0.5620410180601688,-0.20580663570764643,-0.11167077969841176,-0.03278809317470064,-0.20524130387261671,-0.4190255884763466,-0.38843033427520274,-0.6432795477863412,0.0025020188650530834,-0.34289744171978637,-0.1631457753170057,-0.23272723370508705,-0.3728732051827361,-0.0664608925586601,-0.4594732831675942
1953,-0.748440364044956,1.277886618978787,-0.4430606838074364,-1.2235183603520479,-0.7089848225351626,-1.8601484450547747,1.8512137843230854,-1.1967706788158912,-0.8742415438734271,0.30349873538887034,-0.08388229197709084,-0.5798119253510683,-0.14414778792959781,0.5175061047623656,1.077972684788142,1.5376665350020902,0.9633624314074242,0.45227931569195845,0.21336898486948808,0.46087239512159794,0.44549489734503206,0.15766338554707243,0.10286508248186464,-0.33727303128727226,0.2301012699064072,0.6235619753422897,0.7661959476024914,0.7336884621745803,0.5819017840675719,0.6443040818381464,0.38283743360836653,0.24260040013199885,0.5521197495075675,0.3248493574754098,0.16155427587474674,0.24354196799690764,0.42789416407548225,0.6525290304898265,0.7017501775401975,0.9610721238078149,0.9585381338635331,1.0140483892926138,0.6787795375259214,0.4679563407641597,0.5176442607428446,0.4963713309185871,0.3248277868829402,0.44462660874644716,0.06994426674095001,-0.07269592146536497,-0.14650116219824816,0.10646426236272588,0.34162126007341836,0.8306373816013274,0.6486861109383195,0.6341284425617442,0.14126205268025835,0.21696199666240895,0.24964710248560992,0.5070016421344293,-0.6154072872789963,-0.8554457545410665,-0.19295728733651926,-0.941733975904628,-0.5238857059587301,-0.39853586207631,-0.34289744171978637,-0.32102878368830146,0.0349851397073007,-0.03575496488053633,-0.5963638479928093,-1.1383964926241885
1954,0.3151493074123204,-0.10882198781423286,-0.07230106583123781,-0.8636824593770476,-1.764503599381932,-0.2894421854338344,-0.6724881360659511,-0.5828711254228263,-0.26973505094336925,-0.2958943144734453,0.8786766638433396,-0.5145068495179869,-2.030081346675098,-1.1319638111663097,-1.3358717111592815,-2.5041651378385716,-1.9695904928421042,-1.5957062723055186,-1.9234414339879784,-1.4719211788831412,-1.5062878863122118,-1.5868959693229536,-1.2015899372881413,-1.3532070694982892,0.06136033864170883,0.03881441253822518,-0.48066043771750894,-2.2470015617847903,-1.7342998140302641,-1.5854762825746436,-1.3643674495617528,-1.4620594456624292,-1.5206717425154785,-1.2226882604021883,-0.9359253479913399,-1.0792143508058079,0.4679239512179079,0.4850465793307708,-0.23015146667817318,-1.2940177192247952,-1.163581485017183,-0.9533832974112669,-1.1792621458399684,-1.444307120336284,-1.4311341326419644,-1.0268879508430335,-0.6956011296114719,-0.8446631564438212,0.453454061609806,0.3551450430823956,-0.25534630334366587,-0.5396636747351319,-0.7070765615473095,-0.8748383065330311,-1.3237978442426988,-1.523776578183455,-1.5655934232283908,-1.5393357092575912,-0.9425700357261506,-0.9589830095999087,-1.3922328794180574,-1.5327420573207018,-1.5242483940488358,-1.231559692948613,-1.6461878191382746,-1.507287650561255,-1.9852623101783942,-1.3630566389388539,-0.9354722139126049,-0.5567558817112087,-0.4197295295147595,-0.6857810196531257
1955,-0.13261733998690078,0.718981561707477,0.002259408307226454,-0.5300736648871056,0.34353247911678203,-0.8918494767685067,-0.002845534890986504,-1.2153034955220967,0.11366000665321081,0.06853665984284243,0.1200394035813359,0.7084791160833546,-0.7447635709695659,-1.430574744222359,-1.4229691893635703,-1.1135349335691387,-1.537001565961643,-1.386728151081286,-0.9279795521106051,-1.050916638010824,-1.0760561974415288,-1.4534884892446585,-1.5079392222341264,-1.3532070694982892,-0.6452423110292129,-0.7547715655530093,-1.2465865029855094,-1.6167985281476647,-1.9080149338876031,-1.6286333218858606,-1.2299670739332802,-1.3037696028386625,-1.5321236292117362,-2.1450616750312235,-1.9387946594551764,-1.6904189946663748,-0.6429026419844285,-0.9385542555211946,-1.2241798871777672,-1.616173411086599,-1.4244978316008816,-1.333063096599733,-1.1792621458399684,-1.2517050451175336,-1.2849757531381025,-2.070216226022228,-2.0625908101983295,-1.6761616281969662,-0.6970753229967619,-0.9894979883534163,-1.0354031482191293,-1.3473235961074577,-1.1658818585063793,-1.0543620631787576,-1.0538789872179297,-1.4512419556373994,-1.0664187085758587,-1.7517910769092075,-2.1615785703022197,-1.604554232382003,-1.3644891082702337,-1.8036605784325557,-1.3484174931623034,-1.5477332024511414,-1.0014610732691747,-1.200611623959036,-0.8996312954345685,-1.584092850658668,-1.4708969607373803,-0.9858154602776449,-0.6552419541521592,-1.5407213574873555
1956,-0.41117653965428264,-0.5888012077697254,-0.7382384512871093,-0.4629322722853566,-0.8670625161292761,0.11283650911515787,-0.22097016068087727,-0.08248507435527158,0.7688801315404884,0.8549403412622005,0.13217759974552795,-0.1903562003828743,-1.04507146248955,-0.961328992277135,-0.427569438457416,-0.9434578582268319,-0.8794663971033434,-0.7096390383147743,-0.22429098043866869,-0.12279299108775356,-0.6668114202230774,-1.125100845975006,-0.8754761823456382,-1.292854552376844,-0.7928906258858245,-0.5459331502658444,-0.5162849058695081,-0.8844004079747911,-0.3880076351358986,-0.5065502997942594,-0.7730057967964803,-0.8532523578787059,-0.8450104274361441,-0.8742360815423313,-0.9548474104717892,-0.9150101181268502,-0.8330441309109523,-0.6992936110082597,-0.8824826176310283,-1.4127066583317753,-0.7635097535888503,-0.8843506066497288,-1.068097258800983,-1.182918589682265,-0.8586804795851786,-0.8286555785589891,-0.8303747600918667,-0.6484668878279098,-1.6061355775007191,-1.5395792284862535,-1.4707837128007808,-1.4684725843133033,-1.6246871554654414,-1.390969106889484,-1.4483757782541289,-1.8139150683676835,-1.6300030638287155,-1.0719339004240447,-0.7014474684473682,-0.44790579156408566,-1.5864392774528224,-2.0474872474332244,-1.649841894682073,-2.101036844080567,-1.2641275252899191,-1.17702116037425,-0.8717946027488295,-0.7315246054536706,-0.7346879338533141,-1.4761692643535718,-1.3323401749846833,-1.3395589250557722
1957,1.4455011011039287,-0.7796916049986784,-0.5594975886264076,0.06370802593461429,-1.6484465585153678,-0.6371403535867325,-1.4075681249778829,-0.4508248063911104,-1.081153162258883,0.40739353069833834,-1.016095757387041,-0.8030365481986919,-1.945995137049502,0.03404078457637483,1.152627666106102,1.1975123843174802,1.8198885066307362,1.530606421208997,1.5263488807939523,1.1880620566283298,1.1800368051730266,0.9273219244603196,0.8539149423494452,0.688719759777317,-0.6768812356413451,-0.29532705192124453,0.5346369046144929,0.7507209765972078,1.0451421036871391,1.2772739917359737,1.78060134014446,1.3628054416540476,0.8956763503953655,0.7655388777981734,1.0887353374167856,1.2470122788127624,-0.43274625948668816,-0.2088092897567411,0.3755846020637672,0.8254276219712697,1.0976935187081736,1.1866301161964654,1.5204565393925242,1.265879223813268,0.8952200744611495,0.7467701169615958,1.0372026908507368,1.1826982859205892,-0.2283411292681568,-0.11853602480976944,-0.11021944848311108,0.3891452348430324,0.6474914580461316,-0.13430281036942993,-0.32717437215123524,0.3621236080140264,0.5116174861321349,0.6843638054959607,0.651518047950249,0.7490908506777142,-1.2257702525311156,-0.47615982498447085,-0.3939068883496991,-0.2566913719824824,-0.8104309263449967,-0.4221263256610961,-1.010978066177525,-0.7946778088021889,-1.2701126806780896,-1.292286587825099,-0.831876272630209,-0.5097638912754902
1958,0.9620512504415303,-0.9246948875091332,-0.8853166468479154,0.2997519843001391,-1.566406236523486,-0.8756774689474415,-0.6223194721342763,0.15380833864885152,-0.7525288271761,-0.3933955839177152,-0.3582055252878313,0.65979715046233,0.25225862887678335,0.8445561742999483,0.9659902128111999,0.9874171736005142,0.5134699474517448,0.4857158150878349,0.3335109361305478,-0.24718069634548676,0.1306912225616048,0.2089739548079563,-0.04536844249199824,-0.20650924419080596,1.4112877887592956,1.4449930754718125,1.0511916928184921,0.6485258900614602,0.42266292419834656,0.37097616620045226,0.10059664478857704,0.03560599028553081,-0.20370477244558666,-0.12608875634322628,0.12371015091384802,-0.1852135284425924,1.7088473526331331,1.8488322530545056,1.587056739547648,1.0458499374556587,0.9411437107579508,0.9795320439118448,0.2976427819636895,0.08275219032666374,-0.06698925727259808,0.12077315185407778,0.3729612263402245,0.22974498121473852,1.3625143161137632,1.715068108966344,1.6675845235586448,1.176613658181047,0.887818042167547,0.8081969120206166,0.42029323191736057,0.4165245749235712,0.28618374403099217,0.41525367313724876,0.3434169897606925,0.5876980449821894,-0.920588769905056,-0.882537606652252,-1.649841894682073,-1.8375589194951265,-2.7446111639522974,-2.663220366215772,-1.5677119198923075,-2.152471680795333,-2.2071059876214467,-1.6294048281272986,-1.2145839626659836,-0.15772963452021888
1959,-0.8082960598412529,-0.5273124740469376,-0.6504000844938506,-1.3703901566683743,-1.1932228206335858,-0.10346409549158686,-0.8339003591504702,0.06577745929437422,-0.6186448388090402,-1.6481250349628287,0.4271357665353948,-1.5558259678018478,-0.6967143083263695,-0.1650331707943231,0.6176002999940449,0.22707260148197206,-0.040243878955246275,-0.2833236710173388,-0.26719882017476293,-0.7447315173764094,-0.3729946570918781,-0.0475788914964594,0.2807453124505015,-0.11598046850863641,0.01917510582553518,0.024891851519078547,-0.2491013947295104,0.10348542853746051,-0.28667381521911794,-0.47777894025344975,-0.920846209987802,-0.7801955073446563,-0.6617802402959855,-0.3413092197566682,-0.41556862977897063,-0.35854021849260465,0.5279686319315501,0.6166399338128847,0.3755846020637672,0.3337163028137841,-0.08512725247124882,-0.4183799440093308,-0.9886937680588552,-0.7151706927224445,-0.7247019650399694,-0.3800244202319359,-0.42605386865068584,-0.28410238896978973,0.6381069258059258,0.5079453875637348,0.3070202592409751,0.5304857210831893,0.07944680466823449,-0.6504336107258828,-0.4725152951645741,-0.2544206836274582,-0.26129820107178064,-0.2362761209943663,-0.48711629753289426,-0.4344563910894566,-0.08827563547034785,-0.04269019120550429,0.48524761608296285,0.3493078545640312,-0.5955220110552968,-0.49289771641545427,-0.8161212173773512,-0.7631012071279298,-0.4335115137643779,-0.5261087689564632,-0.7141200603115091,-0.6857810196531257
1960,-1.8131811065752383,-1.1100788309718663,-0.9465992283315846,0.966969573280023,-1.1171854490313542,1.2630705653884073,-0.06610167637005464,0.1074762968833372,0.263772357246581,1.8011821693115089,0.751225604119323,0.9043943435825985,-0.012012315660805508,-0.6484984909803139,-0.5893218979796647,-0.853417053633847,-0.6372165980502841,-0.868462410445189,-0.9623058238994793,-0.63948038215833,-0.04769752648233871,-0.3862286486182864,-0.5098334874101087,-0.2668617613122547,-0.17065844184725,-0.4206301010935445,-0.32035033103350896,-0.18606731664716697,-0.3880076351358986,-0.7654925356615512,-0.4235648201624593,-0.09833156902688764,-0.19225288574932903,-0.6590156181288894,-0.6047892545834677,-0.5227444511715622,-0.20257498341773503,-0.36432870869015244,-0.36993671331092826,-0.05626163996629256,-0.2242826373158831,-0.6599943616747205,-0.5122728236060611,-0.013548847282711479,-0.261867096611079,-0.3800244202319359,-0.21426673503863547,-0.3121304273434923,-0.72548345595001,-0.867257712768345,-0.7995720090707351,-0.7617701531125264,-0.5322935912771842,-0.8299573673716014,-0.9085380642045907,-0.7077620745403146,-0.5350391736231699,-0.2787671945246855,-0.05845395570394655,-0.01752497637602268,-1.1147951679398214,-1.2889153883200328,-0.4441442886029941,-0.7572994286948197,-0.16570418047589663,-0.7052118886785288,0.07465294856630036,-0.19472237699126485,-0.26619128038163553,-0.4341674306922269,-0.03702183947898514,-0.107439026412323
1961,0.01587082843083562,0.4675201730501063,-0.8577394851802643,0.3637461241236817,0.872792605137579,-0.313700197165432,-0.8273566203767736,-1.1041065952848623,-0.39144776764069633,0.15484925902301594,-0.3897648353147306,1.525386246504445,0.21622168189438393,0.8303366060591867,-0.4648969291163982,-0.38320396298159276,-0.4987881414485363,-0.6344069146740506,-0.9623058238994793,-0.8499826525944887,-0.9396412717020449,-0.6427814949227021,-0.2034842024641203,-0.33727303128727226,-0.4448624551523862,-0.114333758672368,-0.4272237354895068,0.08645291411483287,0.03180390451933258,-0.046208547141295055,-0.8402059846107165,-0.9628376336797759,-1.3145377819828006,-1.0689593579640175,-0.5669451296225689,-0.4406423348320834,-0.17255264306091397,-0.23273535420803415,-0.44759518366246004,-0.4971062709350767,-0.1199160986824074,0.22017244553490647,-0.1628974643406814,-0.687656110548338,-0.8952200744611408,-0.839088861310779,-0.49344068389088325,-0.42424258083829924,-0.1857289298382873,-0.1949361970504363,-0.49117744249206013,-0.8627276432840608,-0.7944680466823681,-0.11186234078871111,-0.659382196181723,-0.7258957301768253,-0.5994488142234948,-0.8594785327724285,-0.5273033920793596,-0.4344563910894566,-0.19925072006164227,-0.5032516770956562,-0.26831338771646174,-0.4411259191922909,-0.11794664374485217,-0.39853586207631,-0.7326111393201339,-0.7315246054536706,0.0015210930307522246,-0.18899052865426347,-0.24309521103670984,-0.4091826750596983
1962,1.3994582581837003,1.0833252525723536,-0.13971190546327414,-0.20275937595357796,0.20246314496000978,-0.10548559646921987,-0.5154384054972299,-0.4763074293621433,-1.1805518808950335,0.19321041421420423,-0.8546577484032866,-1.0998778019854252,-0.2282339975551937,-0.8333528781102552,-1.9953240461346096,-1.7238114980327035,-0.9140735112537796,-0.8266667862003448,-0.8078376008495424,-0.63948038215833,-0.5303964944835898,-0.7248784057401171,-0.6284203073891976,-0.8502694268195687,-0.33939937311194834,-0.40670754007439786,-0.9259662896175095,-1.2420832108499111,-1.053915594589027,-0.8805779738247949,-0.6789255338565504,-0.40273511291874936,-0.7877509939548437,-0.6692642116247691,-0.8507760668293161,-0.8876427460136895,-0.3727015787730496,-0.5078850953979108,-0.5873804302952151,-0.7344841491490369,-1.0244261001725488,-0.6945107070554896,-0.49639212545763217,-0.5363259085907498,-0.8343207496678647,-0.588690075267774,-0.7629879448516693,-0.7325510029490142,-0.5976468576603913,-0.5769370582537924,-0.3823323013466489,-0.4992806786665167,-0.9692510169524934,-0.6953145498873124,-0.8254861081969632,-0.7984303527228808,-0.7121656852740662,-0.6611868562975887,-0.5942818829901289,-0.7034444005819995,-0.4212008892442311,-0.6116190855403978,-0.494381688856289,-0.20399578706539423,0.24023488173798122,0.02609248244983913,-0.39857082709126457,-0.226298978665524,-0.36658342041128095,-0.03575496488053633,-0.03702183947898514,-0.5851998034373339
1963,-0.2235519547543517,-0.9100110107992138,-0.8383333343771024,-0.052740326859044284,0.030378567123380183,0.175503039421785,-0.5285258830446231,-1.1388556266089982,-0.5212746654511786,-0.4637243684348936,0.7475841452700652,-0.4788858990635789,-0.5165295734143766,-0.563181081535729,-0.5271094135480336,-1.0835213320381425,-0.31710079215874176,-0.41706966860084765,-0.10414902917760592,0.25993840970526283,0.26710614830108853,0.10635281628618858,-0.2528953774554091,-0.34733178414084825,-0.6768812356413451,-0.7130038824955792,-0.30253809695750616,0.20568051507320817,-0.055053655409334344,0.29904776734842564,0.812918635619473,0.7783506373816726,0.6093791829888678,0.5913127883682432,0.6062227441653185,0.708787293920623,-0.5828579612707864,-0.47199599872097336,-0.059302831904806515,0.18111623824766768,-0.3460435990549412,0.047590718631061055,0.9487514060491734,0.9494615288110358,0.9073999394198063,0.8198030962241396,0.7387753662155793,0.8930752227256716,-0.6828712565201354,-0.5769370582537924,-0.25534630334366587,-0.2367912042205142,-0.4885978487096549,-0.7177550194680233,-0.057255515126466164,0.5253265087426544,0.8336656891337649,0.8118370260869283,0.4907696697643924,0.3187100354896512,-0.3379695758007603,-0.15105759965024593,0.46012891595631533,0.3756556470225752,0.8133253225105146,0.8989396350869235,1.0489371925671693,1.2893779016989158,1.273154866739594,1.2514237708187717,1.9648337699389116,1.8287493857416686
1964,-1.444838363213411,-1.2945450321402296,1.0665335734069477,-0.24157549355146415,0.27850051656224173,0.24625557363894449,-0.20352019061768592,0.8812213943674262,-0.6145877482524627,0.3498517979115557,0.6431956582580136,1.0397539553093487,-0.564578836057573,-1.3452573347777743,-1.4229691893635703,-0.9534623920704984,-1.7792513650147022,-1.2780595280446863,-1.4171289251020731,-1.2709871934668096,-0.9606281833542729,-1.2379840983489485,-0.6580670123839716,-1.0413857310374837,0.46212005039536974,0.024891851519078547,-0.6409705444015089,-1.7189936146834124,-1.9803962338281562,-1.8156471589011258,-1.2434071114961294,-1.656877713753221,-1.0969519347538608,-1.0074677969887462,-0.9264643167511135,-1.2069287540005533,0.8081771419285335,0.6046769015872404,-0.21461977260786463,-1.0227287155516986,-1.3549201391785584,-1.5919356869555041,-1.4333533162147916,-1.4580644114233348,-1.4433139976006168,-1.1833871921199148,-1.1865622120757666,-1.106258181265033,0.5670865934228031,0.3551450430823956,-0.32790973077394003,-0.3579401924263598,-0.5978372051284822,-1.2338858198244762,-1.4483757782541289,-1.5963112007295104,-2.0325633175807547,-1.666808929848559,-1.7597076248375807,-1.5507566304834963,1.6040944045468921,0.6616979636853163,0.6108411167162002,-0.019561239855585798,-0.7149158528829078,-0.49289771641545427,-0.7047744466343948,-0.7946778088021889,-2.3744262210041893,-2.5488182107696615,-1.9211212365781825,-2.0184821345123667
1965,-1.3239759005478113,-0.3088898079868857,2.1542993947420754,-0.3580238463451233,0.2865044504151078,-1.0010105295606955,-0.5503383456236123,-1.1851876683745124,-1.1643235186687233,0.40419676776573904,-1.228514190260402,-0.3399641922913878,-0.6246404143615706,-0.05127662486820999,0.11990042454096993,1.0574489105061695,1.2834782372989633,1.0123406805729027,0.9685469642247357,1.264608336786935,0.49796217647560387,0.43474045955584095,0.34003872244004946,0.35678091560935965,-0.856168475110085,-0.5320105892466978,-0.2669136288055069,0.15458297180533132,0.7266643839486834,0.9607890367870625,1.0817193868764132,1.2532201658529776,1.181973517801863,1.2369741786085653,1.2117287435397084,1.1284203329890716,-0.7429771098404927,-0.4480699342696803,-0.3233416311000081,-0.27668395545068764,0.31494447895708405,0.8587248350791499,1.2028425764239967,1.4997531722931758,1.492033457435249,1.5292663233459913,1.3452567033773524,1.2107263242942885,-0.8391159877630071,-0.5310969549093933,-0.5093182993496319,-0.9233021373869872,-0.20457552202071022,0.4940303378906011,0.5656341549306995,0.9242669327459725,0.7370512282332776,0.9534739378546675,0.8792449170468748,0.7894390521015966,-1.281257794826763,-0.3948842686509145,0.05822971392995555,0.08582992997859049,0.16859857664141453,-0.5636691071698124,-1.233671607663438,-0.7946778088021889,-0.1992631870285386,-0.6486972199754449,-0.9496324849489088,-0.7360716277610215
1966,-0.12916412676788352,-0.9476384448683823,-1.5185699888458302,-0.269900768555327,1.188947992325806,0.9679314226539709,1.1183150416690522,1.2935765660805039,0.6573101412346053,-1.3396374119670238,1.7052878226248187,-0.027687193307744194,0.7087266239871579,-0.10815489783126654,-1.074579276546415,-0.9834759936014911,-1.0265466322426986,-0.977131033481792,-0.919397984163385,-0.7830046574557104,-0.7822394343103332,-0.40675287632264284,-0.5691268973996532,-0.34733178414084825,1.073805926229899,0.6931747804380131,0.21401669124649297,0.018322856424334427,-0.9525817746722465,-0.6360214177279053,-0.4101247825996101,-0.6584340897879142,-0.7762991072585821,-0.5257839026824745,-0.6710164732650421,-0.8146630870452654,1.1384228858535546,0.9874939328079381,1.4162081047742814,0.8254276219712697,-0.2242826373158831,0.2719469636060632,0.13883580047942287,-0.30245196011083714,-0.29840669148704546,-0.27569159271401494,-0.2624001744959198,-0.4148999013803973,0.8085557235254139,0.9663464210077631,1.613161952985936,0.6920177053576573,0.47270848777600644,0.6511136249556089,0.731738066945947,0.19892070728539832,0.23787651358074563,0.13197984960176548,0.18266861157483594,-0.05787317779990508,-0.7263823718702908,-0.9367213108746228,-1.1977052924024185,0.03313434506150234,0.12084103991037011,1.2999775160282865,0.6313868022810827,-0.32102878368830146,-0.3331193737347325,-0.2809318669184998,0.551759222114514,1.4012792168245534
1967,0.19658898689273271,-0.2951236735713362,1.1584574456324512,1.8576421095126032,-0.3598132082038616,0.21593305897444756,-0.8011816652819866,-1.2037204850807182,-1.3042931428706492,-1.6321412202998338,-0.5596995816134194,-1.2055532883335023,-0.7567758866303629,-0.406765830887321,-1.0994642703190685,-0.4332266321999185,-0.30844901362113425,-0.6176886649761124,-0.5932984021690739,-0.7638680874160598,-1.4223402397032998,-1.4637506030968332,-1.4881747522376114,-1.5644408794233526,-0.5186866125806919,-0.32317217395953285,-1.175337566681511,-1.3953758406535417,-0.4459126750883432,-0.0749799066821098,-0.5310851206652335,-0.914133066657079,-1.3374415553753198,-1.1406995124351647,-1.0021525666729143,-0.9606224049821169,-0.4727760466291139,-0.5796632887517943,-1.053331252404395,-1.378795532872639,-0.624354368744216,-0.03870014482086472,-0.27406235137966123,-0.41251028880726803,-0.8830402095024882,-0.619989923523151,-0.49344068389088325,-0.5830681316226061,-0.7680956553798844,-0.9894979883534163,-0.5818817267799061,-0.196408208151899,-0.18272765073694164,-0.4035884453380158,-0.32717437215123524,-0.4176235843560862,-0.5189367634730858,-0.2929308857014619,-0.2593894284362637,-0.21926598349542512,0.6330624143730658,0.6346061115741308,-0.2934320878431092,-0.7046038437777316,-1.0730973783657412,-1.6016495049003991,-1.8739155394354376,-1.394633240613113,-1.2701126806780896,-1.9971701811842437,-1.2440230157456584,-0.4343279791136463
1968,-0.026718801270375545,-0.9063400416217339,3.1787398818774113,-0.16499234261509377,1.8712833532826747,0.29072859514687305,0.6886095288629673,-0.2932958643883618,3.485102259169171,-1.211766894663063,1.0656048847718973,-0.35065047742771027,-1.465502510617525,-1.3594769030185359,-1.3731992018182637,-1.2035757381621237,-1.2082339815324932,-0.8601032855962213,-0.38734077143582574,0.0015947141699762554,0.49796217647560387,-0.08862734690516504,-0.13430855747631668,0.23607588136646576,-1.2674744950677874,-1.9381892521802901,-2.208447143089509,-1.3102132685404155,-1.1697256744939164,-0.13252262576372906,0.38283743360836653,0.24260040013199885,0.08259239496091104,0.13012608105372736,0.20885943207587185,0.48072585964429265,-0.7930143437685266,-1.2017409644854269,-1.4260919100917455,-0.9718620273629972,-0.8330874460111736,0.548077726652222,0.5993760467837881,0.2615969744583585,0.06698925727260673,0.058173455343327456,0.5173615447120741,0.5567387622412541,-0.35617772755777544,-0.4088566793243166,-0.4367548719193513,-0.4790891806322127,-0.9037074031011955,0.11254235501843712,-0.1403074711340863,0.10825242910283217,0.07685241207993347,0.20279830548563757,0.651518047950249,0.7759896516269675,-0.2824820335051131,-0.8283539024298812,-0.8711621907560012,-0.20399578706539423,-0.21346171720694107,0.02609248244983913,0.5200400315381262,0.4999628598424367,0.8715863066210123,1.2207766580640262,1.3760527083454126,1.149826176285074
1969,-0.3087312141567747,-0.788869027942378,0.6641112883308535,2.0380846021298047,0.8157645764359053,-0.3399797098746626,0.36360383643602995,-0.07321866600216875,-0.9066982683260477,-0.5036839050923813,-0.7963944068151646,-0.5097573894573995,0.20420936623358268,-0.33566798968349776,0.8913352314932356,1.077457978193499,1.32673712998701,0.9789041811770233,0.47939759123326775,0.059004424288927694,0.21463886917051672,0.8144386720863772,0.7353281223703528,0.7289547711916138,0.6203146734560229,0.6514070973805781,0.7840081816784942,0.7507209765972078,1.1175234036276922,0.7306181604605804,0.22155698285420042,0.47394709348981096,0.6208310696851255,0.7040473168229022,0.6440668691262172,0.6996648365495683,0.8782292694277803,1.250680641772166,1.0589791411572396,0.9271609983486786,0.9063548645467921,0.5308195539618343,0.12295510233099961,0.5092282140253219,0.6516227752880495,0.7572033997133856,0.5269882326035323,0.5100253649517509,1.334106183160515,1.5928278333812673,1.2322039589769869,0.9343156817693558,0.6693393293298925,0.3593875204063121,0.046559429883062664,0.4346582305600883,0.753153638383356,0.8684917907940239,0.731892237043175,0.5204510426090536,0.6885499566687131,1.2577187101313951,0.7364346173494376,0.744524741442192,0.28799241846902573,-0.2805835441523797,-0.5655909832056992,-0.09999257196848735,-0.4000474670878294,-0.31157897967324516,-0.2725342641163848,-0.5851998034373339
1970,1.176150470020592,0.4115378930935381,0.6263203630825904,0.8903864223436525,-0.5579105710623076,0.36956713327456514,-0.05497732045477041,-0.274763047682156,0.5112548811978127,-0.23195905582146498,0.01929237541854167,-0.9645181902586748,0.6726896770047585,-0.03705705662744333,-0.8381718357062066,-0.38320396298159276,-0.9659841824794339,-1.1777500298570538,-1.5715971481520101,-1.5484674590417464,-1.306912225616044,-0.8890722273749433,-0.9644162973299566,-0.8603281796731447,0.6519535980681549,0.331188193940255,-0.2669136288055069,-0.2541973743376654,-0.7499141348386852,-1.513547883722622,-2.1976497784582723,-1.9491051158894064,-1.3030858952865387,-1.2329368538980678,-1.2008342227176343,-1.0609694360637019,0.4679239512179079,0.49700961155641943,0.2979261317122354,0.4015385537320567,-0.03294398315450786,-0.763543397817034,-1.2427849384336784,-1.499336284684497,-1.199716698427517,-1.1103542128573711,-1.0036551421380877,-1.1436288990966375,0.5528825269461766,0.721865869837615,0.5065696846742322,0.5304857210831893,0.38531700264094776,0.13498282459915592,0.12961138589068277,-0.5808264850847144,-1.0342138882756962,-1.0294428268937204,-0.9827571302726159,-1.618003632856632,-1.142538939087645,-0.882537606652252,-0.7204499899961163,-0.9153861834460841,-0.6432795477863412,-0.9411165245263894,-0.45424421246274277,-0.8894076138249664,-0.8350800738829595,-1.3229337005798445,-0.6552419541521592,-0.9623793642465531
1971,0.03774117881794452,0.7914832029627046,0.31480057387393884,1.0550926510698186,0.7617380229290561,0.6606632740537357,-0.7597379863819074,-1.067040961872451,-0.6186448388090402,1.1026894685386242,1.018265919731548,-1.547514412695819,-1.23726851306234,-1.6580878360745903,-1.199004245409686,-0.3431858276069336,-0.6285648195126735,-0.9938492831797302,-0.6447878098523853,-1.0317800679711733,-1.1914842115287883,-1.1045766182706533,-0.5987736023944271,-0.8703869325267171,-1.4256691181284442,-1.9521118131994317,-1.9412636319495113,-1.3442782973856648,-1.1262968945295804,-1.384076765788976,-1.1627668861190488,-1.2794173193273097,-0.9709811810950024,-1.1816938864186763,-1.0021525666729143,-1.1978062966294987,-1.5635877462602374,-1.6324101246087108,-1.7833208737087873,-1.6331289738161643,-1.2853424467562413,-1.609193859645892,-1.385711221769516,-1.127889425334052,-1.0413784539650026,-1.047754516346617,-0.8303747600918667,-1.01283138668603,-1.8618087740799563,-1.5548592629343847,-1.7066148519491815,-1.8117280508965434,-1.8868616108706253,-1.6826952114387808,-1.6975316462769965,-1.5600438894564828,-1.6783102942789563,-1.2702255768988795,-0.8889872429975334,-0.6092985972596104,-0.22699449120946585,-0.1239657475390605,-0.3687881882230516,0.0594821375200464,0.4073862602966368,0.23840665471291372,-0.7882845246916121,-0.7631012071279298,-0.6342957938236687,-1.292286587825099,-2.0683165019765575,-2.0939180466742107
1972,-0.9993738579602011,0.9208848664688696,-1.6125366137874564,0.23995418151420628,-0.7349976075569787,0.23816956972841186,0.06041060658808194,-0.20526498503388446,0.028461104965082095,-0.30548460327124227,-1.2649287787529782,-0.6593653813659129,-0.180184734911993,0.9867518567075947,0.8664502377205823,0.7673174290398851,0.7470679679671935,1.4302969230213676,1.7752143512632979,2.3171196889677317,1.4528666566519979,1.5533108694430933,1.4073201022518707,1.7348300565490546,-0.6136033864170846,-0.5459331502658444,-0.2669136288055069,0.30787560160895583,0.5963780440556804,1.0183317558686817,1.7402812274559174,2.0081409547047957,1.6629527590447772,1.8518897883612555,1.8740009303554528,1.9494414963838598,-0.7529845566261009,-0.4480699342696803,-0.09036622004541814,0.4015385537320567,0.8541715952300574,1.083081080054152,1.5363372375409474,1.637326083163713,1.5651126471871777,1.7483652611336231,1.845844473733102,1.8273431685157218,-0.5124224588006472,-0.11853602480976944,0.07118912009257436,0.6112517132204268,0.8659701708837785,0.8306373816013274,0.7109750779440384,0.4346582305600883,0.6404367673327847,0.8260007172636997,0.9596191061398055,1.071876462068759,-0.4212008892442311,-0.34070056442854374,-0.6702125897428214,-0.098604617231218,-0.2612192539379855,0.04968294603462518,0.5478767242238654,0.6894224698879916,0.6708020265617216,0.7610699667428449,1.2288574429470378,2.130493034389044
1973,-1.0569274116104865,-0.061099388506994694,-0.30926038090142516,-1.328426786292281,1.9973453114653217,-0.5320223027498098,1.578558002085722,1.2518777284915408,0.30637180809064535,1.0946975612071268,1.5863335002157364,-0.04431030351980133,1.597637982886309,0.5886039459661888,0.08257293388198776,-0.30316769223227086,-0.4987881414485363,-0.8183076613513742,-0.7820928970078851,-1.2709871934668096,-1.1809907557026724,-1.0840523905663004,-0.9051228873404121,-0.8502694268195687,1.790954884104866,1.2500772212037894,0.5346369046144929,-0.7651728070164159,-1.2565832344225831,-1.3984624455593784,-1.78100861401001,-1.6325254302418726,-1.5664792893005173,-1.560891845766169,-1.4941261911646078,-1.3985003587926716,1.6788250122763122,1.4540521896081635,0.7949403419620324,-0.19190614180284385,-1.094003792594866,-1.4020957873612712,-1.8938935625191624,-1.7469675242514606,-1.820889811318926,-1.8615505709863895,-2.0625908101983295,-1.9003859351865768,1.192065518394275,1.0274665588002987,0.5609922552469347,-0.014684725843126935,-0.6852286902635409,-1.0992430023401873,-1.26150887723698,-1.4512419556373994,-1.5977982435285532,-1.8226095327930747,-2.0678086830271374,-2.303923057062604,1.9925072006164228,1.7724639002439178,1.2639273200090346,1.824784232242499,2.0311425091521484,1.606653542630505,1.717017817024908,1.699873723464285,2.410932453742242,1.9256602514231715,1.5232479737437876,0.8983731357455947
1974,0.3289621602883894,-0.7751028935268286,-0.7566232257322102,2.162925628998682,0.17544986820658545,1.1801890253054492,-0.10754535527013402,-0.6454193818062706,-0.052680706166469284,-1.4211548667482987,0.20500677673068032,0.7179780362045302,-1.0210468311679517,-1.1319638111663097,-0.5519944073206869,-0.1530996845772972,0.06357746349606223,-0.3919922940539418,-0.31010665991085723,-0.33329526152391564,-0.4884226711791339,-0.9198585689314743,-0.717360422373516,-1.1017382481589288,-1.5522248165769652,-1.5205124216059553,-1.4068966096695092,-0.9184654368200404,-0.8222954347792435,-0.8230352547431755,-0.47732497041384636,-0.2322691283393061,-0.49000193985208434,-0.7819987400794282,-0.7750878169075153,-0.7143160559636805,-1.8137739159004034,-1.7759665113164733,-1.9386378144118455,-1.7179067874640082,-1.7549918706068912,-1.643710205026661,-1.131620051394693,-0.5225686175036941,-0.5420039906601455,-0.7869224475518185,-0.8496281358747798,-0.7418936824069161,-2.316338901331935,-1.8451799174489374,-1.68847399509161,-2.0136430312396194,-2.1490360662758095,-1.9519808464073665,-1.5937167012674678,-0.8890986309054534,-1.1630331694763516,-1.256061885722108,-1.1702969048227765,-1.1338252157700626,0.7440374989643603,0.2011364777951644,0.15870451443654546,0.7708725339007362,0.9804767010691703,0.8517587079173513,1.4664875828532558,1.1946480966761381,0.3696256064727854,0.2094219371574271,0.6695154344332138,0.16915931818110438
1975,0.5177378162613258,0.7098041387637772,0.761142042346663,-0.9056458297531409,0.06039331907162955,-0.3217862010759646,2.885124510567167,0.04724464258816855,-0.7018151952188805,-0.9320501380606493,-0.9481218588675653,-0.1309879496255276,-1.0330591468287487,-1.0039876969994248,-0.17871950073087856,-0.013036210765986543,-0.5160916985237544,-0.801589411653436,-0.601879970116294,-0.7638680874160598,-1.3488860489205,-1.6484686524360121,-1.922993092160948,-1.6549696551055222,-0.33939937311194834,-0.8939971757444558,-1.2822109711375087,-0.6459452060580405,-1.053915594589027,-1.556704923033834,-1.2299670739332802,-1.084599051236518,-1.3374415553753198,-1.4071629433279944,-1.22921731643831,-1.4806024751321505,-0.3126568980594075,-0.6394784498800249,-1.2552432753183789,-1.073595403740406,-1.267948023650665,-1.9198409680728197,-1.6398023921443392,-1.719452942077354,-1.772170351484307,-1.6841847642059287,-1.4176027214707267,-1.620105551449561,-0.5976468576603913,-0.36301657597991754,-0.7995720090707351,-1.1656001137986856,-1.4717520564790927,-2.0417427247302258,-2.1543174043189146,-2.212855492370995,-2.5800452626835275,-2.3891571798640463,-2.201765664848685,-2.1425302513670843,-0.5599197449833492,-0.692894641873954,-0.5948564893628789,-0.4674737116508349,-0.09406787537932994,0.23840665471291372,-0.09236720754813431,-0.19472237699126485,-0.9020081672360564,-0.6793443327301903,-0.15477805179768497,-0.9623793642465531
1976,0.1125607985633157,2.425064486941245,1.3872457498381494,-1.1249044399682284,-1.5013742739689457,-1.0515480540015236,-0.8360816054083692,-0.397542958360769,-0.8417848194208065,0.15484925902301594,-0.2550308578921988,-0.5738751002753336,-1.057083778150347,-0.6342789227395522,-0.2658169789351673,0.35713154144961967,0.6259430684406638,1.0457771799687792,1.2689018423773897,0.9488549311326936,0.980661144476855,0.5578858257819616,0.41909660242610874,0.5680147255344231,-1.7209657478416636,-1.3952093724336554,-0.9615907577695088,-0.8162703502842866,-0.2142925152785596,0.5436043234453101,0.6381981473024577,0.9001120549384191,0.8613206903065844,0.9807593412116117,0.7575992440089134,0.5993178054679835,-1.7437217884011567,-1.357260383418834,-0.9446093939122571,-1.0057731528221334,-0.7809041766944327,-0.38386359862856173,-0.03585187915326698,0.23408239228425198,0.4080254761149494,0.8615362272313065,0.7002686146497532,0.6127948389886593,-1.7623803087435856,-1.3103787117642367,-1.1442482893645407,-0.8021531491811416,-0.9474031456687247,-0.9646001848558984,-0.6386192071798144,-0.21815337235442397,-0.13247891987113092,0.4719084378443444,0.42379117885361844,0.022823225047859715,-1.33674533712241,-1.2618235362088477,-1.4237735935422458,-1.9429500893293028,-1.8610967344279745,-1.578059041315613,-2.0130990028641333,-1.647246054007186,-1.169720540648444,-1.2003452495608626,-1.3912182811440332,-0.6354904115452297
1977,-1.0108845686902581,-0.1739816907145007,0.10746117318752531,-0.5416135917405316,0.00036381517513081753,-0.7139573907367912,-1.1676310366090032,-0.2701298435056046,0.12177418776636606,1.2385518931740824,-1.1326224405632848,0.03168105744960248,0.6126280987007651,-0.15081360255356147,-0.2907019727078206,-0.11308154920263803,-0.33440434923395984,-0.015831675850321088,-0.15563843686091722,-0.5916389570592022,-0.7927328901364453,-0.4683255594357013,-0.2924243174484387,-0.2970380198729755,0.9472502277813742,0.860245512667748,0.7127592453744893,-0.5778151483675421,-0.055053655409334344,0.11203393033316048,-0.1144439562169762,-0.36620668765172454,0.002429188087091363,0.3248493574754098,0.2656256195172199,0.3347665417074411,0.8482069290709628,0.6166399338128847,0.5774966249777456,-0.022350514507156246,0.2801556327459255,0.5825940720329911,0.5199725560416605,0.16529593684898325,0.46892480090822114,0.6737371376990519,0.5943750478437297,0.7062216335676622,0.16937273207732065,0.09538445746411083,0.07118912009257436,0.26799624663718674,0.013903190816944334,0.24718517250273403,0.731738066945947,0.5797274756521993,0.7692560485334401,0.6418727319656363,0.6113309534037836,0.7759896516269675,-0.7263823718702908,-0.17814945176143132,-0.21807598746316675,-0.2566913719824824,-0.30897679066903005,-0.3749453984915239,-0.5377542905199602,-0.09999257196848735,0.0015210930307522246,-0.4035203179374815,-0.30197331719605974,-0.2834561547899586
1978,0.12522258036637812,-0.7145319020984108,0.8428521509915553,-0.9329220204976014,0.28250248348867474,-0.49361378417478047,0.8194843043369018,-0.09638468688492591,1.825752221528945,0.03656903051685228,-1.6060120909667752,-1.1711197028942413,0.048049262643192155,-0.1650331707943231,-0.8506143325925309,-0.5032583691055703,-0.7496897190392031,-0.7096390383147743,-0.6104615380635111,-0.8882557926737897,-0.6563179643969616,-0.7761889750010009,0.10286508248186464,0.17572336424502058,0.31447173553875823,0.1780400227296668,-0.39159926733750755,-1.071758066623665,-1.097344374553358,-0.981277732217631,-0.813325909485023,-0.9871899171911244,-0.6732321269922431,-0.2900662522772768,-0.1411987238124498,0.061092820575844,0.7181101208580739,0.5089726437820639,0.002823944376422248,-0.751439711878602,-0.6591432149553745,-0.763543397817034,-0.6551991069418988,-0.8527436035929771,-0.7003422351226599,-0.39045770298372573,-0.23352011082154853,-0.031850043606476565,0.7517394576189178,0.4926653531156035,0.016766549519871957,-0.6204296668723694,-0.16087977945318085,-0.49335032366087506,-0.617856218177913,-0.6714947632672804,-0.4062198924225145,-0.4628951798227539,-0.20580663570764643,-0.004075575901393623,-0.7263823718702908,-0.963813162985808,-1.3484174931623034,-1.8902545044122148,-1.7178241242348413,-1.2713830147133942,-0.37073413440552544,-0.7631012071279298,-1.2701126806780896,-1.292286587825099,-1.3323401749846833,-0.5097638912754902
1979,0.8480952142139646,-0.5906366923584653,-0.3644147042367277,0.4004640732027633,0.4255728011086635,-0.6432048565196318,-1.265787118214454,0.8441557609550149,0.24754399502027075,2.235941928144975,-0.34121205065796234,0.5244375387355799,0.6726896770047585,-0.1934723072758564,-0.22848948827618515,0.20706353379464246,0.22796125571063866,0.27673769386360253,0.05890076181955112,0.16425555950700702,0.4035210740405761,0.5270994842254305,0.19180519746618307,0.055018330002126685,-0.1917510582553368,-0.21179168580637464,0.32089009570249083,0.614460861216211,0.40818666421023286,0.25589072803720864,-0.02036369327704636,0.29130496715469567,0.8155131435215458,0.5913127883682432,0.5778396504446428,0.4989707743863987,-0.04245583484802866,-0.13703109640286187,0.3445212139231556,0.46936080465032937,0.15839467100686738,-0.004183799440095638,-0.21053955878595684,0.08275219032666374,0.5420039906601541,0.2564058276273757,0.42109466579750887,0.5380534033254535,0.2972093303669393,0.21762473304918759,0.1618934043804203,0.10646426236272588,0.013903190816944334,-0.044540932046570635,0.025796440881161325,-0.09121778289883009,0.17346687298042077,0.23112568783918538,0.4907696697643924,0.43975463976129364,-0.64315105842682,-0.8283539024298812,-0.9967556913892386,-0.1513002021483061,-0.022431570282763248,0.07327340961941127,0.24167310468073508,0.7209990715622508,0.8715863066210123,0.025539260628954542,0.11017342591938963,-0.15772963452021888
1980,-1.1800920164220976,-1.5515128745638203,-0.6136305356036488,-0.2929806222621788,-1.7434932730181576,0.0016539553453358404,-0.2864075484178445,1.3213757911398123,-0.22713560009930492,0.9588351365716685,1.2355396310705862,-0.905149939501328,0.1921970505727857,-0.05127662486820999,0.418520349812814,0.30710887223129396,0.20200592009781,0.0008865738476171493,-0.5589721303801998,-0.23761241132565983,-0.22608627552627847,-0.1912484854269328,-0.12442632247806103,-0.2668617613122547,0.6414072898641097,0.34511075495940163,0.053706584562493026,0.1886480006505866,0.36475788424589684,0.5436043234453101,0.04683649453718992,-0.09833156902688764,-0.009022698609170335,-0.2388232847978853,0.038560869751824205,0.1431949369153228,0.6280430997876143,0.47308354710512635,0.2979261317122354,0.3506718655433492,0.6280440948575174,0.7724339716272242,0.4564497634479504,-0.06857801163092939,-0.07916912223125502,-0.10875906868534375,0.02640046224778278,0.19237426338313401,0.6381069258059258,0.676025766493216,0.5609922552469347,0.651634709289042,0.887818042167547,0.763315972859187,0.6486861109383195,0.03571780655677024,0.044647591779765315,0.27361676136950963,0.19606430975699266,0.11696902837024879,-0.6154072872789963,-1.099272423541735,-0.8711621907560012,-0.4674737116508349,-0.2850980223035078,-0.3513549349067378,-0.3150607490340472,-0.03683936861996904,0.26923346644313995,-0.2196376414090089,-0.802437219550534,-1.5910119655952515
1981,-0.2212498126083404,-0.7815270895874185,-0.355222317014177,-0.6591110287935926,-0.05766470525815141,1.0022969392737344,0.269810247346377,3.920603334185166,2.570228338660929,-0.7306540733069115,1.9310582712787914,-0.9787665704404381,-1.357391669670331,-1.032426833480958,-0.07917952564026091,-0.3231767599196005,-0.2911454565459131,-0.14957767343382994,-0.5074827226968854,-0.63948038215833,-0.32052737796130626,-0.13993791616604892,-0.07501514748677222,0.09525334141642704,-0.42376983874429563,-0.8522294926870209,-0.6587827784775117,-0.40749000414128994,-0.330102595183454,-0.19006534484534832,-0.4101247825996101,-0.597553381009541,-0.11208967887550934,-0.02360282138444702,-0.16958181753312215,0.11582756480216212,-0.13252285591848828,-0.5078850953979108,-0.6029121243655182,-0.3953728945576617,-0.4678045607939993,-0.2975727351766359,-0.6234377106450466,-0.46753945315548107,-0.15224831198318373,-0.15049219969251063,-0.20464004714718065,-0.04119272306437853,-0.029484198595420605,-0.16437612815416847,-0.16464201905581993,-0.5194721767008279,-0.7070765615473095,-0.7177550194680233,-0.7631971411912519,-0.7077620745403146,-0.32570784167210554,-0.10880290040339857,-0.04505825752178985,0.049722025997113055,-0.9483325410528797,-1.4514665009871455,-1.8256727955686056,-1.5477332024511414,-1.1447336834623079,-0.6816214250937427,-0.7882845246916121,0.2473500464483634,0.5704098865320762,0.9449526432713173,0.6989544875128888,0.14401401412715645
1982,0.6167299285398171,-0.7264625519252205,1.161521574706635,-0.6475711019401668,0.19846117803357677,-1.5730953062308708,-0.06828292262795374,-0.9975428992241795,0.42402743423139505,-1.0822979958928032,-0.6701571667075673,1.7034909987764848,0.25225862887678335,-0.34988755792426446,-0.7386318606155889,-0.33318129376326705,0.06357746349606223,0.3854063169002055,0.530886998916579,0.9679915011723476,1.6102684940437095,1.943271195825808,2.8896553519905135,3.173231714610195,0.45157374219132446,0.2615753888445367,0.26745339347448877,0.5463308035257065,0.9872370637346892,1.119031514261518,0.8263586731823174,1.2410440240973013,2.086672566806395,2.343822276163407,2.3754355860873693,2.6062584270996902,0.31781224943380976,-0.017400774146392257,0.5153698486965222,0.8084720592416985,1.1672712111304908,1.2729209796483851,0.9169900097523213,1.2108500594650549,1.869609271153554,2.0822303091909653,1.9421113526476705,2.1169662317106392,0.16937273207732065,0.11066449191224746,0.4702879709590952,0.9948901758722749,1.1936882401402602,1.3692086515384991,0.731738066945947,0.6522620981982548,0.8014608688336026,1.0951108496224116,0.9060363134111834,0.89703425589861,-0.11601940661817145,-0.7199864939851394,-0.7455686901227638,-1.0998207306558925,-1.0730973783657412,-1.224202087543822,-1.3728550710921334,-1.9314354690755184,-1.1362564939718958,-0.4648145434469724,-0.890754378789559,-0.534909195329438
1983,-2.8997921994926292,-1.5955645046935787,0.9868662174781775,-1.3210831964764644,-0.6879744961713882,-0.2894421854338344,1.377883346359022,1.8541942714432267,0.5721112395464762,1.3184709664890577,-1.317123022259004,1.7509855993823622,3.3514360693630167,3.2476632069891407,3.417162099417601,3.518564236047762,3.4723782073140987,3.5785920092064742,3.422875397129293,2.967763070315865,1.830631066392109,1.389117047808267,0.7946215323598973,0.5076622084129779,3.0565118685901016,3.213158324903158,3.1352230797104976,2.8797852794253296,2.7388645222961774,2.413742693597977,1.4580404386361328,1.1436348900519075,0.47195654263374776,-0.1978289108143736,-0.5764061608627918,-0.4132749627189228,2.2992867129839247,2.3632426387573173,2.3791731371332583,1.9953614503114936,1.9152314046704155,1.2729209796483851,0.10707440418257069,-0.041063429456817985,-0.33494628636300766,-0.8182222958071955,-0.8881348874406093,-0.685837605659511,0.8227597900020405,0.8288261109745552,0.7242599669650548,0.5304857210831893,0.7348829431811904,0.4267089291484526,0.06732241888497138,-0.14561874980836848,-0.5350391736231699,-0.7320053121814607,-0.8086130539046027,-0.7303432015312529,0.7162937278165367,0.8242490763524286,-0.5697377892362315,-0.8363428060704519,-1.2641275252899191,-1.224202087543822,-1.010978066177525,-0.3841819870368198,0.0349851397073007,-0.3728732051827361,0.11017342591938963,0.8732278316916467
1984,-0.19017089363718634,0.5473637526602932,-1.002774928024948,0.15707652502142225,0.3165192023633571,-0.3945602362707571,0.4813911343625711,0.19087397206126286,1.308473175565305,0.158046021955615,-0.9420527607854693,-0.908712034546769,-0.012012315660805508,-0.6200593544987856,-0.24093198516251402,0.18705446610731288,-0.4122703560724428,-0.41706966860084765,-0.1470568689137002,-0.17063441618688144,0.16217159003994863,-0.12967580231387069,0.1127473174801238,-0.07574545709433964,-0.27612152388768785,0.19196258374881342,0.053706584562493026,-0.28826240318291463,-0.8222954347792435,-1.153905889462494,-0.6520454587308568,-0.2687975536063309,-0.23806043253436768,-0.5052867156907187,-0.7372436919466165,-0.9150101181268502,-0.4427537062722964,0.018488322530545227,-0.3233416311000081,-0.5988396473124856,-0.6417487918497922,-0.9016087793401103,-0.3534658421217945,-0.1511217581532489,-0.2740469615697359,-0.51565709600523,-0.9844017663551745,-1.0782301428913337,-0.6828712565201354,-0.6074971271500602,-0.9265580070737116,-1.1252171177300705,-1.1003382446550813,-0.9421597152751795,-0.659382196181723,-0.5445591738116865,-0.26129820107178064,-0.5053862533530731,-0.7818216575402941,-0.8110396043790129,1.6873257179903631,1.58282093546562,1.7663013225419844,1.1397416283203532,0.43126502866215904,0.9225300986717095,1.3829775047960389,2.299829155275209,2.7121088738311783,1.6804833493852078,0.8461497529112635,0.5211935749363755
1985,-0.1706026853960894,0.33720076724957115,-0.4154835221397854,-1.8152018826549632,1.0618855424115499,0.7516308180472264,0.7082407451840577,0.1978237783260901,-0.1033943381236889,0.7734228864809253,-0.4990086007924591,1.9801470473057199,-0.552566520396776,-1.0608659699624865,-0.539551910434358,-1.0134895951324872,-1.0698055249307454,-0.6093295401271418,-0.7992560329023223,-0.8308460825548383,-0.7717459784842173,-0.6222572672183493,-0.41101113742753115,-0.04556919853361526,-0.9721778653545681,-0.7826166875912975,-1.0506519281495101,-1.2420832108499111,-0.9525817746722465,-0.9668920524472238,-1.0283665104905761,-0.8289000743673575,-0.7877509939548437,-0.5975240571536219,-0.4912568797007681,-0.5136219938005077,-0.8530590244821652,-0.5677002565261456,-0.8358875354201136,-1.3618399701430677,-1.1809759081227655,-1.0741905062439618,-0.6075570124966176,-0.46753945315548107,-0.6272630453707312,-0.30699144096939196,-0.16613329558135456,-0.21870363276448593,-0.4840143258473992,-0.6991773338388692,-1.089825718791838,-1.3069406000388424,-1.449904185195324,-1.4582905156316324,-0.5348042621702929,-0.32695530617351365,-0.374015072122352,-0.0804755180498457,-0.04505825752178985,0.07662082694636639,0.6885499566687131,1.2306268580202098,0.13358581430989802,0.2175688922713108,0.38350749193111455,-0.06826937188930511,0.6035501095953436,0.1841968430998451,-0.03194295364579624,0.6997757412333541,0.6400763813535388,0.6217747911521673
1986,-0.20053053329423745,0.12428455495573845,-0.1754600779954145,-0.40733080653703285,-0.36681665032511995,-0.22071115219430823,2.4641439827926783,-1.2268865059634753,0.002090016347327667,1.618966682153365,1.7453438699666528,0.26440460041840136,0.24024631321598214,0.1904560352247879,-0.44001193534374483,-0.5132629029492368,-0.6977790478135488,-0.6594842892209566,-0.28436195606920006,0.135550704447533,0.550429455606172,0.4244783457036664,0.48827224741391234,0.7490722768987622,-0.6874275438453866,-0.4206301010935445,-0.17785245842551184,-0.13496977337929011,-0.4748651950645655,-0.2907651032381846,0.07371656966288348,0.2791288253990193,0.4261489958487091,0.6015613818641229,0.7575992440089134,0.8273792397443139,-0.4027239191298671,-0.5437741920748526,-0.2612148548187848,-0.03930607723672742,-0.2590714835270417,-0.03870014482086472,0.13883580047942287,0.5917719605476415,0.8221408847092208,0.9241359237420568,0.9601891877190845,1.0145300556783805,0.0273320673110805,-0.057415887017228336,0.016766549519871957,-0.2367912042205142,-0.05164042303435358,0.17986376376058558,0.42029323191736057,0.851732310199917,0.8658705094339274,0.8118370260869283,0.8658492188647229,0.7356414502030851,0.35562470289482984,1.0951675974642827,0.7364346173494376,0.5600901942323837,0.43126502866215904,0.8045777807477792,0.38085656810943064,0.5315394615166958,0.9050503532975608,0.30136327542166347,-0.5669247949131343,-0.057148418304427115
1987,0.08033080851915568,0.07105550188228081,-0.44918894195580295,-0.28458794818696004,-0.7249926902408955,-1.7287508815086214,-1.0956499100983392,0.515198264419863,-0.1297654267414433,-1.0711093256287065,-0.6033970878045107,-0.34946311241256345,1.5015394575999161,1.612412859301232,2.110699926353274,1.4876438657837645,1.3786478012126675,0.9956224308749615,1.1144336193274527,1.0445377813309493,1.347932098390854,1.7585531464866289,1.2393221072814895,0.789307288313059,1.1898153164743783,1.6955991738164125,2.208986907758491,1.8748669284904564,1.5662874632591508,1.5362162276032654,1.7537212650187666,1.898555678903726,1.9721536998437943,1.370205894054984,1.107657399897235,1.0554406740206443,1.2184824601384059,1.513867350736394,1.9908807853756048,1.707116883908832,1.410793134608607,1.7561498149791646,2.1556844653295792,2.242646890994071,2.052307245533378,1.4562333440834474,1.1527229455482184,0.9584739789309754,0.6949231917124218,0.996906489904031,1.2140631021194217,1.0554646699752013,1.1936882401402602,1.638494286507077,1.541494638020254,1.4501429462048845,1.574376556037518,1.4633668202185435,1.4016771461509052,1.2736174691881663,-0.14376317776599504,0.03858536512805193,0.18382321456319298,-0.07225682477267392,0.47902256539320354,0.8281682443325652,1.2437940413673432,1.2262246983503973,0.9719784466506578,1.1594824325545354,1.7881994514608621,0.8732278316916467
1988,-0.1706026853960894,2.4287354561187247,-0.5717541049231413,-0.6675037028688114,0.5746460691183018,2.3324445825563322,0.2479977847673879,-0.43924179594973184,0.8033654012713976,-0.02896460960142745,0.5934290539848263,2.2259316054411356,0.5285418890751692,-0.06549619310897666,-0.4897819228890515,-0.3431858276069336,-0.4901363629109257,-0.9102580346900361,-0.9623058238994793,-1.050916638010824,-0.9396412717020449,-0.8993343412271179,-0.6284203073891976,-0.5384480883587633,0.9894354605975516,0.3868784380168366,0.26745339347448877,-0.3563924608734131,-1.3434407943512552,-2.2472175520132804,-2.2110898160211168,-1.5351162961964746,-1.0053368411837793,-1.325174195360971,-1.2954445351198844,-1.2160512113716047,0.9783037372838481,0.4850465793307708,0.328989519852847,-0.208861704532409,-1.4418922547064579,-2.2822625945709043,-2.275030318081394,-1.4580644114233348,-1.0900979137996216,-1.7363511779648853,-1.7545367976717137,-1.6107628719916625,1.1778614519176485,0.9357863521114953,0.5972739689620782,-0.03487622387743096,-0.7726201753986074,-1.256326289405195,-1.1992199102312686,-0.5264255181751695,-0.7926777360244751,-1.7801184592627555,-1.86687321029482,-1.8331940404506637,1.548606862251245,1.6099127875768056,1.7160639222886893,1.3768717604472496,1.5058096051106593,1.559472615460933,1.1324472706243867,1.4472609100702114,0.9050503532975608,1.0062468687808082,0.3456858505567893,0.3703217506126879
1989,0.08608616388418423,1.244847896381468,-0.7086185369033361,0.550483122297297,3.1499117862780976,1.4308551465319572,1.8882949707073666,-0.8979290094283235,1.326730083069904,1.1554360569265076,1.8011795723219357,-0.053809223640976934,-0.14414778792959781,0.14779733050249297,0.0701304369956589,-0.03304527845331613,-0.6891272692759383,-0.6260477898250801,-0.4216670432246999,-0.16106613116705792,-0.4674357595269059,-0.17072425772257996,0.04357167249232019,-0.11598046850863641,-1.204196645843527,-1.0332227859359024,-1.389084375593513,-1.0206605233557882,-0.6920090948862405,-0.0749799066821098,-0.3160445196596803,-0.2687975536063309,-0.1464453389642863,-0.2388232847978853,-0.3398803798571698,-0.2125809005557531,-1.713699448044339,-1.5247428345778897,-1.534813768583889,-1.4635733465204828,-1.041820523278125,-0.6599943616747205,-0.5122728236060611,-0.44002487098137455,-0.2375073666937694,-0.27569159271401494,-0.3297869897361172,0.005520674225124641,-1.932829106463079,-1.7840597796564017,-1.507065426515918,-1.2665576039702273,-0.8600116605336661,-1.3460881677280543,-0.9708270312103021,-0.7077620745403146,-0.27740061122186477,-0.20794873864081342,-0.3263679193470377,0.17076663026875546,0.9382438969991255,0.44496314679583304,0.661078516969495,0.5864379866909277,0.5984164072208146,0.5686731448999185,0.5757134169096044,1.0999182916533607,0.6038739332086246,0.7304228539880996,-0.24309521103670984,-0.7360716277610215
1990,-0.5780818452401107,-0.8384271118383563,-0.2285716486145943,-0.8594861223394381,0.043384959634288074,-0.49361378417478047,0.9416340947792405,0.4109511704474559,-0.9776973530661551,-0.9160663233976543,-0.7417725240763003,-0.6807379516385575,-0.16817241925119603,0.46062783179930905,0.0203604494503523,-0.30316769223227086,-0.16136877848177594,-0.14957767343382994,-0.38734077143582574,-0.18977098622653193,-0.49891612700524973,-0.4683255594357013,-0.2528953774554091,-0.025451692826466872,-0.0862879762149027,0.27549794986367837,-0.1956646925015083,0.22271302949583582,0.5529492640913495,0.31343344711883303,0.3021972082312811,0.29130496715469567,0.3116301288861084,0.06863452007845615,-0.008744286449300887,0.08846019268900468,0.1576931008641034,0.3534532248486567,0.28239443764193234,0.4015385537320567,0.4540998638017245,0.22017244553490647,0.5199725560416605,0.4541990496771089,0.4080254761149494,0.42333835165604317,0.2189342200769167,0.40725589091484593,0.5386784604695551,0.813546076526424,0.9056685355407467,0.6718262073233461,0.4290127452084771,0.4940303378906011,0.8563160009573773,0.996801555292028,0.8175632789836809,0.8968191731475719,0.8256621243182575,0.9373824573224924,-1.142538939087645,0.17404462568397897,0.5857224165895527,0.744524741442192,-0.3328555590345522,0.02609248244983913,-0.45424421246274277,-0.5420649954081157,-0.3331193737347325,0.1787748244026817,0.43400300979581424,0.4457576627745317
1991,-0.0693084309715867,-0.5282302163413075,-0.12643401280847902,0.25778861392404584,0.8197665433623383,0.4888356909549198,2.2460193570027878,0.01944541752885989,-0.649073017983372,-0.5420450602835694,-1.700690021047473,-1.0298232660917561,-0.1201231566079996,0.13357776226172632,0.231882896517912,0.02698192460867263,-0.022940321880028192,0.134632571431126,0.5737948386526733,0.5278503902603763,0.7707920279545715,0.8554871274950829,0.8341504723529304,0.9703648396773981,0.2828328109266261,0.1641174617105251,0.035894350486490215,0.42710320256733114,0.7411406439367971,1.1909599131135447,1.3236400630076601,0.9244643384497675,0.5406678628113057,0.7860360647899293,0.9941250250145356,1.1649101624732838,0.5980207594307968,0.5687878049102987,0.3911162961340758,0.8084720592416985,0.8715660183356336,1.1693719435060779,1.441053048650391,1.2796365149003188,0.7977811547919111,1.080635165018938,1.2682432002457,1.5750908231524086,1.0500248536280297,1.0274665588002987,0.9782319629710209,1.176613658181047,1.4558626955454441,1.4365300602806397,1.5830206160240716,1.3957419792953396,1.0913042515350702,1.2934025260972515,1.1873459752364313,1.2198198672896547,0.13367453371224097,-0.015598339094318896,0.13358581430989802,0.6391335716080159,0.9804767010691703,0.8753491715021374,-0.00885712949091697,-1.1735970288932989,-1.303576727354638,-1.2309923623156083,-1.0673886972676088,-0.30860145884390655
1992,-0.5527582816339852,-0.17122846383139068,0.26781726140312617,-1.0462231205130534,-1.2152336387289686,-1.0656985608449556,0.42249748539930054,1.0595997551646563,0.385485073943908,-0.4141745429796087,-1.2964880887798775,0.4864418582508781,0.8889113588991466,1.4133389039305289,1.687655032218159,1.9578569564360186,1.7939331710179076,0.9120311823852704,0.2820215284472365,0.16425555950700702,0.44549489734503206,0.39369200414713534,0.20168743246444223,0.19584086995216898,1.4851119461876015,1.7373668568738474,1.9061789284664938,2.164419673675084,1.9281939629619373,1.205345592883947,0.3156372457941303,0.1938958331092977,0.116948055049688,-0.04410000837620287,-0.1033545988515477,-0.021009295763634802,1.8789739479884442,2.1718341231469687,2.2704512786411146,2.351428267632434,2.1065700588317906,1.5835680880753191,0.9169900097523213,0.42668446750300243,0.20096777181781153,-0.004426241167422859,0.016773774356324544,0.1363181866357322,1.1352492524877738,1.4553075233480592,1.3954716706951071,1.3785286385241302,1.281079725275319,1.0999230165699132,1.230049802991675,0.9242669327459725,0.5760271267324598,0.3727625996069245,0.3434169897606925,0.5204510426090536,-0.9483325410528797,-0.882537606652252,-1.222823992529066,-1.679472164743862,-1.7655816609658859,-2.0498683130113347,-1.8182421540639593,-2.215624884143851,-1.9728576608856077,-1.721346166391535,-2.392146085852982,-1.012669972354449
1993,1.7493838643774362,3.084003454298881,-0.9425137228993399,0.5452377010002853,-1.4353418196827976,-1.05559105595679,-0.7924566802503911,-0.15893294326837015,-0.9959542605707542,-0.21597524115846992,0.9502920212120728,0.3166486610848665,0.324332522841578,0.7734583330961301,0.7793527595162936,1.1775033166301505,1.023924881170689,0.9287494320832086,0.7196814937553933,0.5852601003793277,0.44549489734503206,0.7118175335646095,0.5179189524086864,0.386957174170084,0.1351844960700146,0.7627875855337364,0.9799427565144935,1.7556393275320812,1.8123838830570431,0.9607890367870625,0.5441178843625278,0.36436181768874093,0.4146971091524474,0.3658437314589251,0.18993736959542248,0.23441951062585625,0.3478345897906308,0.6405659982641778,0.9191938945244844,1.6392946329905593,1.880442558459257,1.1866301161964654,0.6470181412290692,0.3303834298936272,0.6029033154534302,0.37117193789708647,0.2189342200769167,0.3044864168779409,0.8227597900020405,0.538505456460008,0.5609922552469347,0.6718262073233461,0.7130350718974218,0.8081969120206166,0.8563160009573773,0.7610640320173444,0.8336656891337649,0.38692629078370094,0.5041653679465491,0.5339004430836827,-0.8928449987572324,-0.5303435292068416,-0.4441442886029941,0.3493078545640312,-0.11794664374485217,-0.23340261698280754,-0.00885712949091697,-0.005262766945709872,1.3735470067692395,1.9869544769326621,2.1414680884169615,1.149826176285074
1994,0.9965833826317017,1.0842429948667238,-0.6340580627648719,-0.6255403324927181,-0.6609612194179638,0.23210506679551254,-0.8273566203767736,0.9762020799867307,-0.17033633230721887,-0.34384575846243054,0.35552040916666194,-0.025312463277450462,0.27628326019838156,0.07669948929866977,-0.5271094135480336,-0.6033037075422218,-0.40361857753483527,-0.35855579465806237,-0.3959223393830427,-0.5150926769005969,-0.02671061483010699,0.9273219244603196,0.7353281223703528,1.0206586039452707,0.4093885093751508,0.19196258374881342,-0.1956646925015083,-0.032774686843542435,0.3068528442934522,0.24150504826680638,-0.033803730839895525,-0.03745086024851444,0.09404428165716867,0.6323071623517549,0.8995147126122888,0.8912364413416867,0.33782714300502265,0.3534532248486567,0.46877476648560207,0.8762943101599772,0.9933269800746917,0.8414666623887623,0.7264216319712025,0.8944323644628228,0.5298241257014972,0.7989365307205561,1.1623496334396766,1.248097042125893,0.5386784604695551,0.26346483639358664,0.6154148258196436,0.7727836974948877,0.9096659134513155,1.144803955731343,1.5830206160240716,1.7765487476621407,1.3006355834861287,1.279238834920475,1.3480943534222878,1.4619090758329443,0.6885499566687131,0.14695277357279354,0.38477281557637283,0.296612269646943,0.07308350317932565,-0.5872595707545984,-0.8717946027488295,-0.6683714021051522,-0.6008317471471202,-0.2809318669184998,0.16905153207873955,0.39546705466663584
1995,0.017021899503841594,-1.370717642572937,-0.20610136873724907,1.7013285548616557,-0.22774829963156448,-0.1358081111337168,0.13021048684084705,-0.4716742251855918,0.028461104965082095,-0.5164709568227773,1.6263895475575705,-0.7614787726685492,1.1772069347583338,0.4890669682808373,-0.06673702875393647,-0.6533263767605475,-0.5680023697494087,-0.35855579465806237,-0.41308547527747985,-0.2854538364247877,-0.15263208474347864,-0.2836075100965223,0.05345390749057584,-0.47809557123731455,0.9999817688015932,0.8324003906294596,0.24964115939849227,-0.11793725895666853,-0.35905511515967625,-0.13252262576372906,-0.2354042942825996,-0.7314909403219595,-0.8908179742211828,-0.7205071791041606,-0.7561657544270659,-0.6960711412215712,1.1584377794247673,1.0473090939361687,0.950257282665096,0.8762943101599772,0.367127748273825,0.3064633089868323,0.0276709134404374,-0.39875299772021233,-0.7125221000813169,-0.7451893165446516,-0.840001447983325,-0.7325510029490142,1.3625143161137632,1.4553075233480592,1.613161952985936,1.358337140489819,1.3247754678428483,0.8979587903434759,0.6486861109383195,0.27145532983146026,-0.035864458970637905,-0.12296659158016997,-0.299576522982729,-0.3403105877670675,0.9105001258513019,1.4744535270208783,1.640707821908747,1.4295673453643376,1.2192643847243925,1.3471584431978585,0.8262436510812564,-0.35260538536256064,-0.23272723370508705,-0.2809318669184998,0.28680774439743933,-0.107439026412323
1996,3.3010276707891335,-0.21803332084425867,0.16874375467119448,1.1558047399724427,-1.1281908580790454,1.442984152397756,-1.1785372678984978,0.24183921800332867,0.8723359407332163,1.1618295827917058,-0.18220168090704644,-0.9787665704404381,-0.4684803107711801,-0.15081360255356147,0.08257293388198776,-1.093525865881809,-0.7237343834263744,-1.0607222819714832,-0.7306034893245739,-0.63948038215833,-0.35200774543965013,-0.3759665347661118,-0.8063005373578345,-0.8603281796731447,-0.5714181536009072,-0.6573136384189977,-0.40941150141351035,-0.6800102349032898,-0.5038177150407878,-0.578478698646286,-0.38324470747391653,-0.2079168448279577,-0.3067717527119257,-0.351557813252548,-0.35880244233762254,-0.6869486838505199,-0.6529100887700331,-0.7591087721364945,-0.6650389006467414,-0.22581726726198015,-0.06773282936566644,-0.09047466289202141,-0.13113606804382355,0.00020844380433933144,-0.2375073666937694,-0.20265861345147107,-0.23352011082154853,-0.42424258083829924,-0.28515739517465793,-0.3935766448761854,-0.25534630334366587,-0.39832318849497506,-0.2919670071557689,-0.13430281036942993,-0.11954448213217755,0.16265339601237055,-0.003659638670475474,-0.009657062165978668,0.0621073279354447,0.1573172297941264,0.3001371605991826,0.9868001890195411,0.9625029184892648,1.5349585151985141,1.6490822153037927,1.889739105647938,1.6891811243391688,0.973611884956324,0.3361615597962369,0.24006904991217257,0.28680774439743933,-0.2583108507360107
1997,-0.7357785822418933,0.5794847329632421,2.1788124273355427,-0.0789674333441026,0.11942233123651974,-2.1067715643260163,-1.5471678854834132,1.3190591890515366,-0.6186448388090402,-0.8377456315489784,0.05206550506186044,0.4377598926298536,-0.564578836057573,0.40374955883625246,1.0157602003565065,1.077457978193499,1.8544956207811725,2.47518752914253,3.0109601356627937,3.6279747366838184,4.086724069006665,3.8828107138871912,4.134816961770976,4.289753281356954,-0.6346960028251714,-0.685158760457291,-0.32035033103350896,0.22271302949583582,1.2188572235444728,2.2555002161235214,2.7751641197951407,3.079641429204148,3.163149916254824,3.163709755833659,3.0850129291042356,2.9711567219418207,-0.3626941319874414,-0.25666141865933145,-0.24568316074847624,0.6050053064868807,1.2716377497639664,2.118571441477249,2.4891791264465355,2.627851041431567,2.624760898590168,2.5099949020144314,2.35605893198031,2.2010503468317437,0.33982152979681385,0.584345559804407,0.8331051081104726,1.7217841051073632,1.6524935370993301,1.3243277123770696,1.6660725720316918,1.4682766018414015,1.4616596849869468,1.2225840702133792,1.200741673418588,1.0853258625433881,-0.8096136853137615,-1.099272423541735,-1.3986548934155982,-1.4950376175340534,-1.479036440579619,-1.7431922864091156,-0.8996312954345685,-0.4157585887110789,0.6038739332086246,1.9869544769326621,2.2592243007356614,2.482527291144315
1998,0.20809969762278982,-1.0063739517080603,-1.1314683491406532,0.9323497927197458,0.33152657833748184,1.081135477401426,0.459578671783582,-0.2956124664766375,0.9047926651858368,-0.6363495667952404,-0.2963007248504519,-0.3993324430487345,4.3244336378877675,4.200374279120355,3.5664720620535255,2.8082423331475455,2.529334346714693,1.9819991630533382,1.337554385955141,1.1497889165490287,0.6553640138673157,0.6912933058602567,0.063336142488835,0.2561933870736177,3.2674380326709773,3.4776869842669043,3.6695901019904933,3.135272995764702,2.3480055026171684,0.9464033570166551,0.04683649453718992,-0.36620668765172454,-0.7419434471698051,-0.577026870161866,-0.41556862977897063,-0.6687037691084138,2.409368627625597,2.470909928788138,2.317046360852035,1.8088502602862409,1.4629764039253417,-0.03870014482086472,-1.0045744662072784,-1.334248791639853,-1.1875368334688643,-1.1729539093681214,-1.051788581595372,-1.3117971293388462,1.1494533189644003,1.2108269721779112,0.8512459649680378,0.26799624663718674,0.31977338878964984,-0.29138609743443766,-0.49327828416647546,-0.7984303527228808,-0.7282680954241445,-1.2277345033685603,-1.3846280757372502,-1.5911048319073788,1.7983008025816574,1.8266476044662887,1.5151143212755094,1.2451327981545295,1.0998705428967817,1.3943393703674307,2.218078285368212,1.731450325138544,1.273154866739594,0.5158930647048814,0.8755888059909385,0.16915931818110438
1999,1.4627671671990146,-0.18866556742441984,-0.9026800449349551,1.0792215890360723,2.052372356703779,0.7192868024050965,-0.9953125822349895,-0.323411691535946,0.563997058433321,0.30349873538887034,0.30939526374273196,-0.31265479694300824,-0.2762832601983901,-0.2361310119981463,-0.09162202252658977,-0.763376249040862,-0.36035968484678854,-0.45886529284569477,-0.06124118944151164,-0.04624671092915164,-0.8242132576147891,-0.6838299503314114,-1.053356412314275,-0.46803681838374217,-0.8772610915181756,-0.7130038824955792,-0.3737870332615111,-0.7651728070164159,-0.6920090948862405,-0.9237350131360118,-0.7595657592336359,-0.7558432238333079,-0.9366255210062214,-1.0587107644681377,-1.1629900977567356,-1.1704389245163414,-1.3934611509049264,-1.2735191578393061,-1.053331252404395,-1.15837321738825,-1.2853424467562413,-1.5401611688843537,-1.3063077310273827,-1.292976918378691,-0.9926589941303834,-1.0164546680912436,-1.2732024030988771,-1.3865385650020485,-1.8334006411267083,-1.8451799174489374,-1.5977697108037638,-1.407898090210377,-1.2095776010739088,-1.256326289405195,-1.3237978442426988,-1.0523015316340814,-0.7926777360244751,-0.7461690033582372,-1.1033184139120071,-1.335566222889465,0.16141830486006462,-0.04269019120550429,0.6108411167162002,1.0080026660276329,1.0759917745312593,0.9933014894260676,1.6335077389676906,1.6051439184415075,0.7042660732382701,0.7304228539880996,0.9050278590706134,0.7977919195298029
2000,0.7560095283735078,0.578566990668872,0.19529953998078411,2.277275813273536,-0.6769690871236967,-1.324450685981996,-0.6572194122606588,1.9792907842101155,2.984051575431841,-1.0567238924320108,-0.1008757666069598,-0.38389669785182423,-0.7327512553087647,-0.5774006497764956,-0.5271094135480336,-0.0030316769223199718,-0.040243878955246275,-0.19973242252764764,-0.18138314070257439,-0.5725023870195517,-0.058190982308450837,-0.10915157460951787,-0.7272426573717753,-0.5786830997730601,-1.4151228099243989,-1.130680713069909,-0.49847267179351173,0.018322856424334427,-0.24324503525478192,-0.5640930188758837,-0.5982853084794698,-0.46361582169712257,-0.2838679793194063,-0.3105634392690326,-0.43449069225942,-0.36766267586365603,-1.5235579591178117,-1.5367058668035343,-1.3018383575292936,-1.0905509664699713,-0.9896372539613902,-0.9016087793401103,-0.686960503238751,-0.4950540353295876,-0.4323852060322503,-0.619989923523151,-0.6185876264798198,-0.6764949262016123,-1.3362583144448552,-1.6618195040713248,-1.9968685616702848,-1.8924940430337738,-1.6683828980329787,-1.144123941501617,-0.576330240174103,-0.43575723999259686,-0.2935030213719431,-0.42040410629242964,-0.6076775811722855,-0.8379384053282662,0.38336847404265345,0.8784327805747995,0.7866720176027326,0.7972203263592802,0.5029013337587257,0.3091780454672719,0.2695097973664741,0.4999628598424367,-0.03194295364579624,0.1787748244026817,0.1396124789990646,-0.13258433046627094
2001,0.7352902490594048,-0.5676931349992161,-1.070185767656984,-1.3651447353713626,-0.08667896547479252,1.0184689470947992,-0.8797065305663473,-0.9187784282228051,0.34897125893471,-1.362014752495217,-1.4931268666397888,-0.13811213971640915,-0.31232020718078957,-0.2219114437573847,0.5927153062213916,0.5772312860102488,-0.17002055701938654,-0.1746550479807388,-0.31868822785807427,-0.5820706720393752,-0.6773048760491895,-0.7761889750010009,-0.49995125241184957,-0.6390356168945053,-0.18120475005129527,-0.01687583153835641,0.4099512660824922,0.2397455439184574,0.23447154435289386,0.06887689102194347,0.01995641941149636,-0.0861554272712156,-0.432742506370784,-0.2900662522772768,-0.4912568797007681,-0.4406423348320834,-0.5428281741283606,-0.47199599872097336,-0.3544050192406197,-0.3275506436393891,-0.06773282936566644,0.11662340939259923,0.31352348011211273,0.12402406358782106,0.018269797437987588,0.026873607087950446,-0.15650660768989633,-0.3027877478855903,-0.8959322536695031,-0.8366976438720771,-0.6544451542101802,-0.41851468652928625,-0.1171840368856515,0.5389112770520307,0.9808939349688074,0.9242669327459725,0.9785873804844988,0.7835096437333805,0.5041653679465491,0.38595703786278696,0.24464961830353543,0.2824120341287206,0.5103663162096101,0.8235681188178243,0.9327191643381259,0.6866254628238487,0.2695097973664741,0.31050324979688176,0.26923346644313995,0.48524595195013603,0.40456395671613926,-0.08229372235837505
2002,1.1082372767132553,-0.3804737069477429,-1.2897816846401318,0.6123790936020344,0.22647494651860905,0.9173938982131427,-1.4730055127148503,-0.44387500012628334,-0.2210499642644385,1.6429424041478575,-1.1751061271379568,1.0278803051578793,-0.26427094453758887,0.6739213554107787,1.1153001754471197,0.6672720906032337,0.7643715250424116,0.5860253132754674,0.06748232976676814,-0.06538328096880212,0.26710614830108853,0.6912933058602567,1.0416774073163377,0.8396010525809318,-0.33939937311194834,-0.18394656376808632,0.4633879683104943,0.46116823141258645,0.7700931639130194,1.1765742333431373,0.9069988985594029,0.8514074879157223,1.0674546508392624,1.0832452761703946,1.2495728685006104,1.1557877051022292,0.027596292651218098,0.17400774146395656,0.328989519852847,0.537183055568602,0.9759325569691155,1.5663099153849316,1.441053048650391,1.4172094257708563,1.418954267683316,1.3936336475726971,1.422270206509008,1.3134957983311968,0.8227597900020405,0.9663464210077631,0.9419502492558838,1.3785286385241302,1.870972249936977,1.9526608606370925,1.9775174070602708,1.7040141251160852,1.4133524545367002,1.3358935996275756,1.4954470334259877,1.408111473934433,0.18916207600788823,-0.34070056442854374,0.5103663162096101,0.6391335716080159,0.9804767010691703,0.6158540720694907,1.1602839633101256,-0.09999257196848735,-0.36658342041128095,0.30136327542166347,-0.2725342641163848,0.7726466154758549
2003,-2.057208174052449,0.5464460103659231,-1.147810370869632,0.7529563843619473,-0.20673797326778998,-0.061012574961291005,0.4813911343625711,1.4765881310542852,-0.20482160203812827,-0.2623283036811555,-0.7089993944329819,-1.599758473362284,0.25225862887678335,0.1904560352247879,0.4434053435854673,-0.2831586245449413,-1.00059129662987,-0.6594842892209566,-0.4989011547496684,0.11641413440788252,-0.17361899639570663,0.37316777644278254,0.3103920174452755,0.3266046570486353,0.9050649949652005,0.8741680736868896,0.7305714794504921,-0.23716485991503777,-0.6775328348981268,-0.21883670438615796,0.50379777167399,0.48612323524548734,0.3116301288861084,0.5503184143847315,0.7575992440089134,0.7817669528890472,0.9182590565702096,1.011419997259231,0.9347255885947875,0.29980517735464174,-0.3808324452660998,0.09936523670221162,0.615256744932217,0.5367427961994284,0.49328453082553503,0.6111374411883016,0.5173615447120741,0.4633119676622511,1.1352492524877738,1.2566670755223157,1.4136125275526787,1.2169966542496622,0.6256435867623631,0.9428397295049056,1.0847088799783362,0.9786678996555109,0.9302801500342522,1.0242923937385395,0.9328277097754921,0.910483656373239,1.3544004642164797,1.3660861185761366,1.3644021205156247,0.9289592886520005,0.6939314806829036,0.07327340961941127,0.965427114509952,1.4156843083959523,1.5408672401519818,1.4966006728567351,1.5526870268234625,1.3006980006087618
2004,-1.2077177221742346,-1.2000175758201233,1.0481487989618468,-0.9560018742044529,1.8272617170919085,0.13103001791385613,-0.2471451157756641,2.0094066113577003,0.8317650351674406,-0.7562281767677035,-1.9992896466865977,-1.0048886007736706,0.40841873246717386,0.7307996283738352,-0.4648969291163982,0.0369864584523392,-0.47283280583570764,-0.34183754496012414,-0.6362062419051683,-0.34286354654373913,0.07822394343103295,0.43474045955584095,0.8440327073511861,0.7088372654844655,0.6624999062721965,0.7210199024763014,0.6415103090704908,0.49523326025783565,0.017327644531223995,0.12641961010356273,0.4097175087340601,0.4982993770011594,0.5979272962926061,0.6630529428393905,0.7102940878077917,0.7543995807758898,0.42789416407548225,0.42523141820253596,0.40664799020437886,0.5880497437573095,0.5932552486463588,0.5825940720329911,1.1393197838302866,1.2521219327262123,1.163177103551559,0.9345692064938504,0.7965354935643184,0.7996484281466686,0.9648004547682857,0.9052262832152275,0.7061191101074895,0.6112517132204268,0.8441222996000176,1.032601607827765,1.3961537150069152,1.5045439131144294,1.5904789661875964,1.4350394378649904,1.3614900516044397,1.4619090758329443,0.9382438969991255,0.4178712946846476,-0.24319468758981422,-0.862690598528996,-0.4761281692276856,-0.3513549349067378,0.07465294856630036,0.5631160631909551,1.0054424933272064,0.30136327542166347,0.6400763813535388,0.9738090479074385
2005,-1.3677166013220285,0.46017823469514646,0.12686732399068698,0.9071717704940901,-0.14770896110289952,-1.2173111341674403,-0.4041948463443855,-0.8886626010752209,-0.5091033937814459,-0.6091770818681487,0.4077146526726876,0.7975314922193746,0.5405542047359662,-0.5489615132949675,-0.663976879297629,0.006972856921343044,0.02031857080801856,-0.33347842011115647,-0.15563843686091722,-0.2567489813653103,-0.5513834061358178,-0.8480237719662376,-0.7568893623665492,-0.42780180696944536,0.6414072898641097,0.34511075495940163,0.6236980749944943,0.7847860054424571,0.8569507238416864,0.6299184020677441,0.47691769654829635,0.4374186682227905,0.08259239496091104,-0.05434860187207898,-0.6899385357454915,-0.7872957149321047,0.8682218226421756,0.7482332882949988,1.090042529297851,0.9949832492669513,1.0802990956025913,0.6343685901041478,0.059432309737289586,0.3166261388065715,0.24968723165243067,0.1416397173576612,-0.3105336139532041,-0.5550400932489035,1.575575313263131,1.348347282211119,1.486175954982953,1.2371881522839734,1.084448883721433,0.9428397295049056,0.4825821989230793,0.7066630651077996,0.7370512282332776,0.6418727319656363,0.19606430975699266,-0.08477197874915841,1.4931193199555977,1.1493513016866534,1.3141647202623297,0.5864379866909277,-0.3328555590345522,-0.775983279432887,-1.0388147588632641,-0.09999257196848735,-0.4000474670878294,-0.12769630314477262,-0.2725342641163848,-0.15772963452021888
2006,-1.2802351997735941,0.5969218365562713,-0.5748182339973249,-0.6947798936132721,1.4190610905957177,-0.5401083066603424,0.014604435172204696,-0.8770795906338423,-0.7748428252372767,-0.7562281767677035,1.4079020166021132,1.101496936096989,0.15616010359038626,0.7450191966145968,0.21944039963158316,-0.7433671813535324,-0.06619921456807494,0.017604823545555388,0.1704611451333938,0.8244672258749638,1.1380629818685706,1.2146611123212663,0.8835616473442157,0.9401885811166772,-0.5714181536009072,0.08058209559565518,-0.05316681989351116,0.06942039969221128,0.42266292419834656,0.3997475257412619,0.26187709554274313,0.680941503336279,1.1018103109280435,1.154985430641542,1.2306508060201578,1.2013999919574958,-0.6128803016276074,-0.4600329664953247,-0.5563170421546035,0.028516173681551238,0.29755005585150784,0.4445286905099147,0.37704627270582275,0.7018302892440723,0.919579804378459,0.8928360754866835,1.0853361303080211,1.1266422091731843,-0.3277695946045274,-0.6380571960463335,-0.5274591562071972,-0.07525921994604617,0.4508606164922457,1.010161138247054,1.1262348579821462,1.2869400454762563,1.4294548646867842,1.2934025260972515,1.4016771461509052,1.3946620734598085,-0.08827563547034785,0.44496314679583304,0.8117907177293799,0.6391335716080159,0.38350749193111455,0.8045777807477792,0.6870601876525608,0.9104586816078057,0.8046582132679155,0.5771872902143723,0.16905153207873955,0.6972107033140111
2007,1.494997157243174,-1.318406331793849,0.14729485115191004,0.25988678244285096,-0.7500049835311033,-0.27327017761276945,1.1161337954111532,1.8240784442956428,0.014261288017060546,-1.355621226630019,0.5849323166698915,1.2024229623844784,1.117145356454336,0.7165800601330685,0.08257293388198776,-0.5232674367929034,-0.8448592829529041,-0.9520536589348831,-0.5246458585913256,-0.6777535222376311,-0.5723703177880496,-1.2277219844967702,-1.3695879322585192,-1.1319145067196532,1.1370837754541594,0.4704138041317016,-0.035354585817508354,-0.28826240318291463,-0.5617227549932324,-0.49216462002385714,-0.6251653836051633,-0.914133066657079,-1.0053368411837793,-0.9459762360134787,-0.9832305041924649,-0.978867319724223,0.9182590565702096,0.4611205148794777,0.28239443764193234,0.0793828618702527,-0.13731052178798359,-0.021441972130483246,-0.28994304952809014,-0.46753945315548107,-0.8343207496678647,-0.9747215370840768,-1.0421618937039172,-1.0408594250597325,1.2346777178241444,1.0733066621447032,1.141499674689141,0.8535496896321181,0.6256435867623631,0.5389112770520307,0.4825821989230793,0.19892070728539832,-0.27740061122186477,-0.4770588709995253,-0.7282388648116768,-0.824489004853642,0.4665997874861242,0.3907794425734622,-0.11760118695657681,0.45469902439820736,0.47902256539320354,0.8517587079173513,0.49220333885238704,0.3420798514711409,0.8046582132679155,0.2094219371574271,0.22792963823808945,0.39546705466663584
2008,1.299315074832203,0.16007650443616747,2.3636815481446116,0.28401572040910417,0.23848084729790925,1.7987683244611863,0.20219161335151095,0.08894348017713137,-0.3042203206742787,0.7814147938124228,1.2476778272347784,2.7721195124087252,-0.1201231566079996,0.81611703781842,0.7669102626299691,0.26709073685663476,0.1760505844849844,0.21822381992081719,0.8226603091220158,0.9105817910533927,0.8442462187373713,0.3526435487384297,0.08310061248534982,0.1455471056842962,-1.0776409473950022,-1.130680713069909,-0.7122194807055074,-0.20309983106978854,0.0462801645074463,0.08326257079235085,0.49035773411114075,0.6687653615806026,0.5177640894187864,0.3760923249548012,0.10478808843339865,-0.23994827266891053,-1.3134015766200715,-1.5486688990291828,-1.4260919100917455,-1.1244620919291135,-0.9374539846446494,-0.6772525343651081,-0.21053955878595684,0.01396573489139503,-0.07916912223125502,-0.14005891694072076,-0.23352011082154853,-0.5830681316226061,-1.2652379820617325,-1.7229396418638605,-1.5977697108037638,-1.407898090210377,-1.449904185195324,-1.4358500460509136,-1.033115998216021,-0.6352274519942527,-0.4867319431729234,-0.363749341585334,-0.5139076938972029,-0.6227479977342347,0.3278809317470062,0.7971572242412431,1.2890460201356821,1.5086107227399699,1.7684760571314038,1.4887012247065747,1.6891811243391688,1.4788375117444708,0.838122259944464,0.6997757412333541,0.8461497529112635,0.9235184397995425
2009,0.30248752560925796,1.6202044947787841,-0.9098296794413832,-1.0095051714339718,-1.2632572418461676,1.0528344637145626,-0.9996750747507873,-1.1388556266089982,-1.355006774827869,-1.3955807632875066,-0.5548443031477426,0.44844617776617574,0.36036946982397744,-0.05127662486820999,-0.19116199761720298,0.647263022915904,0.548077061602181,0.8033625593486703,0.9685469642247357,0.7957623708154864,0.5714163672584037,0.3321193210340769,0.34003872244004946,0.39701592702365646,-0.26557521568364256,-0.21179168580637464,-0.33816256510951176,0.34194063045421114,0.827998203865464,1.119031514261518,1.1354795371278004,1.1436348900519075,1.010195217357962,0.9397649672281,1.06035224369611,1.0736855887627503,-0.7229622162692798,-0.6275154176543805,-0.3544050192406197,0.21502736370680398,0.6454385179630998,0.9622738712214571,1.0757969912365821,0.9907334020721981,0.9804791291717351,1.1328015787778987,1.3933901428346367,1.444293310741801,-0.7538915889032579,-0.6686172649426013,-0.36419144448907714,0.20742175253426032,0.5600999729110729,1.0550420774084837,1.230049802991675,1.4320092905683675,1.5260693255872715,1.7183132614004788,1.7767566952512355,1.7443464858001068,1.04921898159042,0.7700653721300578,1.1383338193757973,1.1924372132374412,1.6968397520348373,1.2292061252739281,0.9375904218242129,0.6262692665394732,0.5369458398555277,1.2514237708187717,0.8167106998315885,1.6527322573640328
2010,0.12982686465840138,0.6529041165128394,-1.176408908895344,-0.15659966853987556,-0.7520059669943202,0.10879350715989156,0.647165849962888,0.005545804999205561,-0.9006126324911813,0.05734798957874606,-0.4540972749849487,0.7773462869618768,0.40841873246717386,0.6739213554107787,0.5553878155624093,0.6172494213849079,0.4615592762260874,0.18478732052494073,-0.5418089944857627,-1.0413483529909968,-1.0760561974415288,-0.9916933658967073,-1.0335919423177602,-0.5183305826516149,1.1265374672501178,1.3893028313952358,1.3896241402624947,1.0743387506270845,0.42266292419834656,-0.3339221425494016,-0.7461257216707867,-0.8776046413900543,-0.9938849544875218,-0.915230455525843,-0.9359253479913399,-0.8055406296742107,1.448653736207359,1.5497564474133358,1.6336518217585627,1.18149443929221,0.31494447895708405,-0.5391871528420257,-1.0522165606525595,-1.3617633738139596,-1.51639318735255,-1.2668534541342487,-1.1576821484013955,-1.152971578554536,1.7318200445059975,1.5317076955887317,1.740147950988919,1.681401109038748,1.0407531411539037,0.20230423334130437,-0.659382196181723,-1.3787073330913375,-1.5333886029282224,-1.454353562196948,-1.3444409811907898,-1.2817686209909582,1.9925072006164228,1.6640964917991763,2.0174883238084593,1.6140018925741464,1.2909006898209592,1.8425581784783658,1.5221609682247341,1.3841077067216931,0.6708020265617216,1.1901295453092808,1.111101230628338,0.9235184397995425
2011,-0.664412175715539,1.9450852669857526,0.017580053678143744,2.0727043826900813,-0.17872420478275713,0.15326652866782042,-1.1065561413878338,0.2256230033853986,-0.5983593860261524,2.7234482753663247,1.1505722579212418,-0.3577746675185918,0.3003078915199798,0.5886039459661888,-0.40268444468476267,0.02698192460867263,0.22796125571063866,0.44392019084298784,0.19620584897504792,-0.2089075562661824,-0.5513834061358178,-0.47858767328787594,-0.5197157224083644,-0.7195056397231023,-0.9616315571505228,-0.643391077399856,-0.6765950125535082,0.03535537084696206,0.0028513845431102705,0.28466208757801825,0.08715660722572786,-0.18356456131660928,-0.4441943930670457,-0.7102585856082809,-0.6710164732650421,-0.5227444511715622,-1.283379236263254,-1.0581845777776642,-0.9290776998419484,-0.6157952100420568,-0.29386032973820025,0.013074373250291971,-0.13113606804382355,-0.4812967442425319,-0.7490616949572834,-0.7347560337928617,-0.7726146327431276,-0.685837605659511,-1.2084217161552364,-0.8061375749758093,-0.4367548719193513,-0.39832318849497506,-0.2919670071557689,-0.17918374953085958,-0.1403074711340863,-0.4176235843560862,-0.7443705055742286,-0.6470231651208173,-0.7818216575402941,-0.8648372062775196,1.04921898159042,1.4202698227985076,1.590470421655452,1.113393835861809,0.526780102124248,0.3091780454672719,0.6035501095953436,0.4999628598424367,0.7042660732382701,0.7304228539880996,-0.21365615795703488,-1.3144136210018242
2012,0.9286701893243643,0.06738453270480063,-0.45123169467192575,-1.28751250017559,-0.7249926902408955,-0.5724523223024723,0.2632665085726803,-0.6477359838945462,0.39157070977877434,1.0867056538756292,1.2925891530422888,0.4935660483417593,-0.3363448385023878,0.6312626506884838,0.5056178280171028,0.7873264967272147,1.0325766597082966,1.1962414272502264,0.5652132707054562,0.5948283853991547,0.7183247488239995,0.08582858858183574,-0.26277761245366826,-0.35739053699442425,-0.2022973664593821,0.12234977865309014,0.3565145638544901,0.478200745835208,0.48056796415079117,0.6299184020677441,0.8935588609965537,0.790526779137349,0.7811574834327648,0.41708669893831296,0.23724252579654756,-0.2581931874110198,-0.5928654080563945,-0.5078850953979108,-0.41653179552184294,-0.42928402001680405,-0.2590714835270417,0.06484889132144253,0.44056906529952716,0.6330438338088037,0.8221408847092208,0.632004006691885,0.42109466579750887,-0.14396219710128352,-0.810707854809754,-0.6227771615981968,-0.6000225836374714,-0.43870618456359745,-0.24827126458823956,0.13498282459915592,0.3164782869078317,0.6341284425617442,0.914177739884174,0.8968191731475719,0.7720793315896403,0.4128558388120403,-1.0870513967919977,-1.5598339094318872,-0.4190255884763466,-1.0471251457388044,-0.2850980223035078,-0.06826937188930511,-0.23155067097682988,-0.3841819870368198,-0.03194295364579624,-0.03575496488053633,0.021856266680364767,0.3451764465587399
2013,0.3462282263834751,0.5574589178983631,1.0808328424198035,1.0729270834796587,-0.018645527725427172,-1.6458693414256633,2.097694611465662,-0.036153032589757265,1.0143341102134311,1.2737162854326713,1.6288171867904087,-1.464398861635534,0.07207389396479037,0.09091905753943642,-0.22848948827618515,-0.7933898505718582,-0.6977790478135488,-1.0941587813673626,-1.0481215033716678,-0.5725023870195517,-0.36250120126576224,-0.29386962394869687,0.004042732499287042,0.07513583570927507,-0.48704768796855985,-0.40670754007439786,-0.017542351741511874,0.05238788526958365,-0.2577212952428956,-0.6360214177279053,-0.4370048577253037,-0.36620668765172454,-0.157897225660548,0.04813733308670029,0.02909983851159784,0.07021527794689864,-0.3727015787730496,-0.3762917409157968,-0.3544050192406197,0.0793828618702527,0.07142255547896786,-0.1767655263439472,-0.13113606804382355,0.00020844380433933144,0.018269797437987588,-0.004426241167422859,-0.03135966510095979,-0.07856344089597973,0.3966377957033099,0.06482438856784299,-0.4004731582042142,-0.09545071798035737,-0.1171840368856515,0.15742329417986675,0.10884839688878144,0.39839091928706055,0.4150030252316419,0.40108998196047735,0.18266861157483594,0.14386782931950212,0.8827563547034784,0.49914685101820383,0.4350102158296678,0.744524741442192,0.956597932703648,0.4979017541455604,0.49220333885238704,0.6578458682137325,0.0015210930307522246,-0.0051078521257908955,-0.2725342641163848,0.16915931818110438
2014,-0.3593783413690257,-0.3299978807573948,2.1052733295551405,-0.6643564500906043,1.7112046762253448,1.9807034124481677,-0.10536410901223524,-0.5180062669511062,-1.4280344048462654,1.2401502746403819,0.2183587925112915,-0.6035592256540069,0.36036946982397744,-0.1934723072758564,0.00791795256402786,0.13703179688898715,0.7816750821176297,1.137727553307441,1.0886889154857986,1.0732426363904268,0.8862200420418272,0.7939144443820244,0.8045037673581564,0.6082497369487199,-0.14956582543916316,-0.4763203451701211,0.0002698823344909315,0.42710320256733114,0.8859032438179137,0.9464033570166551,0.8397987107451665,0.42524252646711413,0.5406678628113057,0.8167818452775613,0.9468198688134138,0.8091343250022078,-0.4027239191298671,-0.6514414821056735,-0.4631268777327631,0.09633842459982386,0.38452217137940736,0.1511397547733683,0.1547164986278518,0.15153864576192758,0.4080254761149494,0.6007041584365079,0.8254155572386898,0.7435923513992635,-0.029484198595420605,0.24818480194545542,0.4702879709590952,0.9141241837350446,0.887818042167547,0.6511136249556089,0.8147900229535672,1.0330688665650558,1.1074066616851486,1.0101287025617682,1.1069717861435053,1.2198198672896547,0.10593076256441739,0.4178712946846476,0.3345354153230778,0.42835123193966335,0.956597932703648,0.9461205622564954,0.3251831827379524,0.6262692665394732,0.771194166591367,0.3626575009311543,-1.0085105911082588,-0.4091826750596983
2015,0.22076147942585225,-0.6181689611895643,0.5323537381409645,-1.6032868622556922,0.40556296647649726,-0.7665164161552528,-0.5154384054972299,-1.0160757159303853,-1.11969552254637,-1.3108665455736328,-1.0597932635781324,-1.1663702428336535,0.324332522841578,-0.05127662486820999,0.542945318676085,0.8673627674765331,1.2315675660733092,1.8148166660739529,2.1013139332576087,1.8387054379764596,2.449744960132848,2.251134611391104,2.2670745471002847,2.117062664984881,0.7152314472924154,0.4843363651508482,0.7483837135264949,1.414989039079583,1.6386687631997092,2.0397150195674465,2.3182028426583408,2.4343059161533995,2.5561999213530515,2.5077997720974574,2.545734148411417,2.414686822307572,0.6880877805012564,0.6286029660385334,0.9036622004541758,1.5714723820722807,1.7934704429313575,1.9114733691926284,2.092161672735875,2.3114333464293346,2.3446240045411013,2.2908959642268036,2.384938995654681,2.275791782494946,1.3199021166838936,1.4094674200036548,1.776429664704056,2.327529046136606,2.3516254181798075,2.2668274347671082,1.915228440054552,1.8672170258447132,1.7354006575383303,1.6474948055166068,1.9375050734370873,1.946087492919514,0.9937314392947727,0.9597083369083558,0.3596541154497253,0.7708725339007362,0.9088403959726036,0.733806389993421,0.046816255880561264,-0.4789117920595973,-0.23272723370508705,0.7304228539880996,1.0227840713893133,1.6527322573640328
