,Arquitetura,FA,Alpha,TA,FV,MSE,NMSE
1,"(5,)",tanh,0.0001,0.003,0.0462,0.14983,0.00036173685938286574
2,"(4, 4)",tanh,0.01,0.001,0.0462,0.15272,0.0003687142305609775
3,"(6, 2)",tanh,0.0001,0.001,0.0462,0.15818,0.00038189639202550695
4,"(2, 2)",logistic,0.01,0.001,0.0462,0.15837,0.00038235511192995036
5,"(7, 2)",logistic,0.0001,0.003,0.0462,0.15858,0.0003828621181401245
6,"(3, 1)",tanh,0.01,0.001,0.1,0.15862,0.0003829586907515863
7,"(2, 2)",logistic,0.0001,0.001,0.0462,0.1608,0.0003882218980762519
8,"(4, 4)",logistic,0.0001,0.003,0.0462,0.16121,0.0003892117673437348
9,"(2, 7)",logistic,0.01,0.003,0.0462,0.16179,0.00039061207020993024
10,"(3, 7)",tanh,0.0001,0.003,0.0462,0.16278,0.0003930022423436087
11,"(4, 7)",logistic,0.01,0.001,0.0462,0.16295,0.0003934126759423212
12,"(7, 3)",tanh,0.01,0.003,0.0462,0.16337,0.00039442668836266957
13,"(7, 6)",tanh,0.0001,0.001,0.1,0.16416,0.0003963339974390392
14,"(3, 1)",tanh,0.01,0.001,0.0462,0.16523,0.0003989173147956411
15,"(1, 3)",logistic,0.0001,0.001,0.0462,0.16527,0.0003990138874071029
16,"(7, 5)",tanh,0.0001,0.001,0.0462,0.16574,0.0004001486155917785
17,"(2, 7)",tanh,0.0001,0.003,0.0462,0.16621,0.00040128334377645414
18,"(6, 6)",logistic,0.01,0.001,0.0462,0.1664,0.00040174206368089743
19,"(3, 2)",logistic,0.0001,0.003,0.1,0.16648,0.00040193520890382097
20,"(1, 4)",logistic,0.01,0.001,0.0462,0.1667,0.0004024663582668606
21,"(2, 4)",tanh,0.01,0.001,0.0462,0.16756,0.0004045426694132883
22,"(6, 1)",logistic,0.01,0.003,0.0462,0.16832,0.00040637754903106164
23,"(6, 4)",logistic,0.01,0.003,0.0462,0.16912,0.00040830900126029675
24,"(7, 4)",tanh,0.0001,0.003,0.0462,0.17099,0.00041282377084613377
25,"(6, 5)",logistic,0.01,0.003,0.1,0.17154,0.00041415164425373285
26,"(7, 2)",tanh,0.01,0.003,0.0462,0.17202,0.00041531051559127395
27,"(4, 1)",tanh,0.01,0.001,0.1,0.17312,0.0004179662624064722
28,"(1, 4)",tanh,0.01,0.003,0.1,0.17539,0.0004234467581069267
29,"(6, 1)",logistic,0.01,0.001,0.1,0.17586,0.0004245814862916023
30,"(3, 7)",logistic,0.01,0.003,0.0462,0.17587,0.0004246056294444678
31,"(4, 3)",logistic,0.0001,0.001,0.0462,0.17703,0.00042740623517685864
32,"(4, 5)",tanh,0.01,0.003,0.0462,0.1776,0.00042878239489018864
33,"(6, 4)",logistic,0.01,0.001,0.0462,0.17823,0.00043030341352071126
34,"(3, 2)",tanh,0.0001,0.003,0.0462,0.17918,0.00043259701304292796
35,"(5, 1)",logistic,0.01,0.001,0.0462,0.17971,0.0004338766001447962
36,"(4, 2)",tanh,0.01,0.003,0.0462,0.18045,0.00043566319345683864
37,"(4, 6)",tanh,0.01,0.001,0.1,0.1812,0.0004374739299217465
38,"(5,)",logistic,0.0001,0.001,0.1,0.18516,0.00044703461845646016
39,"(3, 7)",tanh,0.0001,0.001,0.1,0.18607,0.0004492316453672151
40,"(4, 2)",tanh,0.01,0.001,0.0462,0.18899,0.00045628144600392314
41,"(7, 4)",tanh,0.0001,0.001,0.1,0.18901,0.00045632973230965405
42,"(1, 2)",tanh,0.0001,0.003,0.1,0.19039,0.00045966148740508454
43,"(5, 7)",tanh,0.0001,0.003,0.0462,0.19354,0.00046726658055769765
44,"(6, 7)",tanh,0.0001,0.001,0.0462,0.19425,0.0004689807444111438
45,"(2, 1)",logistic,0.01,0.003,0.0462,0.19502,0.0004708397671817826
46,"(7, 2)",logistic,0.01,0.003,0.1,0.19515,0.00047115362816903326
47,"(1, 5)",tanh,0.0001,0.001,0.1,0.19523,0.00047134677339195674
48,"(3,)",logistic,0.0001,0.001,0.0462,0.19527,0.00047144334600341856
49,"(1, 7)",tanh,0.01,0.001,0.0462,0.19839,0.0004789760096974354
50,"(2, 6)",tanh,0.01,0.003,0.0462,0.19913,0.00048076260300947783
51,"(6, 2)",logistic,0.0001,0.001,0.0462,0.19946,0.0004815593270540373
52,"(5, 5)",tanh,0.01,0.001,0.1,0.20004,0.0004829596299202327
53,"(1, 5)",logistic,0.0001,0.003,0.0462,0.20049,0.00048404607179917746
54,"(7, 4)",logistic,0.01,0.001,0.1,0.20214,0.0004880296920219748
55,"(5, 4)",logistic,0.01,0.001,0.1,0.20253,0.0004889712749837269
56,"(3, 2)",logistic,0.0001,0.001,0.1,0.20379,0.0004920133122447722
57,"(5,)",logistic,0.01,0.001,0.1,0.20381,0.000492061598550503
58,"(5, 1)",logistic,0.0001,0.001,0.0462,0.20419,0.0004929790383593897
59,"(2, 3)",tanh,0.0001,0.001,0.1,0.20567,0.0004965522249834746
60,"(4, 1)",tanh,0.0001,0.001,0.0462,0.20582,0.0004969143722764562
61,"(2,)",logistic,0.0001,0.001,0.1,0.20631,0.0004980973867668626
62,"(5, 1)",tanh,0.0001,0.001,0.0462,0.20757,0.000501139424027908
63,"(5,)",tanh,0.0001,0.003,0.1,0.20928,0.000505267903167898
64,"(1, 3)",logistic,0.0001,0.003,0.1,0.21291,0.0005140318676580521
65,"(3, 3)",tanh,0.0001,0.001,0.1,0.21312,0.0005145388738682264
66,"(4,)",tanh,0.0001,0.001,0.0462,0.21549,0.0005202608010973353
67,"(1, 1)",tanh,0.0001,0.001,0.0462,0.21617,0.0005219025354921851
68,"(5,)",logistic,0.0001,0.001,0.0462,0.21692,0.000523713271957093
69,"(7, 1)",logistic,0.01,0.003,0.1,0.21732,0.0005246789980717106
70,"(1, 1)",logistic,0.01,0.003,0.0462,0.2179,0.000526079300937906
71,"(4, 6)",tanh,0.0001,0.003,0.0462,0.22416,0.0005411929146316705
72,"(2, 3)",tanh,0.01,0.001,0.1,0.22499,0.0005431967963195019
73,"(1, 5)",logistic,0.0001,0.003,0.1,0.22571,0.0005449351033258135
74,"(4, 4)",logistic,0.0001,0.003,0.1,0.22659,0.0005470597007779721
75,"(2, 3)",logistic,0.01,0.001,0.1,0.22706,0.0005481944289626477
76,"(3, 4)",tanh,0.0001,0.003,0.1,0.2285,0.0005516710429752709
77,"(6, 5)",logistic,0.01,0.003,0.0462,0.22887,0.000552564339631292
78,"(1, 2)",tanh,0.01,0.003,0.0462,0.23073,0.0005570549660642636
79,"(4, 7)",tanh,0.01,0.003,0.1,0.23255,0.0005614490198857735
80,"(1, 1)",tanh,0.01,0.001,0.1,0.23669,0.000571444285172065
81,"(3, 6)",tanh,0.01,0.001,0.0462,0.23899,0.0005769972103311159
82,"(4, 5)",logistic,0.0001,0.003,0.0462,0.24002,0.0005794839550762561
83,"(3,)",logistic,0.0001,0.001,0.1,0.241,0.0005818499840570691
84,"(6, 3)",logistic,0.0001,0.001,0.0462,0.24251,0.0005854956001397503
85,"(3, 6)",logistic,0.0001,0.003,0.0462,0.24411,0.0005893585045982204
86,"(4, 3)",logistic,0.0001,0.003,0.0462,0.2465,0.0005951287181330603
87,"(3, 7)",logistic,0.0001,0.003,0.0462,0.24704,0.000596432448387794
88,"(7, 4)",logistic,0.0001,0.001,0.0462,0.24845,0.0005998366329418208
89,"(1, 5)",tanh,0.01,0.003,0.0462,0.2488,0.0006006816432921111
90,"(4, 3)",tanh,0.0001,0.003,0.1,0.24992,0.0006033856764130403
91,"(3, 7)",logistic,0.0001,0.001,0.0462,0.2505,0.0006047859792792357
92,"(2,)",tanh,0.01,0.003,0.0462,0.2508,0.0006055102738651988
93,"(2, 5)",tanh,0.0001,0.003,0.1,0.25172,0.0006077314439288192
94,"(3, 1)",tanh,0.0001,0.001,0.0462,0.25237,0.0006093007488650726
95,"(5,)",logistic,0.0001,0.003,0.0462,0.25441,0.0006142259520496222
96,"(7, 1)",tanh,0.01,0.001,0.0462,0.25468,0.0006148778171769891
97,"(7, 5)",logistic,0.01,0.003,0.1,0.25598,0.0006180164270494959
98,"(7, 5)",tanh,0.01,0.001,0.0462,0.2563,0.0006187890079411899
99,"(5, 7)",logistic,0.0001,0.001,0.0462,0.25632,0.0006188372942469209
100,"(1, 2)",tanh,0.01,0.001,0.1,0.25649,0.0006192477278456333
101,"(2, 4)",logistic,0.0001,0.001,0.1,0.25757,0.0006218551883551008
102,"(6, 7)",tanh,0.0001,0.001,0.1,0.25786,0.0006225553397881983
103,"(4, 5)",logistic,0.01,0.001,0.1,0.25799,0.0006228692007754492
104,"(1, 7)",tanh,0.0001,0.003,0.0462,0.25826,0.0006235210659028159
105,"(3,)",logistic,0.01,0.003,0.1,0.25875,0.0006247040803932224
106,"(1, 7)",tanh,0.01,0.003,0.1,0.25875,0.0006247040803932224
107,"(7, 1)",tanh,0.01,0.001,0.1,0.26011,0.0006279875491829221
108,"(5, 7)",tanh,0.0001,0.003,0.1,0.26359,0.0006363893663800947
109,"(5, 3)",tanh,0.01,0.001,0.0462,0.26429,0.0006380793870806755
110,"(1, 5)",logistic,0.01,0.001,0.1,0.26498,0.0006397452646283906
111,"(6,)",tanh,0.0001,0.003,0.1,0.26523,0.0006403488434500267
112,"(4, 5)",logistic,0.0001,0.003,0.1,0.2671,0.0006448636130358637
113,"(6, 5)",tanh,0.0001,0.001,0.0462,0.26799,0.0006470123536408877
114,"(3, 6)",tanh,0.01,0.003,0.0462,0.2692,0.0006499336751376058
115,"(4,)",logistic,0.01,0.001,0.0462,0.27013,0.0006521789883540915
116,"(4, 2)",tanh,0.01,0.003,0.1,0.27253,0.0006579733450417967
117,"(5, 5)",tanh,0.01,0.001,0.0462,0.27268,0.0006583354923347783
118,"(5, 7)",tanh,0.01,0.003,0.1,0.27462,0.0006630192639906733
119,"(1, 2)",tanh,0.0001,0.001,0.1,0.27525,0.000664540282621196
120,"(3, 7)",tanh,0.01,0.001,0.1,0.27576,0.0006657715834173334
121,"(3, 1)",tanh,0.0001,0.003,0.0462,0.27603,0.0006664234485447003
122,"(3, 5)",logistic,0.0001,0.001,0.1,0.27811,0.0006714452243407116
123,"(7, 4)",tanh,0.01,0.003,0.1,0.27845,0.0006722660915381364
124,"(1, 5)",logistic,0.01,0.003,0.0462,0.2796,0.0006750425541176618
125,"(7, 5)",tanh,0.0001,0.003,0.0462,0.2816,0.0006798711846907496
126,"(2, 7)",logistic,0.01,0.001,0.0462,0.28503,0.000688152286123595
127,"(5, 7)",tanh,0.01,0.001,0.0462,0.28522,0.0006886110060280382
128,"(5, 1)",logistic,0.01,0.003,0.1,0.2861,0.000690735603480197
129,"(5, 7)",logistic,0.01,0.001,0.0462,0.28617,0.0006909046055502549
130,"(4,)",tanh,0.01,0.003,0.1,0.28637,0.0006913874686075638
131,"(2, 3)",tanh,0.01,0.001,0.0462,0.28642,0.000691508184371891
132,"(1, 5)",tanh,0.01,0.001,0.0462,0.28682,0.0006924739104865085
133,"(2, 2)",tanh,0.01,0.001,0.1,0.28746,0.0006940190722698965
134,"(7, 2)",tanh,0.01,0.001,0.1,0.29019,0.0007006101530021612
135,"(3, 7)",logistic,0.0001,0.003,0.1,0.2924,0.0007059457897854232
136,"(7, 1)",logistic,0.0001,0.003,0.1,0.29501,0.0007122471526833026
137,"(7, 7)",tanh,0.01,0.003,0.0462,0.2952,0.000712705872587746
138,"(4, 4)",tanh,0.0001,0.003,0.0462,0.29522,0.0007127541588934768
139,"(3, 6)",tanh,0.0001,0.003,0.0462,0.29732,0.0007178242209952189
140,"(1, 6)",tanh,0.01,0.003,0.1,0.29761,0.0007185243724283166
141,"(2, 3)",tanh,0.0001,0.003,0.1,0.29768,0.0007186933744983748
142,"(2, 4)",logistic,0.01,0.001,0.1,0.2982,0.0007199488184473776
143,"(2, 5)",tanh,0.0001,0.001,0.1,0.30003,0.0007243670154217528
144,"(5, 7)",tanh,0.0001,0.001,0.1,0.3028,0.0007310546687654793
145,"(1, 6)",logistic,0.01,0.003,0.1,0.30311,0.0007318031065043078
146,"(1, 5)",logistic,0.0001,0.001,0.1,0.30386,0.0007336138429692158
147,"(7, 3)",tanh,0.0001,0.003,0.0462,0.30394,0.0007338069881921393
148,"(5, 2)",logistic,0.0001,0.001,0.1,0.30424,0.0007345312827781024
149,"(5, 5)",tanh,0.01,0.003,0.1,0.30489,0.0007361005877143559
150,"(7, 7)",logistic,0.01,0.001,0.0462,0.30526,0.0007369938843703771
151,"(3, 2)",tanh,0.0001,0.003,0.1,0.30612,0.0007390701955168049
152,"(6, 1)",tanh,0.0001,0.001,0.0462,0.30693,0.0007410257908989054
153,"(6, 3)",logistic,0.01,0.003,0.1,0.30802,0.0007436573945612383
154,"(7, 4)",logistic,0.0001,0.001,0.1,0.30908,0.0007462165687649747
155,"(1, 2)",tanh,0.0001,0.003,0.0462,0.31045,0.0007495241807075398
156,"(4, 1)",tanh,0.0001,0.003,0.1,0.31172,0.0007525903611214505
157,"(1,)",tanh,0.0001,0.003,0.1,0.31362,0.0007571775601658838
158,"(7, 1)",tanh,0.01,0.003,0.1,0.31444,0.0007591572987008497
159,"(5, 7)",tanh,0.01,0.003,0.0462,0.31447,0.0007592297281594461
160,"(2, 4)",tanh,0.0001,0.003,0.0462,0.31586,0.000762585626407742
161,"(7, 7)",tanh,0.0001,0.003,0.1,0.3176,0.0007667865350063283
162,"(2, 4)",tanh,0.0001,0.001,0.0462,0.31815,0.0007681144084139274
163,"(7, 5)",logistic,0.01,0.001,0.1,0.32159,0.0007764196529996383
164,"(5, 5)",tanh,0.0001,0.003,0.1,0.32568,0.0007862942025216028
165,"(3, 5)",tanh,0.01,0.001,0.1,0.32793,0.0007917264119163263
166,"(1, 4)",tanh,0.0001,0.001,0.1,0.3304,0.0007976897706740897
167,"(3, 6)",tanh,0.0001,0.001,0.0462,0.33085,0.0007987762125530344
168,"(6, 4)",logistic,0.01,0.001,0.1,0.33269,0.0008032185526802751
169,"(4, 1)",logistic,0.0001,0.001,0.0462,0.33422,0.0008069124550686873
170,"(1, 1)",tanh,0.01,0.003,0.0462,0.33468,0.0008080230401004973
171,"(4, 2)",logistic,0.0001,0.001,0.1,0.33593,0.0008110409342086772
172,"(4, 6)",tanh,0.0001,0.003,0.1,0.33597,0.0008111375068201389
173,"(2, 1)",logistic,0.0001,0.001,0.1,0.33629,0.0008119100877118329
174,"(4, 6)",logistic,0.0001,0.001,0.1,0.33714,0.0008139622557053952
175,"(7,)",tanh,0.0001,0.001,0.0462,0.33726,0.0008142519735397806
176,"(2, 3)",logistic,0.01,0.003,0.1,0.33767,0.0008152418428072635
177,"(6, 5)",tanh,0.0001,0.001,0.1,0.33767,0.0008152418428072635
178,"(1, 7)",logistic,0.0001,0.001,0.0462,0.33786,0.0008157005627117068
179,"(2, 7)",tanh,0.01,0.003,0.0462,0.33818,0.0008164731436034008
180,"(4, 5)",tanh,0.01,0.003,0.1,0.33861,0.0008175112991766147
181,"(2, 5)",tanh,0.0001,0.001,0.0462,0.33982,0.0008204326206733328
182,"(1, 2)",tanh,0.01,0.001,0.0462,0.33997,0.0008207947679663144
183,"(1,)",logistic,0.0001,0.001,0.1,0.34111,0.0008235470873929744
184,"(6, 6)",logistic,0.0001,0.001,0.1,0.34222,0.0008262269773610381
185,"(5, 2)",tanh,0.0001,0.003,0.0462,0.34254,0.000826999558252732
186,"(5,)",logistic,0.01,0.003,0.1,0.3429,0.0008278687117558878
187,"(4, 7)",tanh,0.0001,0.003,0.1,0.34317,0.0008285205768832546
188,"(3, 5)",tanh,0.0001,0.001,0.1,0.34354,0.0008294138735392759
189,"(7, 7)",tanh,0.01,0.001,0.1,0.34368,0.000829751877679392
190,"(4, 2)",logistic,0.0001,0.001,0.0462,0.3439,0.0008302830270424317
191,"(2,)",logistic,0.0001,0.001,0.0462,0.34539,0.000833880356819382
192,"(3, 7)",tanh,0.01,0.003,0.0462,0.34618,0.0008357876658957517
193,"(5, 4)",tanh,0.0001,0.003,0.1,0.34671,0.00083706725299762
194,"(5, 1)",tanh,0.01,0.001,0.1,0.34676,0.0008371879687619472
195,"(2,)",logistic,0.01,0.003,0.1,0.34863,0.0008417027383477841
196,"(7, 1)",tanh,0.01,0.003,0.0462,0.34894,0.0008424511760866127
197,"(4, 5)",tanh,0.01,0.001,0.0462,0.34919,0.0008430547549082487
198,"(2, 1)",tanh,0.01,0.001,0.1,0.34972,0.0008443343420101169
199,"(4, 4)",logistic,0.01,0.001,0.1,0.35278,0.0008517221467869411
200,"(4, 4)",logistic,0.01,0.001,0.0462,0.353,0.0008522532961499807
201,"(5, 4)",tanh,0.0001,0.001,0.0462,0.35386,0.0008543296072964085
202,"(2, 6)",tanh,0.01,0.003,0.1,0.3557,0.0008587719474236492
203,"(3,)",logistic,0.01,0.001,0.1,0.35667,0.0008611138332515967
204,"(2, 5)",logistic,0.01,0.001,0.1,0.35692,0.0008617174120732328
205,"(7, 6)",tanh,0.0001,0.001,0.0462,0.35758,0.0008633108601623517
206,"(2, 5)",logistic,0.0001,0.001,0.1,0.35954,0.0008680429181239776
207,"(6, 2)",tanh,0.0001,0.001,0.1,0.35958,0.0008681394907354393
208,"(1, 1)",logistic,0.01,0.003,0.1,0.35974,0.0008685257811812864
209,"(1, 7)",logistic,0.01,0.003,0.1,0.36123,0.0008721231109582367
210,"(6, 2)",tanh,0.01,0.003,0.1,0.36146,0.0008726784034741418
211,"(7, 2)",tanh,0.0001,0.001,0.1,0.36227,0.0008746339988562423
212,"(7, 4)",logistic,0.01,0.003,0.0462,0.36244,0.0008750444324549547
213,"(7, 5)",tanh,0.0001,0.001,0.1,0.36288,0.000876106731181034
214,"(3, 2)",logistic,0.0001,0.001,0.0462,0.36407,0.0008789797663720213
215,"(7, 6)",logistic,0.01,0.001,0.0462,0.36411,0.000879076338983483
216,"(7, 4)",logistic,0.01,0.003,0.1,0.36516,0.000881611370034354
217,"(4, 1)",logistic,0.0001,0.003,0.1,0.36567,0.0008828426708304914
218,"(7, 2)",logistic,0.0001,0.001,0.1,0.36641,0.000884629264142534
219,"(2, 4)",tanh,0.01,0.001,0.1,0.36732,0.0008868262910532887
220,"(6, 1)",tanh,0.01,0.001,0.1,0.3674,0.0008870194362762123
221,"(5, 6)",logistic,0.01,0.003,0.1,0.36745,0.0008871401520405395
222,"(5,)",tanh,0.01,0.001,0.1,0.36767,0.0008876713014035791
223,"(7, 3)",tanh,0.0001,0.001,0.1,0.36792,0.0008882748802252152
224,"(7, 7)",logistic,0.0001,0.003,0.0462,0.36878,0.0008903511913716428
225,"(3, 6)",tanh,0.0001,0.001,0.1,0.36887,0.0008905684797474317
226,"(7, 1)",logistic,0.01,0.001,0.1,0.36925,0.0008914859195563185
227,"(6, 3)",tanh,0.0001,0.001,0.1,0.36952,0.0008921377846836853
228,"(7,)",tanh,0.01,0.001,0.1,0.36994,0.0008931517971040337
229,"(3, 7)",tanh,0.01,0.003,0.1,0.37129,0.0008964111227408679
230,"(1, 6)",tanh,0.01,0.003,0.0462,0.3714,0.0008966766974223877
231,"(4, 3)",tanh,0.01,0.001,0.1,0.37149,0.0008968939857981767
232,"(7, 7)",logistic,0.01,0.001,0.1,0.3715,0.0008969181289510421
233,"(7, 2)",logistic,0.0001,0.001,0.0462,0.37212,0.0008984150044286993
234,"(1,)",logistic,0.0001,0.001,0.0462,0.37299,0.0009005154587279924
235,"(1, 5)",tanh,0.0001,0.003,0.1,0.37367,0.0009021571931228423
236,"(3, 3)",logistic,0.0001,0.003,0.1,0.37381,0.0009024951972629584
237,"(4, 2)",tanh,0.0001,0.003,0.0462,0.37393,0.0009027849150973436
238,"(3,)",tanh,0.01,0.003,0.1,0.37394,0.0009028090582502091
239,"(1, 1)",tanh,0.0001,0.003,0.0462,0.37409,0.0009031712055431907
240,"(6, 6)",tanh,0.0001,0.001,0.0462,0.37427,0.0009036057822947686
241,"(6, 7)",tanh,0.01,0.003,0.1,0.37476,0.0009047887967851751
242,"(1, 7)",tanh,0.01,0.001,0.1,0.37485,0.0009050060851609641
243,"(1, 3)",tanh,0.0001,0.001,0.1,0.37489,0.0009051026577724258
244,"(2, 2)",tanh,0.0001,0.003,0.1,0.37561,0.0009068409647787374
245,"(1, 1)",tanh,0.0001,0.001,0.1,0.37567,0.00090698582369593
246,"(6,)",logistic,0.0001,0.001,0.0462,0.37603,0.0009078549771990857
247,"(3, 2)",tanh,0.01,0.001,0.1,0.37609,0.0009079998361162784
248,"(7, 7)",tanh,0.0001,0.001,0.1,0.37674,0.000909569141052532
249,"(5, 1)",logistic,0.01,0.003,0.0462,0.37698,0.0009101485767213024
250,"(3, 3)",tanh,0.0001,0.003,0.0462,0.3772,0.000910679726084342
251,"(1, 7)",logistic,0.01,0.003,0.0462,0.37725,0.0009108004418486692
252,"(2, 2)",tanh,0.0001,0.001,0.1,0.3773,0.0009109211576129965
253,"(6, 2)",tanh,0.01,0.003,0.0462,0.37737,0.0009110901596830545
254,"(2, 1)",tanh,0.0001,0.003,0.1,0.37831,0.0009133596160524057
255,"(2, 6)",tanh,0.0001,0.003,0.1,0.37856,0.0009139631948740418
256,"(4, 5)",logistic,0.01,0.003,0.0462,0.37868,0.000914252912708427
257,"(1, 7)",logistic,0.0001,0.001,0.1,0.37942,0.0009160395060204693
258,"(6, 4)",tanh,0.0001,0.001,0.1,0.37943,0.0009160636491733348
259,"(3, 1)",logistic,0.01,0.003,0.0462,0.38002,0.0009174880951923958
260,"(4, 7)",logistic,0.01,0.003,0.0462,0.38068,0.0009190815432815147
261,"(2, 7)",logistic,0.0001,0.001,0.1,0.38083,0.0009194436905744963
262,"(6, 5)",tanh,0.0001,0.003,0.1,0.38129,0.0009205542756063065
263,"(3, 1)",logistic,0.01,0.003,0.1,0.38159,0.0009212785701922696
264,"(6, 4)",tanh,0.0001,0.003,0.1,0.38348,0.0009258416260838375
265,"(3, 4)",logistic,0.01,0.001,0.1,0.38355,0.0009260106281538955
266,"(2, 5)",logistic,0.01,0.001,0.0462,0.38391,0.0009268797816570513
267,"(3, 7)",tanh,0.0001,0.001,0.0462,0.38397,0.000927024640574244
268,"(4,)",tanh,0.0001,0.003,0.1,0.38409,0.0009273143584086292
269,"(4, 1)",tanh,0.01,0.001,0.0462,0.38452,0.000928352513981843
270,"(6, 4)",tanh,0.0001,0.003,0.0462,0.38467,0.0009287146612748247
271,"(5,)",logistic,0.0001,0.003,0.1,0.38507,0.0009296803873894423
272,"(5, 1)",logistic,0.0001,0.001,0.1,0.38519,0.0009299701052238274
273,"(3, 4)",logistic,0.01,0.001,0.0462,0.38587,0.0009316118396186773
274,"(5, 5)",logistic,0.01,0.001,0.1,0.38656,0.0009332777171663926
275,"(5, 6)",logistic,0.01,0.001,0.1,0.38692,0.0009341468706695484
276,"(6, 1)",logistic,0.01,0.003,0.1,0.3872,0.0009348228789497806
277,"(3, 5)",logistic,0.01,0.003,0.1,0.38721,0.000934847022102646
278,"(1, 4)",tanh,0.01,0.003,0.0462,0.38731,0.0009350884536313004
279,"(6, 5)",tanh,0.01,0.001,0.0462,0.38816,0.0009371406216248627
280,"(7, 6)",logistic,0.01,0.001,0.1,0.38851,0.0009379856319751531
281,"(5, 1)",logistic,0.0001,0.003,0.1,0.38852,0.0009380097751280185
282,"(1,)",tanh,0.01,0.001,0.0462,0.38877,0.0009386133539496545
283,"(3, 4)",tanh,0.0001,0.001,0.1,0.38926,0.0009397963684400609
284,"(6,)",logistic,0.01,0.003,0.1,0.38945,0.0009402550883445043
285,"(5, 4)",logistic,0.01,0.003,0.1,0.38954,0.0009404723767202932
286,"(1, 1)",logistic,0.0001,0.003,0.1,0.3899,0.0009413415302234491
287,"(7, 6)",tanh,0.0001,0.003,0.1,0.3901,0.0009418243932807579
288,"(7, 3)",tanh,0.0001,0.001,0.0462,0.39055,0.0009429108351597026
289,"(4, 3)",tanh,0.01,0.001,0.0462,0.39079,0.0009434902708284731
290,"(5, 3)",logistic,0.0001,0.001,0.0462,0.39084,0.0009436109865928003
291,"(6, 1)",tanh,0.0001,0.001,0.1,0.39084,0.0009436109865928003
292,"(7, 1)",logistic,0.01,0.003,0.0462,0.39096,0.0009439007044271854
293,"(1,)",tanh,0.01,0.001,0.1,0.39097,0.0009439248475800509
294,"(4, 1)",tanh,0.0001,0.003,0.0462,0.39107,0.0009441662791087053
295,"(5, 6)",tanh,0.0001,0.001,0.0462,0.39121,0.0009445042832488215
296,"(4, 6)",logistic,0.01,0.001,0.0462,0.39153,0.0009452768641405155
297,"(4, 6)",logistic,0.01,0.003,0.0462,0.39169,0.0009456631545863625
298,"(6, 1)",logistic,0.0001,0.001,0.1,0.39307,0.000948994909681793
299,"(1, 3)",logistic,0.01,0.001,0.1,0.39328,0.0009495019158919674
300,"(3, 3)",logistic,0.0001,0.001,0.1,0.39347,0.0009499606357964105
301,"(1, 3)",tanh,0.01,0.001,0.1,0.39355,0.0009501537810193342
302,"(3,)",logistic,0.01,0.001,0.0462,0.39379,0.0009507332166881046
303,"(6, 1)",logistic,0.01,0.001,0.0462,0.3939,0.0009509987913696244
304,"(1,)",logistic,0.0001,0.003,0.1,0.39423,0.000951795515414184
305,"(7, 1)",tanh,0.0001,0.001,0.1,0.39426,0.0009518679448727803
306,"(4, 1)",logistic,0.01,0.001,0.1,0.39463,0.0009527612415288014
307,"(7, 7)",logistic,0.0001,0.001,0.1,0.3949,0.0009534131066561682
308,"(5, 1)",tanh,0.0001,0.003,0.1,0.39531,0.0009544029759236513
309,"(4, 1)",logistic,0.01,0.001,0.0462,0.39553,0.0009549341252866909
310,"(4, 2)",logistic,0.01,0.003,0.1,0.39561,0.0009551272705096144
311,"(1, 7)",tanh,0.0001,0.001,0.1,0.39575,0.0009554652746497305
312,"(2, 4)",logistic,0.01,0.001,0.0462,0.39588,0.0009557791356369813
313,"(2, 6)",logistic,0.01,0.003,0.0462,0.39613,0.0009563827144586172
314,"(6, 5)",tanh,0.01,0.003,0.0462,0.39648,0.0009572277248089076
315,"(1,)",logistic,0.01,0.001,0.0462,0.39651,0.0009573001542675038
316,"(1, 3)",logistic,0.01,0.001,0.0462,0.39659,0.0009574932994904274
317,"(1, 6)",logistic,0.0001,0.001,0.1,0.39705,0.0009586038845222376
318,"(4, 6)",tanh,0.01,0.003,0.1,0.39722,0.00095901431812095
319,"(1,)",logistic,0.01,0.003,0.0462,0.39731,0.000959231606496739
320,"(4, 2)",logistic,0.0001,0.003,0.0462,0.3975,0.0009596903264011824
321,"(7,)",tanh,0.0001,0.001,0.1,0.39768,0.0009601249031527602
322,"(5, 6)",tanh,0.0001,0.003,0.1,0.39792,0.0009607043388215308
323,"(7, 7)",logistic,0.01,0.003,0.1,0.39795,0.0009607767682801271
324,"(3, 1)",logistic,0.0001,0.001,0.0462,0.3986,0.0009623460732163806
325,"(3, 2)",logistic,0.01,0.001,0.1,0.39874,0.0009626840773564966
326,"(2, 1)",logistic,0.01,0.001,0.1,0.39875,0.0009627082205093621
327,"(2, 4)",tanh,0.01,0.003,0.1,0.39897,0.0009632393698724018
328,"(3, 6)",logistic,0.01,0.001,0.0462,0.399,0.0009633117993309982
329,"(7, 6)",tanh,0.01,0.003,0.0462,0.3991,0.0009635532308596525
330,"(2,)",tanh,0.0001,0.001,0.0462,0.39926,0.0009639395213054996
331,"(5, 1)",tanh,0.0001,0.001,0.1,0.40004,0.0009658226872290037
332,"(6,)",tanh,0.01,0.001,0.0462,0.40011,0.0009659916892990619
333,"(2,)",tanh,0.01,0.001,0.1,0.40047,0.0009668608428022176
334,"(5,)",tanh,0.01,0.003,0.0462,0.40089,0.000967874855222566
335,"(4,)",logistic,0.0001,0.003,0.0462,0.4009,0.0009678989983754314
336,"(6, 1)",logistic,0.0001,0.003,0.1,0.40099,0.0009681162867512204
337,"(7,)",logistic,0.0001,0.001,0.0462,0.40099,0.0009681162867512204
338,"(7, 7)",logistic,0.0001,0.003,0.1,0.40106,0.0009682852888212786
339,"(6, 7)",logistic,0.0001,0.001,0.1,0.40138,0.0009690578697129725
340,"(1, 4)",logistic,0.01,0.001,0.1,0.4017,0.0009698304506046665
341,"(3,)",tanh,0.01,0.001,0.1,0.40185,0.0009701925978976481
342,"(2, 7)",logistic,0.0001,0.001,0.0462,0.40221,0.0009710617514008039
343,"(7, 4)",tanh,0.01,0.001,0.0462,0.40245,0.0009716411870695743
344,"(4, 3)",tanh,0.0001,0.001,0.0462,0.40278,0.0009724379111141339
345,"(2, 1)",tanh,0.0001,0.001,0.0462,0.40302,0.0009730173467829044
346,"(7, 5)",logistic,0.0001,0.003,0.1,0.40371,0.0009746832243306197
347,"(1,)",logistic,0.0001,0.003,0.0462,0.40392,0.0009751902305407939
348,"(7, 4)",logistic,0.01,0.001,0.0462,0.40404,0.0009754799483751792
349,"(2,)",logistic,0.0001,0.003,0.1,0.40465,0.000976952680699971
350,"(6, 5)",logistic,0.01,0.001,0.0462,0.40478,0.0009772665416872216
351,"(4, 6)",logistic,0.0001,0.001,0.0462,0.40524,0.0009783771267190316
352,"(7, 1)",tanh,0.0001,0.003,0.1,0.40596,0.0009801154337253433
353,"(5, 6)",logistic,0.0001,0.001,0.1,0.40599,0.0009801878631839397
354,"(1, 4)",tanh,0.01,0.001,0.1,0.40606,0.0009803568652539977
355,"(7, 6)",logistic,0.0001,0.003,0.1,0.40615,0.0009805741536297867
356,"(4, 1)",logistic,0.01,0.003,0.1,0.40618,0.0009806465830883829
357,"(2, 3)",logistic,0.01,0.001,0.0462,0.40629,0.0009809121577699028
358,"(5, 3)",tanh,0.01,0.001,0.1,0.40632,0.0009809845872284992
359,"(5, 7)",logistic,0.0001,0.001,0.1,0.40637,0.0009811053029928263
360,"(6, 2)",logistic,0.01,0.003,0.1,0.40651,0.0009814433071329424
361,"(6, 3)",logistic,0.0001,0.001,0.1,0.40666,0.000981805454425924
362,"(2, 3)",logistic,0.0001,0.001,0.0462,0.40684,0.0009822400311775019
363,"(2, 3)",logistic,0.01,0.003,0.0462,0.407,0.000982626321623349
364,"(5, 3)",logistic,0.0001,0.001,0.1,0.40714,0.000982964325763465
365,"(5, 5)",logistic,0.01,0.003,0.0462,0.4075,0.000983833479266621
366,"(3, 5)",tanh,0.01,0.001,0.0462,0.40769,0.0009842921991710643
367,"(1, 3)",tanh,0.01,0.003,0.0462,0.40776,0.0009844612012411224
368,"(3, 1)",logistic,0.01,0.001,0.0462,0.40781,0.0009845819170054494
369,"(1, 1)",tanh,0.01,0.001,0.0462,0.40822,0.0009855717862729326
370,"(5, 6)",logistic,0.01,0.001,0.0462,0.40853,0.0009863202240117611
371,"(5, 5)",logistic,0.0001,0.001,0.0462,0.40877,0.0009868996596805316
372,"(6, 4)",logistic,0.0001,0.001,0.0462,0.40881,0.0009869962322919933
373,"(1, 1)",logistic,0.01,0.001,0.0462,0.40889,0.0009871893775149168
374,"(6, 3)",tanh,0.01,0.003,0.1,0.4092,0.0009879378152537455
375,"(6,)",logistic,0.0001,0.001,0.1,0.40925,0.0009880585310180726
376,"(1,)",tanh,0.0001,0.003,0.0462,0.40934,0.0009882758193938616
377,"(3, 5)",logistic,0.0001,0.003,0.0462,0.40956,0.0009888069687569011
378,"(5, 2)",logistic,0.01,0.001,0.0462,0.41013,0.0009901831284702311
379,"(3, 1)",tanh,0.0001,0.003,0.1,0.41018,0.0009903038442345584
380,"(2,)",tanh,0.01,0.001,0.0462,0.41035,0.0009907142778332709
381,"(2, 2)",logistic,0.01,0.003,0.0462,0.41043,0.0009909074230561943
382,"(3, 5)",logistic,0.0001,0.001,0.0462,0.41045,0.0009909557093619253
383,"(7, 7)",tanh,0.01,0.001,0.0462,0.41085,0.0009919214354765428
384,"(2, 3)",logistic,0.0001,0.003,0.0462,0.41092,0.0009920904375466009
385,"(6, 1)",tanh,0.01,0.001,0.0462,0.411,0.0009922835827695243
386,"(7, 5)",logistic,0.0001,0.001,0.0462,0.41139,0.0009932251657312765
387,"(6, 5)",tanh,0.01,0.001,0.1,0.41169,0.0009939494603172397
388,"(1, 5)",logistic,0.01,0.003,0.1,0.41201,0.0009947220412089336
389,"(7, 1)",logistic,0.0001,0.001,0.0462,0.41216,0.0009950841885019153
390,"(4, 5)",logistic,0.0001,0.001,0.0462,0.41222,0.0009952290474191077
391,"(1, 7)",logistic,0.01,0.001,0.1,0.41238,0.000995615337864955
392,"(7, 2)",tanh,0.0001,0.001,0.0462,0.41292,0.0009969190681196887
393,"(4,)",logistic,0.0001,0.001,0.0462,0.41303,0.0009971846428012084
394,"(2, 7)",logistic,0.0001,0.003,0.1,0.41373,0.0009988746635017892
395,"(2, 5)",tanh,0.01,0.001,0.0462,0.41411,0.0009997921033106758
396,"(7, 5)",logistic,0.0001,0.003,0.0462,0.41415,0.0009998886759221375
397,"(7, 4)",logistic,0.0001,0.003,0.0462,0.41445,0.0010006129705081006
398,"(2, 1)",tanh,0.01,0.001,0.0462,0.41459,0.0010009509746482168
399,"(6,)",logistic,0.01,0.001,0.1,0.41479,0.0010014338377055255
400,"(7, 6)",logistic,0.01,0.003,0.1,0.41543,0.0010029789994889138
401,"(2, 5)",tanh,0.0001,0.003,0.0462,0.41561,0.0010034135762404914
402,"(3, 3)",tanh,0.01,0.003,0.1,0.41591,0.0010041378708264548
403,"(4, 3)",logistic,0.01,0.003,0.1,0.41614,0.00100469316334236
404,"(5, 6)",tanh,0.01,0.003,0.1,0.41621,0.001004862165412418
405,"(3, 4)",logistic,0.0001,0.001,0.0462,0.41642,0.001005369171622592
406,"(1, 3)",logistic,0.0001,0.001,0.1,0.41685,0.001006407327195806
407,"(5, 5)",logistic,0.0001,0.001,0.1,0.41701,0.0010067936176416529
408,"(5, 3)",tanh,0.0001,0.003,0.1,0.41744,0.0010078317732148667
409,"(2,)",logistic,0.01,0.001,0.0462,0.41773,0.0010085319246479645
410,"(7,)",logistic,0.0001,0.001,0.1,0.4179,0.001008942358246677
411,"(2, 7)",tanh,0.01,0.003,0.1,0.41798,0.0010091355034696006
412,"(5,)",logistic,0.01,0.001,0.0462,0.41825,0.0010097873685969675
413,"(4,)",logistic,0.01,0.003,0.0462,0.41832,0.0010099563706670255
414,"(3, 5)",tanh,0.0001,0.001,0.0462,0.41838,0.001010101229584218
415,"(6, 2)",logistic,0.01,0.001,0.0462,0.41853,0.0010104633768771997
416,"(2, 6)",tanh,0.01,0.001,0.0462,0.41858,0.0010105840926415267
417,"(2, 2)",tanh,0.01,0.003,0.1,0.41864,0.0010107289515587194
418,"(3, 6)",tanh,0.01,0.003,0.1,0.41895,0.001011477389297548
419,"(6, 7)",tanh,0.01,0.001,0.1,0.41917,0.0010120085386605877
420,"(7, 4)",tanh,0.01,0.003,0.0462,0.41944,0.0010126604037879545
421,"(2,)",tanh,0.0001,0.003,0.1,0.41971,0.0010133122689153214
422,"(3, 3)",logistic,0.01,0.003,0.0462,0.41979,0.0010135054141382448
423,"(6, 2)",tanh,0.0001,0.003,0.1,0.41995,0.0010138917045840919
424,"(1, 1)",logistic,0.0001,0.003,0.0462,0.42041,0.001015002289615902
425,"(7, 5)",logistic,0.01,0.003,0.0462,0.42083,0.0010160163020362504
426,"(3, 6)",logistic,0.01,0.001,0.1,0.42095,0.0010163060198706358
427,"(2, 2)",tanh,0.0001,0.001,0.0462,0.42126,0.0010170544576094643
428,"(1, 6)",tanh,0.0001,0.003,0.0462,0.42143,0.0010174648912081767
429,"(5,)",tanh,0.01,0.001,0.0462,0.42144,0.0010174890343610421
430,"(7,)",logistic,0.01,0.003,0.0462,0.42151,0.0010176580364311004
431,"(4, 2)",tanh,0.0001,0.003,0.1,0.42158,0.0010178270385011584
432,"(7,)",logistic,0.01,0.003,0.1,0.42193,0.0010186720488514487
433,"(6, 4)",logistic,0.0001,0.003,0.0462,0.42196,0.001018744478310045
434,"(5, 3)",logistic,0.0001,0.003,0.0462,0.42222,0.0010193722002845465
435,"(7, 4)",logistic,0.0001,0.003,0.1,0.42223,0.0010193963434374119
436,"(2, 7)",tanh,0.01,0.001,0.0462,0.42236,0.0010197102044246626
437,"(6, 6)",logistic,0.0001,0.003,0.1,0.42305,0.0010213760819723777
438,"(6, 5)",logistic,0.0001,0.003,0.0462,0.42416,0.0010240559719404414
439,"(1, 4)",logistic,0.0001,0.003,0.0462,0.42427,0.0010243215466219614
440,"(2, 2)",logistic,0.0001,0.003,0.1,0.42429,0.0010243698329276921
441,"(5, 7)",tanh,0.01,0.001,0.1,0.42442,0.001024683693914943
442,"(3, 5)",logistic,0.01,0.003,0.0462,0.42449,0.001024852695985001
443,"(3,)",logistic,0.01,0.003,0.0462,0.42486,0.0010257459926410223
444,"(3,)",tanh,0.01,0.001,0.0462,0.42492,0.0010258908515582148
445,"(5, 3)",logistic,0.0001,0.003,0.1,0.42532,0.0010268565776728323
446,"(5,)",tanh,0.0001,0.001,0.0462,0.42558,0.0010274842996473338
447,"(3, 2)",tanh,0.01,0.003,0.1,0.42601,0.0010285224552205477
448,"(6, 3)",logistic,0.0001,0.003,0.0462,0.42602,0.001028546598373413
449,"(5, 4)",logistic,0.0001,0.003,0.1,0.42617,0.0010289087456663946
450,"(4, 5)",logistic,0.01,0.003,0.1,0.42621,0.0010290053182778563
451,"(1, 4)",logistic,0.01,0.003,0.1,0.42632,0.0010292708929593762
452,"(4,)",tanh,0.0001,0.001,0.1,0.42644,0.0010295606107937614
453,"(2, 6)",logistic,0.0001,0.003,0.1,0.42654,0.0010298020423224158
454,"(7, 4)",tanh,0.0001,0.003,0.1,0.42655,0.0010298261854752814
455,"(7, 6)",tanh,0.01,0.003,0.1,0.42677,0.0010303573348383209
456,"(7,)",tanh,0.0001,0.003,0.0462,0.42684,0.001030526336908379
457,"(7, 4)",tanh,0.01,0.001,0.1,0.42688,0.0010306229095198407
458,"(5, 2)",tanh,0.0001,0.001,0.0462,0.42707,0.001031081629424284
459,"(3, 5)",logistic,0.0001,0.003,0.1,0.42722,0.0010314437767172658
460,"(6, 7)",logistic,0.0001,0.003,0.0462,0.42744,0.0010319749260803053
461,"(2, 7)",tanh,0.0001,0.001,0.1,0.42745,0.0010319990692331709
462,"(1, 6)",tanh,0.0001,0.003,0.1,0.4275,0.001032119784997498
463,"(5, 6)",tanh,0.01,0.001,0.1,0.42753,0.0010321922144560943
464,"(2, 5)",logistic,0.01,0.003,0.1,0.42754,0.0010322163576089597
465,"(5, 4)",logistic,0.01,0.003,0.0462,0.42762,0.0010324095028318833
466,"(5, 5)",logistic,0.0001,0.003,0.1,0.42781,0.0010328682227363267
467,"(6, 4)",tanh,0.01,0.001,0.0462,0.42787,0.0010330130816535192
468,"(7,)",logistic,0.0001,0.003,0.0462,0.42789,0.0010330613679592501
469,"(3,)",logistic,0.0001,0.003,0.0462,0.42808,0.0010335200878636935
470,"(3, 6)",tanh,0.01,0.001,0.1,0.42814,0.001033664946780886
471,"(7, 6)",logistic,0.01,0.003,0.0462,0.42826,0.0010339546646152711
472,"(6, 7)",tanh,0.01,0.001,0.0462,0.42826,0.0010339546646152711
473,"(1, 6)",logistic,0.01,0.003,0.0462,0.42835,0.0010341719529910604
474,"(7, 1)",tanh,0.0001,0.001,0.0462,0.42877,0.0010351859654114087
475,"(7,)",logistic,0.0001,0.003,0.1,0.42879,0.0010352342517171396
476,"(4, 4)",logistic,0.01,0.003,0.0462,0.42881,0.0010352825380228704
477,"(5, 6)",logistic,0.01,0.003,0.0462,0.42888,0.0010354515400929284
478,"(4, 2)",tanh,0.01,0.001,0.1,0.4294,0.0010367069840419314
479,"(4, 2)",logistic,0.01,0.003,0.0462,0.42965,0.0010373105628635672
480,"(2,)",logistic,0.01,0.003,0.0462,0.42972,0.0010374795649336253
481,"(1, 3)",logistic,0.01,0.003,0.0462,0.42989,0.0010378899985323377
482,"(2, 1)",logistic,0.01,0.003,0.1,0.43006,0.0010383004321310502
483,"(4, 5)",logistic,0.0001,0.001,0.1,0.43007,0.0010383245752839157
484,"(3, 3)",logistic,0.01,0.003,0.1,0.43015,0.0010385177205068392
485,"(1, 6)",tanh,0.01,0.001,0.1,0.43027,0.0010388074383412245
486,"(6, 6)",logistic,0.01,0.003,0.1,0.43091,0.0010403526001246126
487,"(3, 7)",tanh,0.01,0.001,0.0462,0.43095,0.0010404491727360743
488,"(1, 7)",logistic,0.0001,0.003,0.0462,0.43126,0.0010411976104749028
489,"(5, 2)",logistic,0.01,0.003,0.0462,0.43143,0.0010416080440736153
490,"(7, 4)",tanh,0.0001,0.001,0.0462,0.43203,0.0010430566332455416
491,"(7, 6)",logistic,0.0001,0.003,0.0462,0.43214,0.0010433222079270616
492,"(5,)",tanh,0.0001,0.001,0.1,0.43254,0.001044287934041679
493,"(4, 7)",logistic,0.0001,0.001,0.1,0.43302,0.0010454468053792201
494,"(5, 3)",tanh,0.01,0.003,0.1,0.43304,0.0010454950916849509
495,"(7, 6)",logistic,0.0001,0.001,0.0462,0.43312,0.0010456882369078745
496,"(7, 5)",tanh,0.01,0.003,0.0462,0.43337,0.0010462918157295104
497,"(5, 6)",tanh,0.01,0.001,0.0462,0.43354,0.0010467022493282228
498,"(4,)",logistic,0.0001,0.003,0.1,0.4338,0.0010473299713027243
499,"(3, 4)",tanh,0.0001,0.001,0.0462,0.43416,0.0010481991248058801
500,"(7, 3)",logistic,0.01,0.003,0.1,0.43447,0.0010489475625447087
501,"(2,)",tanh,0.0001,0.003,0.0462,0.43475,0.001049623570824941
502,"(4, 3)",logistic,0.01,0.003,0.0462,0.43478,0.0010496960002835372
503,"(3,)",tanh,0.01,0.003,0.0462,0.43499,0.0010502030064937114
504,"(2, 5)",logistic,0.01,0.003,0.0462,0.43507,0.001050396151716635
505,"(2, 4)",logistic,0.0001,0.001,0.0462,0.43537,0.001051120446302598
506,"(4, 6)",tanh,0.0001,0.001,0.1,0.43547,0.0010513618778312526
507,"(2, 2)",logistic,0.0001,0.003,0.0462,0.43603,0.001052713894391717
508,"(1, 6)",tanh,0.0001,0.001,0.1,0.43606,0.0010527863238503133
509,"(5, 3)",logistic,0.01,0.003,0.1,0.43613,0.0010529553259203716
510,"(2, 5)",tanh,0.01,0.001,0.1,0.43648,0.0010538003362706618
511,"(5, 7)",tanh,0.0001,0.001,0.0462,0.43699,0.0010550316370667992
512,"(5, 2)",tanh,0.01,0.001,0.0462,0.437,0.0010550557802196645
513,"(5,)",logistic,0.01,0.003,0.0462,0.43734,0.0010558766474170896
514,"(3, 3)",logistic,0.0001,0.003,0.0462,0.43809,0.0010576873838819975
515,"(6, 6)",logistic,0.01,0.003,0.0462,0.43837,0.0010583633921622297
516,"(5, 6)",logistic,0.0001,0.001,0.0462,0.4384,0.001058435821620826
517,"(2, 4)",logistic,0.0001,0.003,0.1,0.43851,0.0010587013963023458
518,"(7, 3)",logistic,0.0001,0.003,0.1,0.43857,0.0010588462552195384
519,"(5, 2)",logistic,0.0001,0.003,0.0462,0.43895,0.0010597636950284252
520,"(3, 4)",tanh,0.01,0.003,0.0462,0.43959,0.001061308856811813
521,"(7, 7)",logistic,0.0001,0.001,0.0462,0.43972,0.0010616227177990638
522,"(3, 1)",logistic,0.0001,0.003,0.1,0.4401,0.0010625401576079506
523,"(2, 6)",logistic,0.01,0.001,0.1,0.44081,0.0010642543214613967
524,"(6, 7)",logistic,0.01,0.001,0.1,0.44098,0.0010646647550601092
525,"(7, 3)",logistic,0.0001,0.003,0.0462,0.441,0.0010647130413658401
526,"(3, 4)",tanh,0.01,0.001,0.1,0.44102,0.0010647613276715709
527,"(2, 1)",logistic,0.0001,0.003,0.1,0.44118,0.001065147618117418
528,"(3, 6)",logistic,0.0001,0.001,0.0462,0.44168,0.0010663547757606899
529,"(5, 1)",tanh,0.01,0.003,0.0462,0.44179,0.0010666203504422097
530,"(2,)",tanh,0.0001,0.001,0.1,0.44258,0.0010685276595185792
531,"(5, 2)",logistic,0.01,0.003,0.1,0.44273,0.0010688898068115609
532,"(6, 7)",tanh,0.01,0.003,0.0462,0.44285,0.0010691795246459462
533,"(3, 7)",logistic,0.01,0.001,0.0462,0.4433,0.0010702659665248909
534,"(5, 5)",logistic,0.0001,0.003,0.0462,0.44394,0.001071811128308279
535,"(7, 3)",logistic,0.01,0.003,0.0462,0.44398,0.0010719077009197406
536,"(6, 6)",tanh,0.01,0.001,0.0462,0.44462,0.001073452862703129
537,"(1, 2)",logistic,0.01,0.003,0.1,0.44475,0.0010737667236903794
538,"(4, 7)",logistic,0.0001,0.003,0.0462,0.44502,0.0010744185888177465
539,"(1, 4)",logistic,0.01,0.003,0.0462,0.44513,0.0010746841634992662
540,"(2, 3)",logistic,0.0001,0.003,0.1,0.44533,0.001075167026556575
541,"(3, 2)",logistic,0.01,0.003,0.1,0.44534,0.0010751911697094404
542,"(6, 4)",tanh,0.0001,0.001,0.0462,0.44537,0.0010752635991680367
543,"(3, 5)",logistic,0.01,0.001,0.1,0.44606,0.001076929476715752
544,"(7, 2)",logistic,0.01,0.003,0.0462,0.44632,0.0010775571986902533
545,"(1,)",tanh,0.01,0.003,0.0462,0.44635,0.0010776296281488496
546,"(2, 6)",logistic,0.01,0.001,0.0462,0.4466,0.0010782332069704855
547,"(3, 3)",logistic,0.0001,0.001,0.0462,0.44715,0.0010795610803780848
548,"(4, 3)",logistic,0.0001,0.003,0.1,0.44742,0.0010802129455054516
549,"(7, 7)",tanh,0.0001,0.003,0.0462,0.44743,0.001080237088658317
550,"(4, 6)",tanh,0.0001,0.001,0.0462,0.44745,0.001080285374964048
551,"(4, 3)",tanh,0.0001,0.001,0.1,0.44747,0.0010803336612697787
552,"(5, 4)",logistic,0.0001,0.001,0.0462,0.44759,0.001080623379104164
553,"(4, 4)",tanh,0.01,0.001,0.1,0.4476,0.0010806475222570294
554,"(4, 4)",logistic,0.01,0.003,0.1,0.44767,0.0010808165243270877
555,"(6, 1)",tanh,0.0001,0.003,0.1,0.44777,0.0010810579558557418
556,"(2,)",logistic,0.0001,0.003,0.0462,0.44808,0.0010818063935945704
557,"(3, 2)",logistic,0.01,0.001,0.0462,0.4482,0.0010820961114289557
558,"(4, 7)",tanh,0.01,0.003,0.0462,0.44839,0.0010825548313333992
559,"(2, 7)",logistic,0.01,0.001,0.1,0.44917,0.0010844379972569033
560,"(2, 1)",logistic,0.01,0.001,0.0462,0.44978,0.001085910729581695
561,"(5, 7)",logistic,0.01,0.001,0.1,0.44991,0.0010862245905689457
562,"(1, 6)",tanh,0.01,0.001,0.0462,0.44998,0.0010863935926390038
563,"(3, 7)",logistic,0.01,0.001,0.1,0.4506,0.001087890468116661
564,"(1, 3)",logistic,0.0001,0.003,0.0462,0.45104,0.0010889527668427404
565,"(1, 6)",logistic,0.0001,0.001,0.0462,0.45154,0.0010901599244860123
566,"(1, 4)",tanh,0.0001,0.003,0.0462,0.45159,0.0010902806402503394
567,"(4, 3)",tanh,0.01,0.003,0.1,0.45181,0.0010908117896133791
568,"(3,)",tanh,0.0001,0.003,0.0462,0.45193,0.0010911015074477643
569,"(3, 5)",tanh,0.01,0.003,0.1,0.45196,0.0010911739369063606
570,"(5, 4)",logistic,0.01,0.001,0.0462,0.45216,0.0010916567999636694
571,"(6, 4)",logistic,0.0001,0.001,0.1,0.45247,0.001092405237702498
572,"(7,)",tanh,0.0001,0.003,0.1,0.45259,0.0010926949555368833
573,"(6, 2)",logistic,0.0001,0.003,0.0462,0.45313,0.001093998685791617
574,"(4, 6)",logistic,0.01,0.001,0.1,0.45328,0.0010943608330845987
575,"(6, 6)",logistic,0.0001,0.003,0.0462,0.45351,0.0010949161256005038
576,"(3, 4)",logistic,0.0001,0.001,0.1,0.45406,0.0010962439990081028
577,"(4, 7)",logistic,0.0001,0.001,0.0462,0.4543,0.0010968234346768733
578,"(3, 1)",tanh,0.01,0.003,0.0462,0.45452,0.0010973545840399128
579,"(1, 3)",tanh,0.0001,0.001,0.0462,0.45477,0.001097958162861549
580,"(6, 4)",logistic,0.01,0.003,0.1,0.45522,0.0010990446047404938
581,"(4, 4)",logistic,0.0001,0.001,0.1,0.45527,0.0010991653205048209
582,"(5, 6)",tanh,0.0001,0.001,0.1,0.45552,0.0010997688993264567
583,"(7, 1)",logistic,0.0001,0.003,0.0462,0.45572,0.0011002517623837655
584,"(7, 2)",logistic,0.01,0.001,0.1,0.4558,0.0011004449076066891
585,"(5, 7)",logistic,0.0001,0.003,0.0462,0.45581,0.0011004690507595545
586,"(1, 6)",logistic,0.01,0.001,0.1,0.45589,0.0011006621959824782
587,"(5, 2)",tanh,0.0001,0.003,0.1,0.45612,0.0011012174884983833
588,"(5, 6)",tanh,0.01,0.003,0.0462,0.45655,0.001102255644071597
589,"(3,)",tanh,0.0001,0.003,0.1,0.45724,0.001103921521619312
590,"(4, 1)",logistic,0.01,0.003,0.0462,0.45734,0.0011041629531479667
591,"(6, 3)",logistic,0.01,0.001,0.1,0.45749,0.0011045251004409482
592,"(3, 3)",logistic,0.01,0.001,0.0462,0.45755,0.0011046699593581409
593,"(4, 2)",tanh,0.0001,0.001,0.1,0.45788,0.0011054666834027004
594,"(2, 3)",logistic,0.0001,0.001,0.1,0.4584,0.001106722127351703
595,"(7, 3)",logistic,0.0001,0.001,0.1,0.45877,0.0011076154240077243
596,"(1, 3)",tanh,0.01,0.003,0.1,0.45898,0.0011081224302178984
597,"(7, 2)",logistic,0.0001,0.003,0.1,0.4598,0.0011101021687528645
598,"(1, 4)",logistic,0.0001,0.001,0.0462,0.45992,0.0011103918865872496
599,"(1, 2)",logistic,0.0001,0.003,0.0462,0.46,0.0011105850318101733
600,"(1, 2)",logistic,0.0001,0.003,0.1,0.46022,0.001111116181173213
601,"(3, 5)",tanh,0.0001,0.003,0.1,0.46044,0.0011116473305362526
602,"(4, 4)",logistic,0.0001,0.001,0.0462,0.4609,0.0011127579155680626
603,"(5, 2)",logistic,0.01,0.001,0.1,0.46094,0.0011128544881795245
604,"(3, 3)",tanh,0.01,0.001,0.0462,0.46107,0.0011131683491667752
605,"(3, 7)",logistic,0.01,0.003,0.1,0.46153,0.0011142789341985853
606,"(2, 3)",tanh,0.01,0.003,0.0462,0.46153,0.0011142789341985853
607,"(4, 6)",tanh,0.01,0.001,0.0462,0.46205,0.0011155343781475882
608,"(1, 1)",logistic,0.0001,0.001,0.0462,0.46214,0.0011157516665233772
609,"(3, 1)",logistic,0.0001,0.003,0.0462,0.4624,0.0011163793884978784
610,"(5, 2)",tanh,0.01,0.001,0.1,0.46255,0.0011167415357908601
611,"(3, 2)",tanh,0.0001,0.001,0.0462,0.46267,0.0011170312536252455
612,"(4, 7)",tanh,0.0001,0.001,0.0462,0.46315,0.0011181901249627865
613,"(7, 3)",logistic,0.01,0.001,0.1,0.46336,0.0011186971311729606
614,"(3,)",tanh,0.0001,0.001,0.0462,0.46338,0.0011187454174786916
615,"(3, 2)",tanh,0.01,0.003,0.0462,0.46345,0.0011189144195487494
616,"(3, 4)",logistic,0.0001,0.003,0.0462,0.46388,0.0011199525751219635
617,"(4, 5)",tanh,0.0001,0.003,0.0462,0.46413,0.0011205561539435994
618,"(4, 1)",tanh,0.0001,0.001,0.1,0.4653,0.0011233809028288557
619,"(4, 5)",tanh,0.0001,0.001,0.0462,0.46551,0.0011238879090390299
620,"(4, 4)",tanh,0.01,0.003,0.1,0.46623,0.0011256262160453414
621,"(6, 2)",tanh,0.01,0.001,0.1,0.46648,0.0011262297948669774
622,"(2, 1)",logistic,0.0001,0.001,0.0462,0.46794,0.0011297546951853316
623,"(1, 2)",logistic,0.01,0.003,0.0462,0.46828,0.0011305755623827562
624,"(1, 6)",logistic,0.0001,0.003,0.1,0.46829,0.0011305997055356218
625,"(6, 1)",logistic,0.0001,0.001,0.0462,0.46851,0.0011311308548986614
626,"(6, 3)",logistic,0.0001,0.003,0.1,0.46859,0.001131324000121585
627,"(6,)",tanh,0.01,0.003,0.1,0.46884,0.0011319275789432209
628,"(3, 2)",logistic,0.0001,0.003,0.0462,0.46916,0.001132700159834915
629,"(2, 6)",tanh,0.0001,0.001,0.1,0.46946,0.0011334244544208782
630,"(4, 4)",tanh,0.0001,0.001,0.0462,0.4695,0.0011335210270323399
631,"(3, 4)",logistic,0.01,0.003,0.1,0.46976,0.0011341487490068413
632,"(1, 7)",tanh,0.0001,0.001,0.0462,0.46999,0.0011347040415227464
633,"(5, 1)",tanh,0.01,0.003,0.1,0.46999,0.0011347040415227464
634,"(6, 3)",tanh,0.01,0.001,0.1,0.47051,0.0011359594854717491
635,"(5, 4)",tanh,0.01,0.001,0.0462,0.47102,0.0011371907862678865
636,"(1, 4)",tanh,0.01,0.001,0.0462,0.47117,0.0011375529335608682
637,"(1,)",logistic,0.01,0.001,0.1,0.47124,0.0011377219356309262
638,"(6, 2)",tanh,0.01,0.001,0.0462,0.47162,0.0011386393754398128
639,"(6, 7)",logistic,0.01,0.003,0.0462,0.47272,0.001141295122255011
640,"(6, 6)",tanh,0.0001,0.003,0.1,0.47284,0.0011415848400893962
641,"(6, 4)",tanh,0.01,0.001,0.1,0.47289,0.0011417055558537235
642,"(2, 6)",tanh,0.01,0.001,0.1,0.47398,0.0011443371595160564
643,"(7, 7)",tanh,0.0001,0.001,0.0462,0.47432,0.0011451580267134813
644,"(5, 4)",logistic,0.0001,0.001,0.1,0.4747,0.001146075466522368
645,"(6,)",logistic,0.01,0.003,0.0462,0.47537,0.0011476930577643523
646,"(5, 6)",logistic,0.0001,0.003,0.0462,0.47648,0.001150372947732416
647,"(4, 1)",tanh,0.01,0.003,0.1,0.47664,0.001150759238178263
648,"(1, 4)",logistic,0.0001,0.001,0.1,0.47679,0.0011511213854712445
649,"(7, 7)",logistic,0.01,0.003,0.0462,0.477,0.0011516283916814187
650,"(3, 3)",tanh,0.01,0.001,0.1,0.47773,0.0011533908418405957
651,"(7, 3)",tanh,0.0001,0.003,0.1,0.47829,0.0011547428584010604
652,"(1, 4)",tanh,0.0001,0.001,0.0462,0.47872,0.0011557810139742743
653,"(4, 7)",tanh,0.0001,0.001,0.1,0.47991,0.0011586540491652613
654,"(3, 1)",tanh,0.01,0.003,0.1,0.4805,0.0011600784951843223
655,"(1, 5)",tanh,0.01,0.003,0.1,0.48198,0.0011636516818084072
656,"(6, 3)",logistic,0.01,0.003,0.0462,0.48232,0.0011644725490058323
657,"(7, 1)",logistic,0.0001,0.001,0.1,0.4824,0.0011646656942287557
658,"(3, 1)",logistic,0.0001,0.001,0.1,0.48322,0.0011666454327637216
659,"(7, 5)",tanh,0.01,0.001,0.1,0.48416,0.0011689148891330728
660,"(1,)",tanh,0.0001,0.001,0.1,0.48439,0.001169470181648978
661,"(5, 2)",tanh,0.01,0.003,0.0462,0.48454,0.0011698323289419596
662,"(4,)",logistic,0.01,0.003,0.1,0.48486,0.0011706049098336535
663,"(2, 6)",logistic,0.0001,0.003,0.0462,0.48551,0.001172174214769907
664,"(1, 2)",logistic,0.01,0.001,0.1,0.48552,0.0011721983579227725
665,"(7, 7)",tanh,0.01,0.003,0.1,0.48565,0.0011725122189100233
666,"(6,)",tanh,0.0001,0.001,0.0462,0.48582,0.0011729226525087355
667,"(5, 3)",logistic,0.01,0.001,0.1,0.48593,0.0011731882271902555
668,"(6, 7)",logistic,0.01,0.001,0.0462,0.48624,0.001173936664929084
669,"(2, 4)",logistic,0.01,0.003,0.1,0.48697,0.001175699115088261
670,"(4, 4)",tanh,0.0001,0.003,0.1,0.48818,0.0011786204365849791
671,"(7, 5)",logistic,0.0001,0.001,0.1,0.4882,0.00117866872289071
672,"(1,)",tanh,0.01,0.003,0.1,0.48895,0.001180479459355618
673,"(2,)",logistic,0.01,0.001,0.1,0.48947,0.0011817349033046208
674,"(7, 6)",tanh,0.01,0.001,0.0462,0.48971,0.001182314338973391
675,"(4, 2)",logistic,0.01,0.001,0.1,0.48989,0.0011827489157249691
676,"(6,)",logistic,0.0001,0.003,0.0462,0.49079,0.0011849217994828586
677,"(4, 2)",logistic,0.0001,0.003,0.1,0.49155,0.0011867566791006318
678,"(4,)",logistic,0.01,0.001,0.1,0.4916,0.0011868773948649591
679,"(7, 3)",logistic,0.01,0.001,0.0462,0.49224,0.0011884225566483472
680,"(2, 6)",tanh,0.0001,0.001,0.0462,0.4934,0.0011912231623807381
681,"(3, 2)",tanh,0.01,0.001,0.0462,0.49431,0.001193420189291493
682,"(2, 3)",tanh,0.0001,0.001,0.0462,0.49434,0.0011934926187500893
683,"(7,)",logistic,0.01,0.001,0.0462,0.49586,0.001197162377985636
684,"(4, 7)",logistic,0.0001,0.003,0.1,0.49671,0.0011992145459791981
685,"(3, 2)",tanh,0.0001,0.001,0.1,0.49677,0.0011993594048963908
686,"(1, 5)",logistic,0.01,0.001,0.0462,0.49736,0.0012007838509154518
687,"(2, 3)",tanh,0.0001,0.003,0.0462,0.49752,0.0012011701413612989
688,"(3, 5)",tanh,0.01,0.003,0.0462,0.4978,0.001201846149641531
689,"(5, 3)",logistic,0.01,0.003,0.0462,0.49786,0.0012019910085587237
690,"(4, 7)",tanh,0.0001,0.003,0.0462,0.49933,0.001205540052029943
691,"(5, 5)",tanh,0.0001,0.001,0.0462,0.50001,0.0012071817864247928
692,"(5, 6)",logistic,0.0001,0.003,0.1,0.50083,0.0012091615249597589
693,"(4,)",logistic,0.0001,0.001,0.1,0.5012,0.00121005482161578
694,"(5, 3)",tanh,0.0001,0.001,0.0462,0.50198,0.0012119379875392842
695,"(2, 2)",logistic,0.0001,0.001,0.1,0.50213,0.0012123001348322657
696,"(1, 7)",logistic,0.0001,0.003,0.1,0.5025,0.001213193431488287
697,"(1, 7)",logistic,0.01,0.001,0.0462,0.50349,0.0012155836036219655
698,"(7, 5)",tanh,0.01,0.003,0.1,0.50426,0.0012174426263926045
699,"(5, 2)",tanh,0.0001,0.001,0.1,0.50448,0.001217973775755644
700,"(4, 4)",tanh,0.0001,0.001,0.1,0.50463,0.0012183359230486257
701,"(7, 3)",tanh,0.01,0.001,0.1,0.50636,0.0012225126884943464
702,"(6, 6)",tanh,0.01,0.001,0.1,0.50651,0.001222874835787328
703,"(2, 2)",tanh,0.0001,0.003,0.0462,0.50675,0.0012234542714560986
704,"(5, 3)",tanh,0.0001,0.001,0.1,0.50694,0.0012239129913605418
705,"(2, 7)",tanh,0.0001,0.001,0.0462,0.50921,0.0012293934870609964
706,"(5, 1)",logistic,0.0001,0.003,0.0462,0.50962,0.0012303833563284794
707,"(7, 6)",logistic,0.0001,0.001,0.1,0.51158,0.0012351154142901054
708,"(5, 5)",tanh,0.01,0.003,0.0462,0.51174,0.0012355017047359523
709,"(3, 6)",logistic,0.01,0.003,0.1,0.51222,0.0012366605760734935
710,"(7, 6)",tanh,0.0001,0.003,0.0462,0.51283,0.0012381333083982852
711,"(5, 2)",tanh,0.01,0.003,0.1,0.5134,0.001239509468111615
712,"(1, 3)",tanh,0.0001,0.003,0.1,0.5145,0.0012421652149268133
713,"(4, 3)",logistic,0.0001,0.001,0.1,0.51508,0.0012435655177930089
714,"(2, 2)",logistic,0.01,0.001,0.1,0.51768,0.001249842737538023
715,"(5, 5)",tanh,0.0001,0.001,0.1,0.52019,0.001255902668907248
716,"(3, 1)",tanh,0.0001,0.001,0.1,0.52105,0.0012579789800536757
717,"(1, 4)",tanh,0.0001,0.003,0.1,0.52201,0.0012602967227287576
718,"(1, 1)",logistic,0.0001,0.001,0.1,0.52203,0.0012603450090344886
719,"(2, 6)",logistic,0.0001,0.001,0.0462,0.52204,0.001260369152187354
720,"(6, 6)",logistic,0.01,0.001,0.1,0.52254,0.001261576309830626
721,"(6,)",tanh,0.01,0.001,0.1,0.52305,0.0012628076106267633
722,"(5, 1)",logistic,0.01,0.001,0.1,0.52566,0.0012691089735246428
723,"(3, 3)",tanh,0.01,0.003,0.0462,0.52576,0.0012693504050532971
724,"(6, 5)",logistic,0.0001,0.001,0.0462,0.5258,0.001269446977664759
725,"(5, 3)",tanh,0.0001,0.003,0.0462,0.52699,0.001272320012855746
726,"(7,)",tanh,0.01,0.003,0.1,0.5292,0.001277655649639008
727,"(5, 1)",tanh,0.0001,0.003,0.0462,0.53303,0.001286902477186471
728,"(2, 3)",tanh,0.01,0.003,0.1,0.5346,0.0012906929521863447
729,"(6, 5)",logistic,0.0001,0.001,0.1,0.53675,0.001295883730052414
730,"(7, 3)",tanh,0.01,0.003,0.1,0.53811,0.0012991671988421137
731,"(5, 4)",tanh,0.0001,0.001,0.1,0.53934,0.0013021368066445627
732,"(4,)",tanh,0.01,0.001,0.1,0.53968,0.0013029576738419878
733,"(1, 5)",tanh,0.01,0.001,0.1,0.54192,0.0013083657400838457
734,"(3, 6)",logistic,0.0001,0.003,0.1,0.54305,0.0013110939163576405
735,"(6, 1)",tanh,0.01,0.003,0.1,0.54792,0.0013228516318031089
736,"(2, 5)",logistic,0.0001,0.001,0.0462,0.54952,0.001326714536261579
737,"(1, 7)",tanh,0.0001,0.003,0.1,0.55006,0.0013280182665163127
738,"(1, 1)",tanh,0.01,0.003,0.1,0.55139,0.0013312293058474164
739,"(2, 6)",logistic,0.01,0.003,0.1,0.55414,0.0013378686728854118
740,"(7, 2)",tanh,0.01,0.003,0.1,0.55425,0.0013381342475669317
741,"(4, 7)",logistic,0.01,0.001,0.1,0.5565,0.0013435664569616552
742,"(3, 6)",logistic,0.01,0.003,0.0462,0.55685,0.0013444114673119454
743,"(4, 7)",tanh,0.01,0.001,0.0462,0.55789,0.0013469223552099513
744,"(3, 3)",tanh,0.0001,0.001,0.0462,0.55824,0.0013477673655602415
745,"(6, 7)",logistic,0.0001,0.003,0.1,0.56283,0.001358849072725478
746,"(6, 5)",logistic,0.01,0.001,0.1,0.56938,0.00137466283785234
747,"(4, 5)",tanh,0.0001,0.001,0.1,0.5702,0.0013766425763873061
748,"(3,)",tanh,0.0001,0.001,0.1,0.5703,0.0013768840079159605
749,"(6, 6)",tanh,0.0001,0.003,0.0462,0.57325,0.001384006238011265
750,"(4, 2)",logistic,0.01,0.001,0.0462,0.57325,0.001384006238011265
751,"(1, 5)",tanh,0.0001,0.003,0.0462,0.57409,0.0013860342628519617
752,"(4, 3)",tanh,0.0001,0.003,0.0462,0.57548,0.0013893901611002576
753,"(6, 3)",tanh,0.0001,0.001,0.0462,0.57576,0.00139006616938049
754,"(5, 2)",logistic,0.0001,0.001,0.0462,0.57714,0.0013933979244759205
755,"(2, 1)",tanh,0.01,0.003,0.1,0.57719,0.0013935186402402476
756,"(4, 5)",tanh,0.01,0.001,0.1,0.57764,0.0013946050821191925
757,"(5, 5)",tanh,0.0001,0.003,0.0462,0.57945,0.0013989749927878368
758,"(3, 2)",logistic,0.01,0.003,0.0462,0.58334,0.0014083666792524922
759,"(4, 7)",logistic,0.01,0.003,0.1,0.58388,0.001409670409507226
760,"(2, 6)",tanh,0.0001,0.003,0.0462,0.58566,0.001413967890717274
761,"(2, 2)",logistic,0.01,0.003,0.1,0.58819,0.00142007610839223
762,"(6, 6)",tanh,0.01,0.003,0.1,0.59037,0.0014253393157168954
763,"(3, 3)",logistic,0.01,0.001,0.1,0.59194,0.0014291297907167695
764,"(5, 4)",tanh,0.01,0.003,0.1,0.59445,0.0014351897220859946
765,"(2, 5)",logistic,0.0001,0.003,0.0462,0.59989,0.0014483235972447932
766,"(3, 5)",tanh,0.0001,0.003,0.0462,0.60209,0.0014536350908751897
767,"(5, 1)",tanh,0.01,0.001,0.0462,0.60258,0.001454818105365596
768,"(4, 6)",logistic,0.0001,0.003,0.1,0.60351,0.001457063418582082
769,"(2, 4)",logistic,0.0001,0.003,0.0462,0.60629,0.001463775215078674
770,"(1, 3)",tanh,0.01,0.001,0.0462,0.6078,0.0014674208311613551
771,"(3, 6)",logistic,0.0001,0.001,0.1,0.60783,0.0014674932606199512
772,"(1, 6)",tanh,0.0001,0.001,0.0462,0.60918,0.0014707525862567856
773,"(7,)",logistic,0.01,0.001,0.1,0.60923,0.001470873302021113
774,"(4, 3)",tanh,0.01,0.003,0.0462,0.60939,0.0014712595924669598
775,"(4, 6)",tanh,0.01,0.003,0.0462,0.616,0.0014872182165110146
776,"(3, 4)",tanh,0.01,0.003,0.1,0.61625,0.0014878217953326505
777,"(3, 6)",tanh,0.0001,0.003,0.1,0.61739,0.0014905741147593105
778,"(6, 5)",logistic,0.0001,0.003,0.1,0.61826,0.0014926745690586039
779,"(7, 3)",tanh,0.01,0.001,0.0462,0.62035,0.0014977204880074803
780,"(2, 6)",logistic,0.0001,0.001,0.1,0.62213,0.0015020179692175283
781,"(3, 7)",tanh,0.0001,0.003,0.1,0.62278,0.001503587274153782
782,"(1, 2)",logistic,0.01,0.001,0.0462,0.62753,0.0015150552717648653
783,"(4, 1)",logistic,0.0001,0.001,0.1,0.62913,0.0015189181762233354
784,"(1, 6)",logistic,0.01,0.001,0.0462,0.63258,0.001527247563961912
785,"(2, 2)",tanh,0.01,0.001,0.0462,0.63268,0.001527488995490566
786,"(4, 5)",tanh,0.0001,0.003,0.1,0.634,0.0015306758916688041
787,"(5, 5)",logistic,0.01,0.001,0.0462,0.63948,0.0015439063394390644
788,"(2, 2)",tanh,0.01,0.003,0.0462,0.64065,0.0015467310883243207
789,"(1, 7)",tanh,0.01,0.003,0.0462,0.64212,0.0015502801317955402
790,"(4, 3)",logistic,0.01,0.001,0.0462,0.64251,0.0015512217147572924
791,"(3, 4)",logistic,0.0001,0.003,0.1,0.64367,0.001554022320489683
792,"(6, 7)",tanh,0.0001,0.003,0.1,0.64517,0.001557643793419499
793,"(7, 5)",logistic,0.01,0.001,0.0462,0.64815,0.0015648384529733995
794,"(3, 3)",tanh,0.0001,0.003,0.1,0.64906,0.0015670354798841544
795,"(6, 6)",tanh,0.01,0.003,0.0462,0.65163,0.0015732402701705724
796,"(6, 2)",logistic,0.0001,0.001,0.1,0.6575,0.0015874123009025846
797,"(7, 1)",tanh,0.0001,0.003,0.0462,0.65847,0.0015897541867305322
798,"(3, 4)",tanh,0.0001,0.003,0.0462,0.66155,0.001597190277813087
799,"(6, 5)",tanh,0.01,0.003,0.1,0.66507,0.0016056886676217217
800,"(4, 3)",logistic,0.01,0.001,0.1,0.66743,0.001611386451697965
801,"(4, 6)",logistic,0.0001,0.003,0.0462,0.67047,0.0016187259701690585
802,"(5, 4)",tanh,0.01,0.001,0.1,0.67059,0.0016190156880034436
803,"(2, 7)",logistic,0.01,0.003,0.1,0.67728,0.0016351674572704221
804,"(2, 1)",tanh,0.0001,0.003,0.0462,0.67858,0.001638306067142929
805,"(1, 3)",logistic,0.01,0.003,0.1,0.68031,0.00164248283258865
806,"(3, 7)",logistic,0.0001,0.001,0.1,0.6807,0.001643424415550402
807,"(6, 2)",logistic,0.01,0.003,0.0462,0.68081,0.001643689990231922
808,"(6, 1)",tanh,0.01,0.003,0.0462,0.68468,0.0016530333903908465
809,"(6, 7)",logistic,0.01,0.003,0.1,0.68605,0.0016563410023334119
810,"(4, 7)",tanh,0.01,0.001,0.1,0.69489,0.0016776835494664594
811,"(2,)",tanh,0.01,0.003,0.1,0.6994,0.0016885721114087721
812,"(6,)",tanh,0.01,0.003,0.0462,0.70067,0.0016916382918226829
813,"(7, 3)",logistic,0.0001,0.001,0.0462,0.70627,0.0017051584574273282
814,"(6, 7)",tanh,0.0001,0.003,0.0462,0.70788,0.0017090455050386638
815,"(6, 3)",tanh,0.01,0.001,0.0462,0.71028,0.0017148398617263694
816,"(2, 7)",logistic,0.0001,0.003,0.0462,0.71182,0.0017185579072676468
817,"(2, 4)",tanh,0.0001,0.003,0.1,0.71183,0.0017185820504205121
818,"(3, 5)",logistic,0.01,0.001,0.0462,0.71244,0.0017200547827453038
819,"(5, 3)",tanh,0.01,0.003,0.0462,0.71309,0.0017216240876815575
820,"(7, 2)",tanh,0.0001,0.003,0.0462,0.7131,0.0017216482308344229
821,"(2, 1)",logistic,0.0001,0.003,0.0462,0.71395,0.001723700398827985
822,"(3, 4)",tanh,0.01,0.001,0.0462,0.7207,0.0017399970270121563
823,"(4, 4)",tanh,0.01,0.003,0.0462,0.7357,0.001776211756310314
824,"(6, 6)",logistic,0.0001,0.001,0.0462,0.73714,0.0017796883703229372
825,"(2, 5)",tanh,0.01,0.003,0.1,0.74383,0.0017958401395899155
826,"(6,)",tanh,0.0001,0.001,0.1,0.74839,0.0018068494172965555
827,"(5, 5)",logistic,0.01,0.003,0.1,0.74841,0.0018068977036022865
828,"(6, 4)",tanh,0.01,0.003,0.0462,0.75402,0.0018204420123597975
829,"(1, 5)",logistic,0.0001,0.001,0.0462,0.75413,0.0018207075870413172
830,"(4,)",tanh,0.01,0.001,0.0462,0.75633,0.0018260190806717136
831,"(6,)",logistic,0.0001,0.003,0.1,0.77642,0.0018745226747783799
832,"(4,)",tanh,0.0001,0.003,0.0462,0.78019,0.0018836246434086503
833,"(6, 2)",logistic,0.01,0.001,0.1,0.78315,0.00189077101665682
834,"(1, 6)",logistic,0.0001,0.003,0.0462,0.79249,0.0019133207214331396
835,"(1, 3)",tanh,0.0001,0.003,0.0462,0.7963,0.0019225192626748718
836,"(2, 4)",tanh,0.01,0.003,0.0462,0.79658,0.0019231952709551038
837,"(6, 3)",logistic,0.01,0.001,0.0462,0.79771,0.0019259234472288986
838,"(6, 1)",logistic,0.0001,0.003,0.0462,0.80584,0.0019455518305085
839,"(6, 2)",logistic,0.0001,0.003,0.1,0.81313,0.0019631521889474047
840,"(2, 4)",logistic,0.01,0.003,0.0462,0.81327,0.001963490193087521
841,"(2, 5)",tanh,0.01,0.003,0.0462,0.8142,0.0019657355063040067
842,"(6, 5)",tanh,0.0001,0.003,0.0462,0.82991,0.0020036643994556106
843,"(2, 5)",logistic,0.0001,0.003,0.1,0.82991,0.0020036643994556106
844,"(6, 4)",tanh,0.01,0.003,0.1,0.83298,0.0020110763473853003
845,"(2, 1)",tanh,0.01,0.003,0.0462,0.8385,0.0020244033677670223
846,"(5, 2)",logistic,0.0001,0.003,0.1,0.84525,0.0020406999959511935
847,"(6, 4)",logistic,0.0001,0.003,0.1,0.84922,0.0020502848276387725
848,"(1, 2)",logistic,0.0001,0.001,0.1,0.84938,0.0020506711180846198
849,"(7, 6)",tanh,0.01,0.001,0.1,0.85436,0.002062694408211608
850,"(5, 7)",logistic,0.01,0.003,0.1,0.8683,0.002096349963306029
851,"(5, 7)",logistic,0.0001,0.003,0.1,0.88548,0.002137827899928853
852,"(6, 1)",tanh,0.0001,0.003,0.0462,0.89244,0.002154631534323198
853,"(4, 5)",logistic,0.01,0.001,0.0462,0.90104,0.002175394645787475
854,"(1, 1)",tanh,0.0001,0.003,0.1,0.92299,0.0022283888663271125
855,"(3,)",logistic,0.0001,0.003,0.1,0.93488,0.0022570950750841192
856,"(2, 7)",tanh,0.0001,0.003,0.1,0.93861,0.002266100471102928
857,"(1, 5)",tanh,0.0001,0.001,0.0462,0.94157,0.0022732468443510973
858,"(7,)",tanh,0.01,0.003,0.0462,0.95662,0.0023095822894135826
859,"(6,)",logistic,0.01,0.001,0.0462,0.96533,0.0023306109755593797
860,"(5, 4)",logistic,0.0001,0.003,0.0462,0.9678,0.0023365743343171427
861,"(5, 7)",logistic,0.01,0.003,0.0462,0.98586,0.0023801768683921246
862,"(7,)",tanh,0.01,0.001,0.0462,1.0144,0.0024490814266700865
863,"(6, 2)",tanh,0.0001,0.003,0.0462,1.01507,0.0024506990179120705
864,"(5,)",tanh,0.01,0.003,0.1,1.0186,0.0024592215508735704
865,"(2, 4)",tanh,0.0001,0.001,0.1,1.04544,0.0025240217731644075
866,"(4,)",tanh,0.01,0.003,0.0462,1.06155,0.0025629163924306294
867,"(5, 4)",tanh,0.01,0.003,0.0462,1.07206,0.002588290846092205
868,"(7, 5)",tanh,0.0001,0.003,0.1,1.08173,0.0026116372749130845
869,"(1, 4)",logistic,0.0001,0.003,0.1,1.08344,0.0026157657540530743
870,"(2, 7)",tanh,0.01,0.001,0.1,1.08571,0.0026212462497535284
871,"(6,)",tanh,0.0001,0.003,0.0462,1.10794,0.0026749164785733986
872,"(6, 3)",tanh,0.0001,0.003,0.1,1.11718,0.002697224751821064
873,"(4, 1)",tanh,0.01,0.003,0.0462,1.13638,0.002743579605322706
874,"(4, 6)",logistic,0.01,0.003,0.1,1.13748,0.0027462353521379044
875,"(2, 1)",tanh,0.0001,0.001,0.1,1.13773,0.0027468389309595396
876,"(4, 1)",logistic,0.0001,0.003,0.0462,1.15217,0.0027817016436972332
877,"(6, 3)",tanh,0.0001,0.003,0.0462,1.18079,0.0028507993471981186
878,"(6, 6)",tanh,0.0001,0.001,0.1,1.18357,0.0028575111436947103
879,"(3, 4)",logistic,0.01,0.003,0.0462,1.20044,0.002898240642578705
880,"(6, 7)",logistic,0.0001,0.001,0.0462,1.24391,0.003003190928084767
881,"(7, 2)",tanh,0.0001,0.003,0.1,1.25053,0.003019173695281687
882,"(6, 3)",tanh,0.01,0.003,0.0462,1.25625,0.003032983578720718
883,"(1, 1)",logistic,0.01,0.001,0.1,1.26057,0.0030434134207585873
884,"(3, 1)",logistic,0.01,0.001,0.1,1.26092,0.0030442584311088775
885,"(1, 2)",tanh,0.01,0.003,0.1,1.26459,0.0030531189682104936
886,"(1, 2)",tanh,0.0001,0.001,0.0462,1.27146,0.0030697053142290497
887,"(7, 2)",logistic,0.01,0.001,0.0462,1.30129,0.003141724339226653
888,"(1,)",logistic,0.01,0.003,0.1,1.34647,0.0032508031038727043
889,"(5, 6)",tanh,0.0001,0.003,0.0462,1.357,0.003276225843840011
890,"(1, 2)",logistic,0.0001,0.001,0.0462,1.35922,0.003281585623776139
891,"(7, 1)",logistic,0.01,0.001,0.0462,1.40876,0.0034011908030715213
892,"(1,)",tanh,0.0001,0.001,0.0462,1.52028,0.003670435243826892
893,"(7, 2)",tanh,0.01,0.001,0.0462,1.78033,0.0042982779340926215
894,"(5, 3)",logistic,0.01,0.001,0.0462,1.83878,0.00443939466259111
895,"(5, 4)",tanh,0.0001,0.003,0.0462,1.89958,0.004586185032012976
896,"(4, 2)",tanh,0.0001,0.001,0.0462,1.98956,0.004803425121496192
