Date,AHT,ALT,ARH,WS,RAINFALL
1-12-1970,34.4,24.5,70.25,4.0,0
2-12-1970,34.5,25,72,2.97,0
3-12-1970,33.9,24.2,83.25,1.53,0
4-12-1970,33.9,24.7,76.75,6.37,0
5-12-1970,34.4,24,74,5.83,0
6-12-1970,34.7,23.3,78.75,2.6,0
7-12-1970,32,24,82.75,4.67,11.8
8-12-1970,33.5,23.8,75.25,4.2,0.1
9-12-1970,34.1,24,75,1.67,0
10-12-1970,34.4,25.1,79.25,2.73,0
11-12-1970,33.6,25.2,74.75,6.1,0
12-12-1970,31.3,24.1,87.75,8.07,0
13-12-1970,32.5,22.9,79.5,7.17,0
14-12-1970,32.6,24.5,78.5,5.47,0
15-12-1970,31.7,23.4,91.25,1.0,0
16-12-1970,32.5,22.5,84,2.57,13.8
17-12-1970,32.4,24.2,84.75,2.95,0
18-12-1970,31.4,24.2,84,4.7,1.9
19-12-1970,29.5,22.5,91,5.17,1.7
20-12-1970,29.7,23.4,91.75,5.35,25
21-12-1970,28,22.2,95.5,5.1,10.4
22-12-1970,25.2,21.9,98,3.27,34
23-12-1970,30.5,21.6,90,1.77,16.6
24-12-1970,31.9,22.6,91.75,3.65,0
25-12-1970,30.7,21.7,82.5,4.0,9.3
26-12-1970,30.3,23.1,87.25,3.1,0
27-12-1970,32.1,23.6,91.25,1.83,5.8
28-12-1970,33,23.5,85.5,7.5,1.9
29-12-1970,30.3,23.1,89.5,0.33,4.9
30-12-1970,32.2,24,84.5,2.0,6.2
31-12-1970,32.6,23.5,85,7.43,0
1-12-1971,32.2,22.9,83,3.0,0
2-12-1971,31.4,23.7,89,3.35,4.7
3-12-1971,29.8,23.5,82.5,4.17,4.9
4-12-1971,32.5,22.6,75.75,3.67,0
5-12-1971,33.3,23.1,70.25,5.3,0
6-12-1971,34.1,23.1,73,5.9,0
7-12-1971,34.2,23.8,70.25,3.97,0
8-12-1971,34.4,23.6,68.75,2.9,0
9-12-1971,31.8,24.2,79.25,3.83,0
10-12-1971,32.8,23.7,82.75,1.13,0
11-12-1971,33.7,23.8,72.5,6.67,0.8
12-12-1971,34,24.2,71.75,4.67,0
13-12-1971,34.1,25,77.5,3.67,0.2
14-12-1971,34.2,24.5,71,5.57,2.9
15-12-1971,33.8,23.9,73.5,2.97,0
16-12-1971,34.1,23.7,70.5,3.93,0
17-12-1971,34.3,23.2,67,6.43,0
18-12-1971,31.1,24.4,81.25,11.5,0
19-12-1971,34,24.3,71,3.1,0
20-12-1971,35,24.1,66.5,3.13,0
21-12-1971,34.3,24.2,64.25,2.6,0
22-12-1971,30.5,23.5,88.25,5.73,0
23-12-1971,30.3,23.2,87.5,6.83,51
24-12-1971,32.8,23.7,79.25,2.5,8.4
25-12-1971,31.7,24.5,83,3.33,0
26-12-1971,30.2,24.1,82.75,6.3,0
27-12-1971,29.6,23.7,85.75,3.83,0.6
28-12-1971,30.9,23.2,84.5,2.13,0
29-12-1971,32.1,23.1,85,5.83,2.8
30-12-1971,32.2,22.4,79.25,4.67,18
31-12-1971,31,23.4,85.5,6.53,0
1-12-1972,32.8,23.3,84.25,4.67,5.7
2-12-1972,32.8,25,83.25,6.23,0.8
3-12-1972,33.6,24,78,2.6,0
4-12-1972,34.2,24.5,76.25,2.57,0
5-12-1972,33,24.8,80.5,3.33,0
6-12-1972,30.4,24.5,89,2.67,9.2
7-12-1972,31.5,24.1,93,2.0,0
8-12-1972,32.5,24.4,81.5,1.87,1.3
9-12-1972,29.4,23.3,86.5,3.17,0.5
10-12-1972,33.3,24.5,81,3.67,0.3
11-12-1972,34,23.9,78,4.27,0
12-12-1972,31.7,24.3,86.75,2.23,0
13-12-1972,29.6,23.5,87.5,2.23,0
14-12-1972,31.9,24.5,88.5,4.43,15.4
15-12-1972,33,24.5,81.75,2.9,4
16-12-1972,33.4,25.5,81.5,2.17,0
17-12-1972,31.6,25.2,87.25,3.67,19.2
18-12-1972,32,24.6,89.5,0.83,4.2
19-12-1972,29.2,23.2,92.25,1.0,9.7
20-12-1972,29.5,23.7,88.5,6.67,55.4
21-12-1972,32.3,24,92,0.67,13.4
22-12-1972,30.3,25.3,84,3.5,7
23-12-1972,34.2,24.1,77,5.83,0
24-12-1972,35.4,24.3,72.5,2.9,0
25-12-1972,30.9,25.1,87.75,5.3,0
26-12-1972,33.4,24.6,84.25,3.43,0.4
27-12-1972,32.6,24.3,81,1.9,0
28-12-1972,32.5,23.1,83.5,2.77,2
29-12-1972,29.8,25.3,91,4.57,0.3
30-12-1972,29.7,22.6,86.75,5.33,20.3
31-12-1972,33.5,23.5,80.75,2.9,0
1-12-1973,29.7,23.4,90.5,2.57,5.5
2-12-1973,31.4,23,85.5,0.0,2.4
3-12-1973,27.5,22.1,90.75,6.33,0
4-12-1973,30.3,21.3,83.5,2.0,4.8
5-12-1973,33.5,22.5,78.25,4.6,0
6-12-1973,33.4,23.8,74,5.73,0
7-12-1973,33,24,73.75,3.63,0
8-12-1973,31.4,23.7,84.5,3.9,0
9-12-1973,33.3,24.6,78,5.77,0
10-12-1973,28,22.5,91.5,3.57,29
11-12-1973,29.8,22.6,84.75,2.0,39.5
12-12-1973,30.8,22.2,85.5,6.1,66.4
13-12-1973,30.2,22.7,86,1.67,15
14-12-1973,28.6,22.5,83,4.33,13.5
15-12-1973,31.9,22.3,80,1.77,0
16-12-1973,32.5,24,81.5,2.67,0
17-12-1973,29.4,23.6,91.5,7.0,3.7
18-12-1973,32,23.5,87,4.4,1.6
19-12-1973,30.7,23,84.75,4.8,0
20-12-1973,29.5,23,96.25,2.83,2.2
21-12-1973,28.5,22.7,94.25,0.9,11.6
22-12-1973,31.1,23.2,85.25,2.33,7.6
23-12-1973,32.3,23.1,85.5,2.27,0
24-12-1973,30.4,23.7,85.5,1.93,0.1
25-12-1973,32.8,23.5,79.25,2.23,3
26-12-1973,31.6,25,87,6.07,0
27-12-1973,31.2,22.4,86.75,5.43,9
28-12-1973,29,23.1,92.75,2.0,1.5
29-12-1973,31.5,23.6,83.75,2.1,4.3
30-12-1973,32.1,24.4,87.75,4.1,0.2
31-12-1973,31.3,23.7,84.5,3.37,0
1-12-1974,34.5,25,73,2.63,0.3
2-12-1974,32.5,25.7,81.25,6.97,0
3-12-1974,31.2,24.4,83,7.23,0
4-12-1974,31.5,22,85.75,3.07,42.6
5-12-1974,31.5,24.4,84,2.0,0
6-12-1974,31,23.4,83.5,7.8,4.7
7-12-1974,27.7,22.5,90.75,5.43,13.9
8-12-1974,30.8,22.2,87.5,5.7,7.2
9-12-1974,28.5,22.4,91.25,3.57,18
10-12-1974,28.1,23.4,95.5,1.7,1.5
11-12-1974,30.5,22.4,88,3.33,62.6
12-12-1974,31.2,23.2,83.5,5.2,3.3
13-12-1974,31.5,23.3,88.75,1.27,0
14-12-1974,30.3,24.1,88.75,2.33,4.6
15-12-1974,27.8,22.5,95,2.87,0
16-12-1974,27.8,22,88.75,2.23,35.7
17-12-1974,29.3,23.3,93,3.33,0
18-12-1974,28,22.5,95,2.27,4.2
19-12-1974,27.2,22.5,91.25,2.9,31.8
20-12-1974,31.5,23.4,85.5,5.1,4.2
21-12-1974,31,23.3,79,5.9,0.1
22-12-1974,29.4,23,89.25,3.9,2.6
23-12-1974,31.6,23,81,4.03,5.6
24-12-1974,29.4,23.9,92.5,6.1,0
25-12-1974,29.8,23.1,85.25,6.63,10.7
26-12-1974,29.4,24.4,94,4.43,1.5
27-12-1974,31.2,23.6,81,2.9,2.2
28-12-1974,31.8,23.7,83.25,4.77,0
29-12-1974,30.8,23.5,86.75,2.57,0
30-12-1974,30.3,21,82.25,2.43,27.8
31-12-1974,31,24.6,82.5,5.57,0
1-12-1975,29.4,23,91.25,8.33,0
2-12-1975,29.6,21.4,80,2.83,5.6
3-12-1975,32.2,23.3,84.25,3.9,0
4-12-1975,32,24.7,81.5,6.2,0.1
5-12-1975,32.8,22.5,80.5,3.67,1.6
6-12-1975,32.5,24.4,80.25,5.0,0
7-12-1975,30.2,23,86,3.33,0.5
8-12-1975,30.2,23.5,90,3.17,5
9-12-1975,32.9,23.5,73.75,2.9,0.5
10-12-1975,33.7,24,78.25,4.43,0
11-12-1975,31.4,22.4,86.75,1.07,25
12-12-1975,33.3,23.6,80.25,3.63,0
13-12-1975,31.5,22.6,83.5,2.03,27.5
14-12-1975,32.8,23.8,80.75,5.33,0.2
15-12-1975,32.4,24.5,81.25,2.9,0
16-12-1975,32.8,24.4,86,3.6,0
17-12-1975,26.2,24.3,93.75,2.03,8
18-12-1975,30.8,23.4,86.5,2.33,2
19-12-1975,32.7,23.7,83.5,3.1,0.9
20-12-1975,31.6,22.4,82.25,5.0,11.8
21-12-1975,30.3,24,90,2.77,0
22-12-1975,30.5,23.3,74.75,1.67,7.2
23-12-1975,30.6,23.3,86.75,5.77,0.5
24-12-1975,28.7,22.3,94,5.57,0.5
25-12-1975,30.4,21.4,83,1.77,58.8
26-12-1975,31.2,22.7,90.25,0.77,0
27-12-1975,30.6,23.4,87,2.57,5.5
28-12-1975,31.3,22.3,81.75,3.67,0
29-12-1975,27.5,22.5,91,4.43,34
30-12-1975,31,21.4,88.25,1.77,13.4
31-12-1975,31.6,22.7,84.75,7.2,5
1-12-1976,32.4,23.2,75.75,1.33,2.4
2-12-1976,30.5,24.4,83,4.83,0
3-12-1976,31.5,22.5,80.25,4.0,0
4-12-1976,28,22.8,92.25,1.0,0
5-12-1976,31.3,22.9,87,4.43,49.6
6-12-1976,31.3,23.6,81.25,3.9,0
7-12-1976,33.3,23.6,78.5,5.33,1.3
8-12-1976,33.9,24.2,73,1.0,0.1
9-12-1976,34.3,24.5,62.25,1.0,0
10-12-1976,34.4,24.5,67.25,6.4,0
11-12-1976,33.7,24.6,68.5,5.0,0
12-12-1976,32.7,24.2,73.25,5.33,0
13-12-1976,34.2,24.6,68.25,3.23,1.6
14-12-1976,34.2,24.4,70,8.33,0
15-12-1976,34.4,25,69.75,6.67,0.1
16-12-1976,34,24.5,67,4.23,0
17-12-1976,33.4,26.7,70.75,6.67,0
18-12-1976,30.4,23.4,91,2.5,0
19-12-1976,30.9,23.5,83,0.33,11
20-12-1976,29.5,24.1,94.25,2.0,0
21-12-1976,27.7,22.4,89.75,3.9,11.9
22-12-1976,31.2,23.4,84.5,2.0,0
23-12-1976,32.4,23.6,80.5,7.77,5.6
24-12-1976,31.1,24.4,87.5,1.77,0
25-12-1976,27.8,23.4,94.5,1.0,5.6
26-12-1976,28.7,23.6,88.5,3.03,21.9
27-12-1976,32.7,23.9,86.25,1.77,2.8
28-12-1976,27.7,22.4,94,3.13,16.4
29-12-1976,28.7,23.6,89.75,1.67,44
30-12-1976,29.6,24,84.75,6.13,0
31-12-1976,28.9,24.2,93.75,5.67,2
1-12-1977,31.8,22.6,84,1.07,29.5
2-12-1977,27.7,23.2,92,1.07,0
3-12-1977,30.3,23,86,1.07,6
4-12-1977,28.7,22.2,88.25,1.63,13.2
5-12-1977,32.8,21.8,76.5,1.63,1
6-12-1977,32,23.3,77,1.77,0.3
7-12-1977,30.5,23.5,83.5,2.2,0
8-12-1977,29.4,23,94.75,1.53,0
9-12-1977,28.5,21.8,89,1.1,39.6
10-12-1977,27.2,22,90.75,0.67,0.2
11-12-1977,29.6,22.1,91.75,1.8,27.2
12-12-1977,29.7,22,88.25,1.07,2.7
13-12-1977,30.5,22,93.5,1.07,0
14-12-1977,28,22.2,89,1.77,14.2
15-12-1977,31.8,22,85,2.27,2
16-12-1977,31.7,23,81.5,1.93,0.8
17-12-1977,31.2,23.8,84.5,2.77,2.3
18-12-1977,31.4,23.8,75.25,3.2,1.8
19-12-1977,30.8,23.5,81,3.33,0
20-12-1977,32,22.7,86.25,0.83,4
21-12-1977,31.8,23.8,90.25,2.37,2
22-12-1977,31.4,22.7,79.75,1.37,2
23-12-1977,32.1,22,85.75,1.1,0
24-12-1977,29.1,23,89.5,2.63,1.3
25-12-1977,29.2,23.7,85,2.73,1
26-12-1977,32,21.8,83.75,2.37,22
27-12-1977,31.3,23.8,86.25,1.63,5.2
28-12-1977,31.3,23.6,83.25,1.13,1
29-12-1977,32.3,23.6,80.75,2.7,0
30-12-1977,31.1,23.2,79,2.43,0
31-12-1977,32.4,22.4,74.25,1.63,48
1-12-1978,27.5,23.3,90,1.0,4
2-12-1978,31.1,22.5,85.5,1.27,0
3-12-1978,31.7,23.5,93.25,2.27,0
4-12-1978,31.5,23.1,77.75,2.17,8.2
5-12-1978,32.7,23.9,84,1.8,0.4
6-12-1978,30,23.1,89.25,2.1,0.3
7-12-1978,29.6,23.5,95.25,2.53,0
8-12-1978,31.7,22.1,89,0.97,2.5
9-12-1978,32.5,23.3,87.25,1.33,6.5
10-12-1978,31.7,22.7,87,1.1,6.2
11-12-1978,30.2,23.1,91.25,0.83,0
12-12-1978,26.9,22.5,92.25,1.4,10.5
13-12-1978,29.6,22.1,93.25,0.67,10.4
14-12-1978,30.5,22.3,87.75,1.77,15
15-12-1978,32.5,24.1,78.75,0.63,0.4
16-12-1978,29.6,24.1,92.25,1.47,0
17-12-1978,31.6,23.3,86,1.3,16.4
18-12-1978,32.5,21.3,80.5,4.1,9
19-12-1978,31.5,23.4,81.5,0.57,1.8
20-12-1978,32.3,24.3,79.5,2.03,0
21-12-1978,27.7,22.9,96.25,2.0,1
22-12-1978,29.5,22.9,88.25,2.2,8.5
23-12-1978,28.8,23.1,95.75,0.0,0
24-12-1978,30.8,22.7,86.5,1.93,3.7
25-12-1978,31.8,22.1,86.75,2.1,0.2
26-12-1978,31,23.2,79.75,0.73,0
27-12-1978,31.5,23.1,88,1.47,0
28-12-1978,29.8,22.3,88,1.03,0
29-12-1978,32.3,23.1,86.5,0.93,0
30-12-1978,32.8,22.1,85,0.53,0
31-12-1978,32.4,22.4,90.75,1.83,21
1-12-1979,26.5,21.1,95.5,1.4,26
2-12-1979,33,22,77.5,1.77,19.4
3-12-1979,33.7,24.2,74.25,2.37,0
4-12-1979,33,24.7,85.5,1.2,0
5-12-1979,,,,1.37,
6-12-1979,33.5,23.7,75.75,3.37,0
7-12-1979,,,,4.2,
8-12-1979,,,,0.83,
9-12-1979,,,,1.1,
10-12-1979,29.9,21.1,92.75,1.1,2.7
11-12-1979,32.3,23.1,81.75,2.17,2
12-12-1979,32.2,23.1,83.5,2.33,0
13-12-1979,32.9,24.1,83,2.2,0.2
14-12-1979,31.7,23.1,84.5,2.3,0.5
15-12-1979,27.6,23.2,98,0.6,21.3
16-12-1979,28.1,22.1,,1.93,25.5
17-12-1979,30.2,23.4,93,1.13,0.3
18-12-1979,,,,0.53,
19-12-1979,,,,2.23,
20-12-1979,30.2,23.1,81.75,2.37,5.5
21-12-1979,,,,1.53,
22-12-1979,,,,1.0,
23-12-1979,33.2,24.1,75,2.8,0
24-12-1979,30.7,24,93.25,3.17,0
25-12-1979,,,,2.63,
26-12-1979,33.8,22.7,76.75,2.17,0
27-12-1979,,,,1.1,
28-12-1979,30.8,24.1,88.75,3.3,6.2
29-12-1979,28.5,23.1,91.25,1.17,22.7
30-12-1979,30.4,22.5,90.25,0.53,22.1
31-12-1979,29.9,23.3,92,2.03,0
1-12-1980,30.4,24.1,81.25,1.2,0
2-12-1980,32.6,22.5,78.25,3.77,8.2
3-12-1980,32.3,24.1,78.75,1.67,0
4-12-1980,29.4,23.1,90.5,3.0,0.7
5-12-1980,,,,1.67,
6-12-1980,31.5,23.6,85,1.67,0
7-12-1980,,,,2.2,
8-12-1980,33.6,23.1,71.75,1.77,0
9-12-1980,,,,2.2,
10-12-1980,32.3,24.1,82.5,2.33,0
11-12-1980,34.1,23.7,78.75,2.17,0
12-12-1980,33.8,23.1,82.25,2.53,0
13-12-1980,,,,1.77,
14-12-1980,32.4,24.2,83.25,0.67,0
15-12-1980,30.9,23.4,90.5,2.17,0.3
16-12-1980,31.7,22.7,83.25,1.67,14.8
17-12-1980,29.6,23,92,1.17,29.3
18-12-1980,32.8,23.1,77.5,1.77,20.3
19-12-1980,33,23.1,78.25,3.43,2.6
20-12-1980,31.4,24.1,81.5,3.3,0
21-12-1980,28.8,23.1,90.75,2.53,0
22-12-1980,24.9,23.1,97,1.1,3.5
23-12-1980,29.9,22.7,89.5,1.43,15.3
24-12-1980,28.9,23.1,90.5,3.33,8.1
25-12-1980,26.8,22.3,91,1.67,46.2
26-12-1980,30.7,22.3,85.25,4.8,2.4
27-12-1980,31.3,22.3,91.25,1.67,2.5
28-12-1980,30.4,21.5,89.75,2.07,0
29-12-1980,31.4,21.4,84.5,1.5,36
30-12-1980,30.3,23.1,87,1.43,0
31-12-1980,33.2,22.1,82,3.47,0
1-12-1981,,,,1.5,
2-12-1981,34,24.7,79.25,2.7,1.8
3-12-1981,34,24.1,84.75,1.87,0
4-12-1981,,,,1.93,
5-12-1981,32,23.9,87.5,3.3,31.4
6-12-1981,,,,2.73,
7-12-1981,33.5,22.7,78.75,3.2,0
8-12-1981,32,23.8,94,0.43,0
9-12-1981,29.7,23.1,92.25,1.73,0.4
10-12-1981,31.8,23.2,83,1.97,13
11-12-1981,32.6,23.2,86.25,2.4,0
12-12-1981,31.3,23.5,92.75,0.53,3.8
13-12-1981,33.8,21.3,81.5,0.97,11
14-12-1981,,,,0.53,
15-12-1981,32,21.6,86,3.3,0
16-12-1981,30.1,23.7,86.25,2.17,9
17-12-1981,30.1,23.7,91,1.63,7
18-12-1981,29.3,23.7,95.5,1.87,1.4
19-12-1981,26,23.1,95.5,2.03,14.1
20-12-1981,30.7,22.9,91.75,1.8,3.2
21-12-1981,31.5,23.2,86.25,2.9,2.8
22-12-1981,30.4,23.6,85.5,3.23,1.3
23-12-1981,32,23.3,83.5,3.37,0
24-12-1981,31.5,23.4,86,1.2,0
25-12-1981,,,,1.1,
26-12-1981,28.4,23.7,92,1.27,2.1
27-12-1981,,,,0.67,
28-12-1981,,,,1.9,
29-12-1981,32.6,23.1,88.25,1.7,0
30-12-1981,31.7,22.9,87.5,1.2,2.1
31-12-1981,32.9,24,85.5,1.87,10.3
1-12-1982,,,,1.6,
2-12-1982,,,,0.77,
3-12-1982,28.6,23.7,92.75,1.6,0
4-12-1982,28.4,23.9,94.75,0.8,2.4
5-12-1982,,,,1.6,
6-12-1982,32,23.5,84.5,2.53,9.1
7-12-1982,,,,0.8,
8-12-1982,,,,0.77,
9-12-1982,30,22.5,92.5,2.03,0
10-12-1982,25,22.5,95.25,0.77,52.6
11-12-1982,,,,2.03,
12-12-1982,31.7,23.1,86,2.13,0.1
13-12-1982,33.4,24.3,79,2.1,0
14-12-1982,,,,1.2,
15-12-1982,29.5,25.1,90,1.37,0
16-12-1982,,,,0.83,
17-12-1982,,,,1.2,
18-12-1982,,,,2.13,
19-12-1982,32.5,24.3,81,0.67,0
20-12-1982,32.5,24.6,81.5,1.53,0.1
21-12-1982,32.1,24.1,89,1.2,26
22-12-1982,27.8,23.6,94.25,0.0,0.5
23-12-1982,31.2,23.2,86,1.43,55
24-12-1982,30.1,23.1,92.5,1.27,30.2
25-12-1982,,,,0.0,
26-12-1982,31.5,23.5,89.75,2.27,4
27-12-1982,,,,1.33,
28-12-1982,28.2,22.4,96.25,1.77,1.7
29-12-1982,26.7,22.3,91.5,0.77,56.6
30-12-1982,,,,1.03,
31-12-1982,,,,1.3,
1-12-1983,31.1,23.9,,0.87,0
2-12-1983,30.1,23.7,,0.53,0
3-12-1983,28.6,22.1,,0.0,1.2
4-12-1983,29.5,23.3,,0.53,0
5-12-1983,26.7,22.3,,0.0,14.5
6-12-1983,26.8,23.5,,0.0,70
7-12-1983,29.2,22.7,,0.0,4.4
8-12-1983,28.6,23.1,,0.33,15.6
9-12-1983,28.5,23.1,,0.53,0
10-12-1983,29.8,22.9,,0.0,14.8
11-12-1983,29.6,23.5,,1.07,0
12-12-1983,32.7,21.7,,0.5,0.6
13-12-1983,32.1,23.3,,1.27,6
14-12-1983,30.4,23.5,,0.23,0
15-12-1983,24.8,23.7,,0.53,20.2
16-12-1983,30.6,21.7,,0.53,3
17-12-1983,31,22.9,,2.2,0
18-12-1983,27.7,23.3,,0.53,1
19-12-1983,31.4,22.5,,1.1,36
20-12-1983,32.1,24.1,,1.6,0
21-12-1983,29.4,23.3,,1.1,14.8
22-12-1983,29.4,22.3,,0.0,9.4
23-12-1983,32.3,22.1,,0.53,7.2
24-12-1983,31.4,22.5,,1.1,1.4
25-12-1983,31.8,24.7,,1.1,0
26-12-1983,26.8,24.7,,0.0,0
27-12-1983,28.8,22.9,,0.1,26
28-12-1983,28.6,22.5,,0.1,16
29-12-1983,32,23.1,,0.0,3.6
30-12-1983,27.4,24.1,,0.0,4.6
31-12-1983,28.2,21.9,,1.0,101.8
1-12-1984,31.1,26.3,,1.1,0
2-12-1984,31.4,23.7,,0.77,0.4
3-12-1984,32,22.9,,1.2,14.9
4-12-1984,31.2,23.5,,1.87,0
5-12-1984,33.1,23.3,,1.27,5.2
6-12-1984,33.7,23.7,,0.67,2.2
7-12-1984,31.8,29.4,,0.67,2.4
8-12-1984,29.1,23.9,,0.77,40.9
9-12-1984,31.9,24.5,,0.77,1
10-12-1984,29,24.1,,1.53,0.6
11-12-1984,29.3,23.9,,2.37,0.4
12-12-1984,30.8,23.3,,1.63,0
13-12-1984,33.6,24.5,,1.47,1
14-12-1984,35,25.7,,1.03,1.6
15-12-1984,33.3,24.8,,0.0,4
16-12-1984,30.7,23.7,,0.0,0
17-12-1984,30.8,24.2,,1.63,10.6
18-12-1984,33.1,23.4,,1.37,1.8
19-12-1984,33.1,23.7,,1.43,0
20-12-1984,28.8,23.9,,2.2,0
21-12-1984,29.4,20.9,,0.6,21.2
22-12-1984,33.1,22.3,,0.77,0
23-12-1984,31.6,23.3,,0.77,2
24-12-1984,33.5,22.5,,1.27,5
25-12-1984,30.8,23.5,,1.37,0
26-12-1984,30.5,22.3,,1.03,0.4
27-12-1984,31.5,23.1,,2.17,0
28-12-1984,29.9,23.6,,1.1,0.4
29-12-1984,26.2,22.9,,0.0,3.7
30-12-1984,29.3,23.5,,0.43,10.2
31-12-1984,31.1,22.2,,2.43,18.2
1-12-1985,32.6,24.3,,1.53,0
2-12-1985,31.2,24.3,,2.1,0
3-12-1985,32.2,23.6,,0.77,19
4-12-1985,30.2,23.5,,1.53,4
5-12-1985,33.8,22.9,,2.13,0
6-12-1985,33.8,23.9,,1.47,0
7-12-1985,28.4,24.6,,1.67,0.3
8-12-1985,32.6,22.9,,1.37,10.8
9-12-1985,29,23.7,,1.97,0
10-12-1985,29.8,22.1,,1.67,83.1
11-12-1985,30.4,23.3,,0.77,4
12-12-1985,32,23.3,,3.2,7.8
13-12-1985,31.6,23.3,,0.53,44.6
14-12-1985,30.4,23.1,,0.83,3.3
15-12-1985,29.7,22.7,,0.77,21.2
16-12-1985,25.8,23.3,,0.77,2
17-12-1985,29.4,24.1,,0.0,35
18-12-1985,29.3,23.1,,0.0,45.8
19-12-1985,29.6,22.3,,0.77,7.4
20-12-1985,25.8,22.9,,0.67,11
21-12-1985,30,23.7,,1.9,13.2
22-12-1985,30.3,23,,2.1,1.2
23-12-1985,31.2,24.5,,0.0,19.2
24-12-1985,31.7,23.9,,1.3,10.2
25-12-1985,32.5,24.3,,0.77,0
26-12-1985,32.7,24.9,,1.77,0
27-12-1985,31.8,24.7,,1.43,2
28-12-1985,31.6,23.1,,0.0,10.8
29-12-1985,29.5,23.1,,1.53,33.2
30-12-1985,31.2,22.7,,1.87,2.3
31-12-1985,30,23.5,,2.27,0
1-12-1986,31.8,23.4,,1.53,0
2-12-1986,33.1,24.3,,2.37,0
3-12-1986,33.4,25.5,,1.53,0
4-12-1986,29.7,19.5,,1.77,9
5-12-1986,30.3,23.5,,0.77,0
6-12-1986,33.4,23.6,,0.77,0
7-12-1986,29,23.5,,1.1,5.2
8-12-1986,33.3,23.3,,0.77,0.2
9-12-1986,33.3,23.5,,0.77,0
10-12-1986,34,24,,1.53,0.6
11-12-1986,33.8,23.9,,1.77,0
12-12-1986,33,24,,1.0,0
13-12-1986,31,24,,1.0,0
14-12-1986,31.6,24.9,,0.77,2.4
15-12-1986,31.2,24.3,,0.0,0
16-12-1986,32.8,24.9,,1.87,13.1
17-12-1986,29,24,,0.0,35.5
18-12-1986,31.1,24.6,,0.77,0
19-12-1986,29.8,24.3,,0.67,0
20-12-1986,33.8,23.5,,2.77,0
21-12-1986,34,23.8,,1.43,0
22-12-1986,31.2,23.9,,2.97,0
23-12-1986,32.2,22.5,,1.8,51
24-12-1986,32.2,22.8,,2.1,1
25-12-1986,32.5,20.5,,1.37,0
26-12-1986,32.6,25.3,,2.03,0
27-12-1986,30.5,22.9,,1.37,0.8
28-12-1986,25.6,22.5,,1.67,52.9
29-12-1986,25.4,21.6,,0.67,32.2
30-12-1986,28.3,21.6,,1.83,43
31-12-1986,29.2,22.8,,1.33,0
1-12-1987,35.2,25,,,5.4
2-12-1987,32.4,25.3,,,0
3-12-1987,32.4,23.9,,,2
4-12-1987,31.7,24,,,0
5-12-1987,32.7,25.1,,,19.4
6-12-1987,34.6,25,,,0
7-12-1987,34.6,25.3,,,0
8-12-1987,34.3,26.5,,,0
9-12-1987,33.4,23.6,,,23.6
10-12-1987,31.4,25.3,,,0
11-12-1987,30.8,22.3,,,0
12-12-1987,33.7,24.5,,,0
13-12-1987,34,23.6,,,0
14-12-1987,34.8,25.7,,,0
15-12-1987,31.8,23.3,,,6.2
16-12-1987,30.8,24.9,,,0
17-12-1987,33.1,24.9,,,6.6
18-12-1987,33.5,25.3,,,1.7
19-12-1987,34.6,24.9,,,0
20-12-1987,32.8,24.9,,,0
21-12-1987,33.2,24.6,,,0
22-12-1987,30,24.9,,,0
23-12-1987,30.8,24.3,,,5.4
24-12-1987,26.8,23.3,,,27.7
25-12-1987,31.8,23.9,,,3.3
26-12-1987,29.6,24.9,,,0
27-12-1987,30.5,23.9,,,10
28-12-1987,27.6,23.3,,,24.7
29-12-1987,26.4,23.6,,,17.8
30-12-1987,30.2,23.9,,,21.4
31-12-1987,29.2,23.9,,,20
1-12-1988,32.6,22.6,,1.0,16.4
2-12-1988,31.4,23.6,,1.0,0
3-12-1988,32,22,,0.67,24.1
4-12-1988,32.8,23.3,,1.33,0
5-12-1988,34.5,23.2,,2.0,0
6-12-1988,34.2,24.2,,2.0,0
7-12-1988,32.2,22.4,,0.67,58.2
8-12-1988,32.6,23,,2.33,5.6
9-12-1988,32,23.4,,2.0,5.8
10-12-1988,33.6,23,,2.0,24.2
11-12-1988,31.4,22.8,,1.67,0
12-12-1988,32.4,22.8,,0.33,9
13-12-1988,33.8,23.4,,1.33,7.2
14-12-1988,34,24,,1.0,0.4
15-12-1988,32.6,22.8,,1.67,1
16-12-1988,30.6,23.4,,0.0,15.2
17-12-1988,30.4,21.8,,0.0,47.2
18-12-1988,32.6,23.8,,1.33,0
19-12-1988,32.8,23.4,,0.67,0
20-12-1988,29.2,21.8,,1.0,69
21-12-1988,30.2,21.6,,1.0,41.8
22-12-1988,31.4,22.2,,1.67,9
23-12-1988,31.2,20.6,,1.33,1.2
24-12-1988,25,21.8,,1.5,7.4
25-12-1988,31.6,21.4,,0.67,26
26-12-1988,28.8,22.2,,0.33,8
27-12-1988,27.4,23,,0.33,23.8
28-12-1988,32.6,22.2,,2.0,2.4
29-12-1988,31.6,23,,1.0,7.6
30-12-1988,29.8,23,,4.0,0
31-12-1988,31.4,22.4,,1.33,1.6
1-12-1989,34.7,24.6,,1.33,0
2-12-1989,34.4,25.4,,2.67,0
3-12-1989,34.4,26.1,,3.33,0
4-12-1989,32.4,25.3,,0.83,0
5-12-1989,34.2,25.1,,0.0,0
6-12-1989,33.7,24.5,,0.0,2
7-12-1989,33.2,25.9,,1.0,0
8-12-1989,34.2,25.3,,0.0,0
9-12-1989,33.3,25.5,,0.0,0
10-12-1989,31,23.7,,1.0,23
11-12-1989,,,,,13.6
12-12-1989,31,23.3,,0.0,5
13-12-1989,32.3,23.9,,2.0,0
14-12-1989,32,24.5,,0.0,0
15-12-1989,31.2,23.3,,0.0,4
16-12-1989,30.1,24.3,,0.0,6.6
17-12-1989,29.3,23.3,,0.0,10
18-12-1989,31.2,23.9,,0.0,10.8
19-12-1989,25.2,22.3,,0.0,95.4
20-12-1989,25.4,23.3,,0.0,3
21-12-1989,31,21.6,,1.0,0
22-12-1989,32,22.9,,1.0,0
23-12-1989,32,23.9,,1.33,0.7
24-12-1989,27.4,22.3,,1.0,0.5
25-12-1989,32,21.9,,1.67,37.6
26-12-1989,32.4,24.1,,1.67,2.5
27-12-1989,33.1,23.1,,0.67,0
28-12-1989,30.4,24.9,,1.0,0
29-12-1989,32.6,24.1,,2.0,0
30-12-1989,32.2,24.7,,1.33,0
31-12-1989,31.6,,,1.0,5.4
1-12-1990,,,,,3.6
2-12-1990,,,,,0
3-12-1990,,,,,2
4-12-1990,,,,,0
5-12-1990,,,,,10
6-12-1990,,,,,7.6
7-12-1990,,,,,15
8-12-1990,,,,,0.7
9-12-1990,,,,,0
10-12-1990,,,,,10
11-12-1990,,,,,0
12-12-1990,,,,,0
13-12-1990,,,,,0
14-12-1990,,,,,0
15-12-1990,,,,,27
16-12-1990,,,,,6
17-12-1990,,,,,0
18-12-1990,,,,,0
19-12-1990,,,,,0
20-12-1990,,,,,0
21-12-1990,,,,,0
22-12-1990,,,,,0
23-12-1990,,,,,31.4
24-12-1990,,,,,12
25-12-1990,,,,,11.8
26-12-1990,,,,,0
27-12-1990,,,,,0
28-12-1990,,,,,6
29-12-1990,,,,,5.8
30-12-1990,,,,,0
31-12-1990,,,,,18.4
1-12-1991,29.6,23.2,80,0.0,22.4
2-12-1991,32.4,23,70.5,1.27,0.5
3-12-1991,30,25,82.25,0.33,0
4-12-1991,31.4,23.5,87,0.53,0
5-12-1991,32.1,24,71.5,1.6,10.4
6-12-1991,33.4,25,58.5,2.17,0
7-12-1991,33,24.8,76.25,0.0,0
8-12-1991,34,25.6,71.25,0.8,0
9-12-1991,34.6,26,76.75,0.4,0
10-12-1991,34.4,25.4,69,0.87,0
11-12-1991,34,26,57.25,2.2,0
12-12-1991,33.8,25,60.25,0.37,0
13-12-1991,35,26,58.75,1.2,0
14-12-1991,34.3,26.2,67.5,1.1,0
15-12-1991,32.2,25.4,73,2.4,0
16-12-1991,30.8,25.4,88.75,0.8,0
17-12-1991,37.2,24,81.25,0.4,3.6
18-12-1991,29.2,24,83,0.87,0
19-12-1991,32,24,67.25,1.73,0
20-12-1991,30,23.6,90.5,0.43,12.4
21-12-1991,31.8,22.6,81,0.0,0.6
22-12-1991,32,22.4,85.25,0.0,1.6
23-12-1991,30.6,22.6,81.25,1.53,55.5
24-12-1991,30.6,23,87.5,1.23,11.4
25-12-1991,31.8,24,66.75,1.27,0
26-12-1991,32,24,67.25,0.33,0
27-12-1991,32.4,24.2,72.5,1.2,1
28-12-1991,33,24.2,69.5,0.0,0
29-12-1991,30.2,24.6,84.25,0.0,0
30-12-1991,26.3,21,92.75,0.53,17.5
31-12-1991,29.8,21.2,81.75,0.57,1
1-12-1992,27.4,22,91.75,1.27,0.2
2-12-1992,31.3,21.8,86.75,0.93,68.2
3-12-1992,28.2,22.7,94.25,0.87,0.3
4-12-1992,27,22.7,90.25,1.8,32.2
5-12-1992,28,22,92.25,0.0,1.8
6-12-1992,31.3,21.8,85.75,0.53,26
7-12-1992,29,22.2,90.75,1.87,26
8-12-1992,31.4,23,88.5,0.77,1
9-12-1992,31.3,23.9,85.5,0.0,1.5
10-12-1992,31.4,23.4,85,1.6,0
11-12-1992,26.2,21.4,95.25,0.8,8.4
12-12-1992,30.2,20,83.25,0.0,34.4
13-12-1992,31,22.6,85.5,0.8,0
14-12-1992,31,22.9,91,2.07,0
15-12-1992,29.6,23.6,90.25,1.2,0
16-12-1992,31.1,22.8,78,0.77,3.2
17-12-1992,31.4,23.9,82.25,0.8,0
18-12-1992,33.3,24.3,72,1.0,0
19-12-1992,33.4,24.2,68.5,1.73,0
20-12-1992,30.2,24.2,79.75,1.8,0
21-12-1992,32.4,24.2,82.75,1.0,0
22-12-1992,30.4,22.8,89.25,1.07,0
23-12-1992,30.8,23.2,81,0.0,10.7
24-12-1992,30.5,23,89.5,0.8,4.8
25-12-1992,31,23,87.75,1.0,5.8
26-12-1992,29.8,22.6,91.75,0.27,3.2
27-12-1992,26.2,21.7,92.5,0.0,7
28-12-1992,31,21.2,84.25,0.6,25
29-12-1992,32.3,23.7,73,1.37,5.9
30-12-1992,32.2,24.5,69.5,2.27,0
31-12-1992,29.2,23.6,89.75,1.3,0
1-12-1993,32.6,22.5,72.5,2.13,0
2-12-1993,33,24.3,76.25,2.0,0
3-12-1993,32.7,24.9,84.25,1.67,0
4-12-1993,32,24.3,85.5,0.47,3.3
5-12-1993,32.3,23.5,80,0.83,0
6-12-1993,33.7,24.3,68,1.33,0
7-12-1993,31,22.9,91.25,2.0,3.6
8-12-1993,31.9,23.3,88.5,0.67,25.8
9-12-1993,32.9,24.3,77.5,1.47,3.7
10-12-1993,32,24.1,87.25,0.0,0
11-12-1993,31.5,24.1,85.75,1.0,5.8
12-12-1993,33.1,22.9,88.75,1.0,0
13-12-1993,32.6,22.9,84.5,1.67,6.2
14-12-1993,32.6,23.5,81.25,1.8,0
15-12-1993,29.7,23.5,93.75,1.13,0
16-12-1993,31.4,23.3,85.5,0.67,13.6
17-12-1993,32.5,23.9,84.25,1.63,0
18-12-1993,28.8,23.9,91.75,0.67,0
19-12-1993,30.2,19.8,90.75,0.67,63.8
20-12-1993,30.2,21.9,87,0.67,5.7
21-12-1993,32.4,23.2,87.5,0.67,0
22-12-1993,33,23.9,77.25,2.07,11.2
23-12-1993,29.8,22.3,94.25,1.33,0
24-12-1993,29.5,22.3,95.75,0.0,38.2
25-12-1993,30.1,22.3,90.25,0.67,21.1
26-12-1993,26.4,21.9,97.5,0.67,1.8
27-12-1993,25.7,22,96.75,1.33,15.6
28-12-1993,28.7,22.1,90.75,1.83,11.7
29-12-1993,29.2,23.5,85.25,1.5,3.4
30-12-1993,28.3,22.7,95.25,0.0,1.2
31-12-1993,29.8,22.1,91,1.33,15.6
1-12-1994,29,22.1,95,0.33,23.2
2-12-1994,31.6,22.6,81,1.0,4.4
3-12-1994,32,22.8,79.5,0.83,0
4-12-1994,32.8,24.8,72,1.5,0
5-12-1994,33.6,26.5,72.75,2.33,0
6-12-1994,33.2,24.8,70.75,1.33,3.8
7-12-1994,32.1,25.5,80,1.0,0
8-12-1994,27.4,23.1,92.5,0.0,6.8
9-12-1994,32.4,22.3,76.5,0.5,11.6
10-12-1994,32.9,25,76.75,0.0,0
11-12-1994,30.9,22.3,93.25,1.57,1.4
12-12-1994,29.3,21.4,92.5,1.67,25.1
13-12-1994,30.8,22.4,88,2.0,2
14-12-1994,33,22.7,78.75,2.0,33.6
15-12-1994,30.3,22.3,83.5,3.67,9.4
16-12-1994,31.4,22.2,86.5,0.67,0.8
17-12-1994,33.4,23.2,77.5,1.33,1.2
18-12-1994,33.5,23.4,75,1.83,5.5
19-12-1994,31.6,23.9,85,0.67,0
20-12-1994,28.9,23.1,88.25,0.33,0.8
21-12-1994,28.2,22.5,88.25,0.83,16
22-12-1994,31.2,23,82.25,2.0,0.6
23-12-1994,32.6,23.9,84,2.0,0
24-12-1994,29.3,22.3,90.75,1.67,3.4
25-12-1994,29.8,23.4,91,0.67,47
26-12-1994,29.2,19.1,87,0.33,14.8
27-12-1994,31.8,22.6,88,0.83,0
28-12-1994,32.4,23.6,81.5,2.67,7.3
29-12-1994,32,24.1,80.25,2.5,0
30-12-1994,32.4,24.1,78.5,2.67,0
31-12-1994,28.8,22.7,97.25,0.67,3.8
1-12-1995,32,23.8,84.5,1.33,3.2
2-12-1995,33,24.8,75,1.0,0
3-12-1995,31.4,24.4,81,0.67,0
4-12-1995,29.2,23.2,96,0.67,0
5-12-1995,31.4,23,91.25,0.0,37.2
6-12-1995,31.4,24.3,92.5,1.0,0
7-12-1995,32.2,24,82.75,0.0,0
8-12-1995,30.6,23.2,87.25,1.0,0.8
9-12-1995,31.7,24,87.75,1.33,0
10-12-1995,33.5,24.2,80,1.0,0
11-12-1995,30.2,24.3,93,0.67,3.4
12-12-1995,32.6,23,85.5,1.0,7
13-12-1995,32.6,23,84.75,1.33,0
14-12-1995,30.4,21.4,81.25,0.33,31.6
15-12-1995,32.6,22.8,85.75,0.67,0
16-12-1995,31.9,24.1,87,0.67,39.1
17-12-1995,33,24,70.25,2.0,0
18-12-1995,30.5,24.2,81.5,1.33,0
19-12-1995,32.4,23.1,85,1.33,0
20-12-1995,29.6,23.2,91,0.67,0
21-12-1995,28.1,22,85,1.33,13
22-12-1995,31.6,21.8,78.25,1.0,0
23-12-1995,32.5,22.3,82.5,2.0,0
24-12-1995,30.3,23.2,84.75,0.67,0
25-12-1995,31.8,22.6,89.25,1.67,4.6
26-12-1995,31.3,22.4,90.25,0.0,5.2
27-12-1995,31.8,23.5,84,1.33,0
28-12-1995,32,23.3,88.5,2.0,3.4
29-12-1995,32.2,22.8,81,1.0,2.4
30-12-1995,32.4,23.8,82.5,0.33,0
31-12-1995,29.7,23.2,93.5,1.0,9.6
1-12-1996,24.3,21.8,98.5,1.33,0
2-12-1996,31.4,22.4,79.75,0.67,92
3-12-1996,32.9,23.2,88.5,0.33,0
4-12-1996,32.3,23.4,79.75,2.0,0
5-12-1996,28.6,23.9,86.5,0.67,6.7
6-12-1996,32.6,22.2,83,2.0,0
7-12-1996,32.1,22.2,78.5,0.33,1.8
8-12-1996,30.2,23.4,87.75,2.33,0
9-12-1996,32.2,23.2,79.75,0.67,0
10-12-1996,33.3,24,82.25,1.67,0
11-12-1996,28.6,21.5,92.25,0.67,5.6
12-12-1996,32.5,21.4,81.75,2.0,14.7
13-12-1996,30.9,23.3,85.5,4.33,0
14-12-1996,31,23.6,82.5,0.67,2.7
15-12-1996,32.1,24.2,78.25,0.67,0
16-12-1996,32.7,24.2,83,0.0,0
17-12-1996,32.6,24.2,86,1.0,0
18-12-1996,33.1,23.4,69.75,1.67,0
19-12-1996,33.8,24,73,0.67,0
20-12-1996,32.6,24.7,82,0.0,0
21-12-1996,32.5,23.8,80.25,0.67,0.4
22-12-1996,33.1,24.5,81.25,1.0,0
23-12-1996,32.2,24,84.25,1.67,0
24-12-1996,33.5,24.1,83,0.33,0
25-12-1996,32.9,24.6,79.25,0.67,13.2
26-12-1996,31.8,25.1,82,1.33,0.7
27-12-1996,30.1,24.5,86,2.33,0
28-12-1996,30,23.8,90.5,1.0,0
29-12-1996,29.8,23.8,84.5,1.0,1
30-12-1996,29.8,24.2,95,0.0,2.4
31-12-1996,26.7,23.7,94,2.33,1
1-12-1997,35,24,71.5,1.67,13
2-12-1997,33.5,24.4,80.75,0.67,0
3-12-1997,35,25.5,67.5,0.67,0
4-12-1997,33.5,23,77.25,0.67,2
5-12-1997,32,23,84,0.0,0.2
6-12-1997,34.5,24,74.5,0.67,0.1
7-12-1997,35.2,25,71,0.0,0
8-12-1997,34.5,24.5,67,0.67,0
9-12-1997,35,24.5,76.75,0.33,0
10-12-1997,32.4,23,80.25,0.67,16
11-12-1997,29,24,91,0.67,0
12-12-1997,29,25,89,0.67,12.6
13-12-1997,32,24.2,79,0.67,0
14-12-1997,33,24.5,86.75,0.0,1
15-12-1997,34,24.2,75,0.67,0
16-12-1997,33.5,24.8,75,1.0,0
17-12-1997,31.5,23.5,90.5,0.0,0
18-12-1997,28.5,22.5,94,0.0,88.4
19-12-1997,30,23.5,86,0.0,4.7
20-12-1997,32.5,23.5,81.5,0.0,0
21-12-1997,33,23.5,77.75,0.67,0
22-12-1997,33.2,24.5,81.25,0.67,0
23-12-1997,32.4,22.5,85.25,0.0,26
24-12-1997,33,24,82.75,0.67,0
25-12-1997,30.8,24.8,89,0.0,0
26-12-1997,29,23,93.75,0.67,25
27-12-1997,29,23,91.25,0.0,9
28-12-1997,31.9,22,87,0.0,37.5
29-12-1997,28,23.4,92.75,0.0,0
30-12-1997,32.5,23.2,87.5,0.67,8.8
31-12-1997,28.6,23,93.25,0.0,17.2
1-12-1998,30.1,20,91.5,1.67,0
2-12-1998,31.8,20,84.5,0.67,37.8
3-12-1998,33.8,22,77.5,1.33,0
4-12-1998,35,23,76.5,0.67,0
5-12-1998,34.6,24.5,79,0.67,0
6-12-1998,34.4,23.5,78.75,0.67,0
7-12-1998,33.8,21.5,89.75,0.0,15.6
8-12-1998,34.4,22.5,80.25,0.67,0
9-12-1998,34.6,23,75.5,0.67,0
10-12-1998,34.8,24,75,0.0,0
11-12-1998,34.2,21.5,83.5,0.67,6.2
12-12-1998,30,21.5,93.25,0.0,18.4
13-12-1998,33.3,20,87.5,1.33,0.4
14-12-1998,34.4,21.5,81.25,0.67,0
15-12-1998,34.2,22,82.25,0.0,0
16-12-1998,34.2,22,83,0.67,0
17-12-1998,32.4,22,86.25,0.67,1.6
18-12-1998,32,22,89,0.67,0
19-12-1998,30.4,23,84.75,1.33,0
20-12-1998,32.4,21.5,85.5,0.67,0
21-12-1998,32,21.5,91,1.0,0
22-12-1998,32.6,20.7,83.25,1.0,2.8
23-12-1998,30,23,90.75,1.33,0
24-12-1998,27,20,97,0.67,69.2
25-12-1998,30.8,20,91.25,0.67,12.2
26-12-1998,30.3,20.5,94.75,0.0,0
27-12-1998,31.4,20.5,94.25,0.0,4.8
28-12-1998,32.8,20,85.75,0.33,4
29-12-1998,32.8,22,82.75,0.67,18
30-12-1998,33.2,22.2,78.75,1.0,0
31-12-1998,32.2,22,82.25,1.33,0
1-12-1999,33.2,23,84,0.33,10.8
2-12-1999,32.6,23,83.75,0.0,0.7
3-12-1999,31.8,22.5,84.5,0.67,0
4-12-1999,31.4,22.5,90.5,0.0,0
5-12-1999,33,22.4,79.75,0.67,10.5
6-12-1999,31.2,23,91.75,0.0,0
7-12-1999,33.4,22.5,80.5,0.67,17.8
8-12-1999,33.8,23,83.75,0.33,0
9-12-1999,32.4,23,80.25,0.33,1
10-12-1999,33.2,23.5,76,0.0,0
11-12-1999,33.6,24,85.5,0.67,0
12-12-1999,34.6,23.5,74,0.67,2.4
13-12-1999,34.8,23,76.5,1.0,0
14-12-1999,35.2,23.5,74,1.0,0
15-12-1999,34.6,23.6,78.75,0.0,3.8
16-12-1999,33.8,22.5,77,1.33,0
17-12-1999,33.8,23,75,0.67,0
18-12-1999,32.8,22.8,81.25,0.0,0
19-12-1999,34.8,23.5,83,0.67,0
20-12-1999,26.6,22,95,0.67,11.2
21-12-1999,29.4,23,90.75,0.67,51.2
22-12-1999,29.6,22.5,91,1.33,2.2
23-12-1999,30.2,22.5,86.5,0.1,1.4
24-12-1999,30,21.5,88.75,0.33,40
25-12-1999,32.2,22,80.5,1.0,2.8
26-12-1999,33.2,23.5,76.25,1.0,0
27-12-1999,28.4,21,78.5,1.0,31.1
28-12-1999,32.8,20.5,75.75,0.67,11
29-12-1999,34.4,21.5,71.75,1.33,0
30-12-1999,34.4,22,70.75,1.33,0
31-12-1999,30.2,23,90.25,1.0,0.4
1-12-2000,34.5,23,74.75,0.0,0
2-12-2000,33.9,23,77.25,1.0,0.6
3-12-2000,32.9,23.5,84.25,0.0,0
4-12-2000,34.3,23.5,74.5,1.0,0
5-12-2000,28.7,22.5,91,0.0,0
6-12-2000,32.7,22.5,79.5,0.67,27.7
7-12-2000,33.3,23.4,79,0.0,0.2
8-12-2000,33.3,21.5,86,0.0,17
9-12-2000,33.1,21.6,81,0.33,6.9
10-12-2000,32.3,22.6,93.75,0.0,4.7
11-12-2000,32.5,23,90.75,0.0,21.3
12-12-2000,32.7,23.5,79.25,0.0,10.8
13-12-2000,33.3,24.2,74,1.0,0
14-12-2000,31.7,24,77.25,1.0,0
15-12-2000,33.9,22,66,1.33,1.6
16-12-2000,35.3,22,73.75,0.33,0
17-12-2000,30.7,19,85.5,1.0,25.8
18-12-2000,29.7,21.4,89.75,0.33,16.6
19-12-2000,29.8,21.4,88.5,0.0,5.8
20-12-2000,30.8,21.6,89.5,0.0,1.4
21-12-2000,29.2,21.6,91.5,0.0,0
22-12-2000,33,22.4,81,0.33,3.2
23-12-2000,33.9,22.1,80,0.0,0
24-12-2000,32.8,23,87.5,0.33,0
25-12-2000,30.8,21,89,1.0,11.2
26-12-2000,32.6,21,83.5,1.0,8.3
27-12-2000,33.7,22,81.75,0.67,0
28-12-2000,34.3,22.5,74,0.0,0
29-12-2000,33,23,83.5,0.33,0
30-12-2000,29.8,22.5,91.75,0.0,0.2
31-12-2000,29.8,20.5,88.5,0.33,29
1-12-2001,35.4,25.1,80.25,1.0,0
2-12-2001,34.6,25.6,96.25,0.0,0
3-12-2001,31.6,24.1,94.25,0.0,0
4-12-2001,32,23.7,81.25,0.33,11.6
5-12-2001,30,23.5,88.5,1.0,35.9
6-12-2001,33.6,22.7,78.25,0.67,21.5
7-12-2001,33,23.7,88.75,0.33,0
8-12-2001,26.4,23.7,93.75,0.33,2
9-12-2001,33,23.5,85,0.67,1.6
10-12-2001,33.8,24.3,80.75,0.67,1
11-12-2001,34.6,25.8,82,0.67,0
12-12-2001,28.6,24.2,90.25,0.67,23.8
13-12-2001,30.8,23.9,87.75,0.33,7.6
14-12-2001,32.6,24.7,81.5,1.33,0.2
15-12-2001,34.4,24.5,82.5,0.67,0
16-12-2001,33,24.9,79.25,0.33,9.3
17-12-2001,31.6,24.7,87.5,0.0,0
18-12-2001,27.6,24.3,91.25,0.33,20
19-12-2001,33,23.7,80.25,0.67,0
20-12-2001,29,25.5,90.25,0.33,0
21-12-2001,32.2,24.3,83.5,0.33,0.1
22-12-2001,32.8,23.9,83.75,0.0,0
23-12-2001,29.6,24.6,90.25,0.33,25.4
24-12-2001,27.4,24.2,92.5,0.67,26.5
25-12-2001,32.6,23.1,85,0.33,0.1
26-12-2001,27.8,24.2,92.25,0.33,0.4
27-12-2001,31.2,23.1,86.75,0.0,3.4
28-12-2001,33.2,23.9,78.25,0.0,0
29-12-2001,29.2,24.2,86.25,0.0,0
30-12-2001,33.4,24.1,80.25,0.0,22
31-12-2001,29.8,23.7,88,0.0,0.6
1-12-2002,34.7,24.3,70.25,0.67,0.6
2-12-2002,34.9,25.3,69,1.0,0
3-12-2002,29.7,26.6,87.25,0.67,0
4-12-2002,28.9,24.5,89.75,0.33,1.1
5-12-2002,30.5,24.1,85,0.0,11.6
6-12-2002,32.9,24.3,80.75,0.0,0.6
7-12-2002,32.5,24.7,82.75,1.33,0.2
8-12-2002,27.1,24.9,91.75,0.33,4.2
9-12-2002,30.9,25.1,92,0.0,1.6
10-12-2002,28.3,24.1,89.25,1.0,90.8
11-12-2002,32.3,23.5,83.25,1.0,1.2
12-12-2002,31.9,24.1,88.5,0.0,0
13-12-2002,28.5,24.7,86,0.33,7.2
14-12-2002,32.7,24.3,86.25,0.33,3.5
15-12-2002,29.5,24.3,91.75,0.0,10.2
16-12-2002,27.9,23.1,93,0.0,34
17-12-2002,32.7,23.1,87.75,0.67,8
18-12-2002,28.3,24.5,94.5,0.33,4.2
19-12-2002,27.7,22.7,94.25,0.0,44.8
20-12-2002,31.1,22.3,83.75,1.33,30.5
21-12-2002,29.4,23.7,86,0.67,0
22-12-2002,31.1,23.7,89.25,0.67,0
23-12-2002,32.7,24.1,82,0.67,6
24-12-2002,33.7,24.7,78.5,1.0,0
25-12-2002,32.3,23.5,78.75,0.67,3.8
26-12-2002,32.7,25.1,81.75,1.33,0
27-12-2002,30.3,24.9,81.5,0.67,2.5
28-12-2002,30.3,23.9,89,0.33,6.4
29-12-2002,31.9,23.5,81.75,0.33,16
30-12-2002,32.6,24.3,84,0.33,0
31-12-2002,30.1,24.5,84,1.33,22.2
1-12-2003,33.7,24.2,83.75,0.67,5.5
2-12-2003,31.7,24.5,95.5,1.0,0
3-12-2003,33.7,24.1,82.75,1.0,3.3
4-12-2003,34.7,25.1,82,0.67,0
5-12-2003,34.9,24.8,76.5,0.67,0
6-12-2003,33.1,23.5,84,0.67,31.3
7-12-2003,34.5,23.7,81.25,1.33,0
8-12-2003,35.1,23.7,84.25,0.67,0.2
9-12-2003,35.1,24.4,75.25,2.0,0.2
10-12-2003,34.7,25.8,76.5,0.67,0
11-12-2003,33.3,24.6,80.75,0.67,0
12-12-2003,33.9,24.7,77.75,0.0,0
13-12-2003,30.7,24.9,86.75,1.0,0
14-12-2003,31.7,24.1,85.5,0.67,0.4
15-12-2003,33.3,24.1,86,0.67,8.8
16-12-2003,31.5,23.9,87.75,1.0,2.1
17-12-2003,32.5,22.3,87.25,1.0,5.4
18-12-2003,33.5,25.8,84.5,1.0,0
19-12-2003,,23.7,94,0.0,3.8
20-12-2003,30.7,22.3,88.5,1.0,13.3
21-12-2003,33.3,22.7,86,1.33,0.2
22-12-2003,33.7,23.3,76.25,1.0,0
23-12-2003,33.7,24.1,76.75,1.0,0
24-12-2003,35.1,24.5,77.75,1.53,0
25-12-2003,35.9,24.5,77.5,0.67,0
26-12-2003,35.5,24.7,76.75,0.33,0
27-12-2003,32.3,24.7,91.25,0.33,0
28-12-2003,34.7,23.7,80,1.0,15.4
29-12-2003,31.5,25.6,86.25,1.0,0
30-12-2003,33.9,24.1,84.25,1.33,0
31-12-2003,33.3,24.7,91,1.33,0
1-12-2004,34.5,25.6,82.75,0.33,0
2-12-2004,27.8,22.6,89.25,0.0,0
3-12-2004,32.6,22.6,82.75,0.33,12.6
4-12-2004,30.2,23.5,90,0.33,3.3
5-12-2004,34.6,23.6,77.75,1.0,3.5
6-12-2004,35.1,25.1,70.25,0.67,0
7-12-2004,33.6,24.5,86.75,0.33,0
8-12-2004,32.4,23.6,79.75,0.33,0
9-12-2004,33.4,24.7,83,0.33,0
10-12-2004,33.2,23.6,80.5,0.67,0
11-12-2004,36,23.6,76,0.33,0
12-12-2004,29.4,23.2,90,0.0,0
13-12-2004,35.5,23.8,78.25,0.33,0
14-12-2004,35.3,24.2,77.25,0.67,0
15-12-2004,31.8,25.8,81,0.33,0
16-12-2004,35.1,24.1,80.75,0.67,0
17-12-2004,33.3,24.7,87.5,0.33,1.2
18-12-2004,29.4,22.8,88.5,0.0,20.5
19-12-2004,33.7,22.8,73.25,1.33,0
20-12-2004,34.4,24.6,70.25,1.0,0
21-12-2004,33.2,23.8,87,0.0,0
22-12-2004,34.2,23.6,80,0.0,10.2
23-12-2004,29.4,23.1,94,1.0,17.6
24-12-2004,33.2,22.1,78.25,0.67,3
25-12-2004,33.5,24.8,83.75,1.0,1.2
26-12-2004,31.2,21.2,95,1.67,0.8
27-12-2004,30.5,20.8,85.5,0.33,50.2
28-12-2004,35.4,22.4,76,0.33,0
29-12-2004,33.2,23.6,92.25,0.0,4.4
30-12-2004,29.6,24.2,90.25,0.67,11.5
31-12-2004,33,22.4,83.5,0.67,0
1-12-2005,34.9,24.1,86,1.33,4.4
2-12-2005,31.3,23.5,88,0.67,0
3-12-2005,33.9,24.1,88,1.33,0
4-12-2005,27.3,23.1,94.75,1.33,0
5-12-2005,33,22.7,85.5,0.67,9.4
6-12-2005,29.7,24.4,88,1.0,0
7-12-2005,28.9,22.6,94.5,0.67,2.2
8-12-2005,32.9,23.6,89.5,0.33,0
9-12-2005,34,22.9,90,0.0,61.6
10-12-2005,33.9,23.6,86.5,0.67,3
11-12-2005,31.1,24.1,91.5,0.0,0
12-12-2005,33.5,22.9,88.25,1.33,6
13-12-2005,33.1,23.7,81.75,1.33,13.9
14-12-2005,33.3,24.1,87.25,0.67,0.4
15-12-2005,33.7,24.7,86.5,0.67,0
16-12-2005,29.5,24.3,91.5,0.67,39.8
17-12-2005,30.9,23.7,94,1.33,0.2
18-12-2005,32.7,23.5,85.5,0.67,4.5
19-12-2005,31.3,23.3,90,0.33,16.2
20-12-2005,29.3,22.5,93.25,0.33,22.8
21-12-2005,30.4,23.2,91.5,0.33,14.3
22-12-2005,26.7,23.1,96.75,0.0,30
23-12-2005,28.9,22.5,98,0.5,7.3
24-12-2005,30.8,22.9,87.5,1.67,13.4
25-12-2005,32.7,22.9,86.5,0.67,0
26-12-2005,31.5,23.9,93.25,0.0,0
27-12-2005,30.7,23.3,90.75,0.67,24.8
28-12-2005,32.1,24.1,86.25,0.67,0
29-12-2005,30.7,23.9,84,1.33,1.4
30-12-2005,30.3,22.9,90.5,1.67,0
31-12-2005,31.7,22.3,82.5,1.0,16.2
1-12-2006,29.1,23.1,98.75,0.33,25.6
2-12-2006,32.1,22.9,88.5,0.33,34.4
3-12-2006,34.3,24.9,81,0.33,0
4-12-2006,34.7,24.5,77.5,1.67,0
5-12-2006,34.3,25.1,83.75,1.33,0
6-12-2006,34.3,24.9,75.25,1.33,0
7-12-2006,34.9,24.3,72,0.67,0
8-12-2006,34.9,25.1,73.5,0.0,0
9-12-2006,35.3,23.3,77,0.67,0
10-12-2006,35.5,25.6,72.25,1.67,0
11-12-2006,27.7,22.7,98.25,0.67,21.2
12-12-2006,32.5,22.5,88.75,0.0,40
13-12-2006,32.1,24.9,88.75,1.33,0
14-12-2006,29.7,22.3,92.75,0.67,5.4
15-12-2006,32.7,22.1,84,1.0,97.4
16-12-2006,34.7,22.7,81,1.0,0
17-12-2006,32.7,23.1,90,1.67,0
18-12-2006,31.1,22.9,92.75,0.67,34.4
19-12-2006,27.9,21.9,96.75,1.0,50.4
20-12-2006,32.5,22.1,84.5,1.0,3.8
21-12-2006,33.9,22.9,85,1.0,0
22-12-2006,34.5,24.1,77.25,1.67,1.2
23-12-2006,33.7,23.1,78,1.33,0
24-12-2006,33.7,23.1,82.5,2.33,0
25-12-2006,28.9,23.7,94,0.0,1
26-12-2006,33.7,23.9,85.75,0.0,1.4
27-12-2006,34.3,24.1,81.75,0.67,0.2
28-12-2006,33.1,24.3,80,1.0,0
29-12-2006,33.9,23.3,82.75,1.0,0
30-12-2006,34.3,24.3,81.5,1.67,1
31-12-2006,32.5,24.9,86.5,0.33,0
1-12-2007,28.9,21.7,96.25,1.0,22.6
2-12-2007,32.7,24.7,88.5,2.0,16
3-12-2007,30.3,24.1,88,2.67,0.5
4-12-2007,26.3,22,94,0.33,7.1
5-12-2007,31.7,23.2,89,1.0,0.2
6-12-2007,34.3,25.1,78.25,0.33,0
7-12-2007,31.7,23,94.25,0.0,0
8-12-2007,31.9,22.8,83.75,0.33,46.2
9-12-2007,33.5,22.8,86.5,0.67,0
10-12-2007,30.3,22.8,91.75,0.0,17.8
11-12-2007,32.9,23.2,83,0.67,1.2
12-12-2007,34.1,24.9,81.75,0.67,0
13-12-2007,28.7,22.4,98.25,1.33,63.6
14-12-2007,30.5,21.6,87.5,2.33,15.6
15-12-2007,31.9,21.6,81.75,0.67,0
16-12-2007,33.1,23.5,79.25,1.0,0.6
17-12-2007,34.1,25.1,85.75,0.67,0
18-12-2007,31.9,25,90.25,0.0,0
19-12-2007,33.1,23.9,83.5,0.33,0.3
20-12-2007,32.1,23.2,89.25,0.67,0
21-12-2007,32.9,23,83.25,1.33,38.5
22-12-2007,29.5,22.8,94.5,0.33,3.7
23-12-2007,28.7,21.2,94.25,0.67,0.5
24-12-2007,31.5,21.2,85.25,1.0,15.4
25-12-2007,31.7,23.5,93.25,0.67,0
26-12-2007,32.7,23.5,78.75,2.0,1.4
27-12-2007,32.5,25.1,80,0.67,0
28-12-2007,33.1,23,88,0.67,0.2
29-12-2007,31.3,22.8,88.5,1.67,76.1
30-12-2007,30.9,23.5,87.25,1.0,0.2
31-12-2007,30.7,22.8,98.5,0.0,0.2
1-12-2008,33.7,21.8,94.75,0.33,0
2-12-2008,31.7,22,87.25,0.67,47
3-12-2008,34.3,24.5,78.5,0.67,0
4-12-2008,28.3,22.2,92,0.67,31.4
5-12-2008,32.7,24.1,86.75,0.67,0
6-12-2008,33.5,22.8,82.75,0.67,33.6
7-12-2008,31.9,23.5,90,1.0,21.8
8-12-2008,32.5,23.5,86.75,0.67,12.2
9-12-2008,33.5,24.1,77,1.67,0
10-12-2008,33.7,24.1,78.75,2.0,0
11-12-2008,33.1,24.9,81,1.33,0
12-12-2008,32.6,25.3,89,1.67,0
13-12-2008,32.7,24.9,84.5,1.0,0
14-12-2008,33.9,25.1,86.75,1.0,0
15-12-2008,30.7,24.3,92.75,0.67,0.7
16-12-2008,33.3,23.7,84,0.33,3.8
17-12-2008,29.9,23.5,92,2.33,0.2
18-12-2008,32.9,22.8,88.5,1.0,0.2
19-12-2008,30.1,22.6,87.75,0.67,39.6
20-12-2008,32.7,23.7,86.75,0.0,0
21-12-2008,31.9,24.9,84.75,1.0,0
22-12-2008,29.7,22,92.75,1.0,52.8
23-12-2008,30.3,21.6,88.75,1.0,36.7
24-12-2008,33.1,22.8,78.75,1.0,3.8
25-12-2008,32.5,24,89.5,0.67,4.2
26-12-2008,32.9,23.2,82.25,1.0,14.5
27-12-2008,28.1,23.2,93,0.33,77.4
28-12-2008,32.5,23.2,86,1.67,6.4
29-12-2008,33.5,23.7,83.5,0.33,3
30-12-2008,27.9,23,97,0.67,10
31-12-2008,30.3,22.6,88,0.0,58.8
1-12-2009,36.3,27.4,70.5,1.33,0
2-12-2009,35.7,26.1,65.75,1.33,0
3-12-2009,36.7,26.3,64,0.67,0
4-12-2009,37.3,27.8,55.25,1.33,0
5-12-2009,33.1,27.4,82,1.67,0
6-12-2009,33.1,26.3,77.25,1.67,0
7-12-2009,30.3,24.9,90.75,0.33,0
8-12-2009,31.3,24.7,83.25,2.0,2.4
9-12-2009,32,25.3,84.5,2.0,0
10-12-2009,27.1,22.4,92.75,0.0,22.2
11-12-2009,32.3,22.8,84.75,1.0,39.6
12-12-2009,28.9,24.3,86.75,1.67,7.8
13-12-2009,32.1,23.9,80.5,1.33,1.2
14-12-2009,33.5,25.5,80.5,0.67,0
15-12-2009,31.5,25.3,89.5,0.67,1
16-12-2009,29.5,24.1,93,0.67,14.4
17-12-2009,25.5,23.2,96,0.0,48.2
18-12-2009,30.3,23.5,90.5,0.0,37.4
19-12-2009,33.1,24.9,91.25,0.67,5.4
20-12-2009,33.5,24.7,80,0.67,11.4
21-12-2009,27.3,23,95.25,1.33,1.4
22-12-2009,32.1,22.8,84,0.67,49
23-12-2009,32.3,23.5,86.75,1.33,0
24-12-2009,32,25.3,86.75,0.67,2.2
25-12-2009,33.8,24.9,80.5,0.67,8
26-12-2009,34.9,25.1,83.5,1.0,0
27-12-2009,34.1,25.3,71.5,1.67,0
28-12-2009,34.1,25.3,75.25,2.0,3.4
29-12-2009,29.1,24.9,89.5,1.0,2.4
30-12-2009,31.9,24.3,82.75,1.67,5
31-12-2009,32.9,24.3,78.75,1.0,0
1-12-2010,33.9,25.1,85.5,1.0,0
2-12-2010,32.7,24.1,80.5,1.67,24.5
3-12-2010,34.7,24.3,72.5,1.33,0
4-12-2010,35.1,25.1,79.25,1.67,0
5-12-2010,32.1,23.5,82.75,0.67,0
6-12-2010,31.5,24.7,89.5,1.33,0
7-12-2010,33.9,23.2,79,0.33,0
8-12-2010,32.7,23,87,1.67,17.6
9-12-2010,33.9,23.2,73.5,1.0,4.4
10-12-2010,35.1,25.1,76.75,1.0,0
11-12-2010,34.3,25.3,85,2.0,0
12-12-2010,35.5,25.5,73.5,1.33,2
13-12-2010,33.7,24.9,85.25,1.0,0
14-12-2010,32.1,24.5,95,1.67,15.4
15-12-2010,33.9,23,82.75,0.67,3.6
16-12-2010,31.9,23.8,86.25,1.33,0
17-12-2010,27.9,20.1,90.75,0.33,34.5
18-12-2010,31.7,21.6,88.25,0.33,0.2
19-12-2010,33.3,21.5,74.25,1.33,6.5
20-12-2010,28.9,21.1,94,1.0,0.8
21-12-2010,30.1,21.4,82.75,1.0,132.5
22-12-2010,32.3,23,81.25,1.33,0
23-12-2010,31.5,23.4,93,0.33,2.2
24-12-2010,31.1,23.2,86.5,1.33,15.6
25-12-2010,32.6,23.6,80.5,0.67,0.2
26-12-2010,32.5,23.8,80.5,1.0,0.2
27-12-2010,31.6,23.6,94.25,0.33,0
28-12-2010,27.5,23.4,94.5,0.67,21
29-12-2010,33.7,22.8,77.5,1.0,2.5
30-12-2010,31.5,24.4,85.75,0.67,0
31-12-2010,31.3,24.2,82.25,0.33,6.4
1-12-2011,32.4,23.6,79.25,1.0,0
2-12-2011,33.9,25,77,2.67,0
3-12-2011,32.5,24.9,77.25,1.0,1.2
4-12-2011,32.3,24,85.5,1.67,7.2
5-12-2011,33,23.9,71.25,2.0,0.2
6-12-2011,34.3,24.4,66.25,0.67,0
7-12-2011,35.3,25.6,65.5,0.0,0
8-12-2011,32.3,24.7,87.75,0.33,0
9-12-2011,33.1,23.8,77.75,1.33,2
10-12-2011,34.3,25.2,76.25,0.67,0
11-12-2011,35.3,25.6,72.25,1.0,0
12-12-2011,33.6,26.2,72.75,1.0,0.4
13-12-2011,34.3,26.4,70.25,1.67,6.9
14-12-2011,35,26.8,70.25,0.67,0
15-12-2011,33.2,25,81.75,1.0,3.8
16-12-2011,33.1,24.8,89,1.33,7.8
17-12-2011,32.5,24.6,91.5,0.67,55
18-12-2011,30,24.6,86.75,1.33,12.8
19-12-2011,31.7,23.4,84,1.67,7
20-12-2011,34,25.5,63,0.67,0
21-12-2011,34.7,24.8,71,1.0,0
22-12-2011,33.9,26.6,72.25,1.33,0
23-12-2011,32.6,26.6,74.5,1.67,0
24-12-2011,31,24.8,83.5,2.0,4.8
25-12-2011,30.7,24.2,89.5,2.0,0
26-12-2011,31.7,24,87,0.67,1.4
27-12-2011,28.5,24,93.5,0.33,7
28-12-2011,30.3,22.6,88,1.0,21
29-12-2011,32.7,24,83.25,1.33,4
30-12-2011,30.5,23.6,86.75,1.33,51
31-12-2011,30.5,23.8,85,1.67,1
1-12-2012,33.5,23.3,85.5,0.67,21.8
2-12-2012,29.4,23.3,84.75,0.33,27.6
3-12-2012,33.9,24.9,73,1.33,0.2
4-12-2012,34.1,26.2,72.25,1.67,0
5-12-2012,34.1,27,67.5,2.0,0
6-12-2012,31.3,23.9,91.5,1.67,0
7-12-2012,32.6,23.6,75.25,1.67,10.6
8-12-2012,34.2,26.4,75.75,1.33,0
9-12-2012,34.5,26,78.75,2.33,0
10-12-2012,33.1,24,82,2.0,55
11-12-2012,32.2,25.4,85.25,1.33,0
12-12-2012,29.4,24.8,82.5,1.67,3
13-12-2012,33.2,24.2,80.75,1.67,2.8
14-12-2012,28,23.2,96,0.83,0
15-12-2012,30,23.6,85.75,1.33,15.8
16-12-2012,30.3,23.8,81.5,1.33,0
17-12-2012,32.4,25,75.75,1.33,0
18-12-2012,34.3,25.8,77,1.67,0
19-12-2012,34.3,25.2,74.25,0.33,2
20-12-2012,31,25,84.75,0.67,16.8
21-12-2012,32.3,24,75.25,1.83,5
22-12-2012,33,25.8,84,1.67,0
23-12-2012,31.6,24.4,86.5,1.0,17.6
24-12-2012,31.6,24,85.5,1.33,22.4
25-12-2012,32.2,24,74.5,1.33,1
26-12-2012,33,23.8,74,1.67,0.8
27-12-2012,29.2,23,89.5,2.33,15
28-12-2012,26.8,23.2,92.5,0.67,24.8
29-12-2012,29.5,23.2,90.75,0.67,9.8
30-12-2012,26.4,23.2,94.5,0.33,2.4
31-12-2012,29.4,23.4,92,0.67,11.8
1-12-2013,32.2,25.6,84,2.0,2
2-12-2013,33.8,25,77,1.0,0
3-12-2013,33.3,25.8,71.5,1.67,0
4-12-2013,32.9,24.6,78.25,0.67,4.4
5-12-2013,34.2,25.5,72.75,0.67,0
6-12-2013,35,26,68.5,0.33,0
7-12-2013,35,26.6,69,1.67,0
8-12-2013,34.1,27.2,74.5,1.0,0
9-12-2013,34.9,26.1,67.5,0.67,0
10-12-2013,35.1,26.2,67.5,1.33,0.4
11-12-2013,35.3,25.6,70.75,1.33,0
12-12-2013,34.5,25.6,75.25,2.0,0.2
13-12-2013,34.4,26.4,71.75,0.67,0.4
14-12-2013,34.6,26.7,63.75,1.0,0
15-12-2013,34.1,26.9,71.75,0.67,0
16-12-2013,31.6,26.8,80.25,1.0,0
17-12-2013,32.2,24.2,82.75,0.67,14.1
18-12-2013,28.5,24.4,90.75,0.67,2.6
19-12-2013,31.6,24.5,89,2.33,2.8
20-12-2013,33.5,25.4,74.25,1.0,15
21-12-2013,33.1,25.2,78,0.33,0
22-12-2013,33.2,26.1,83,1.0,0
23-12-2013,33.1,23.6,76.5,1.33,26.4
24-12-2013,31.3,24.6,86.5,1.33,0
25-12-2013,33.7,24.7,71.25,1.0,3.2
26-12-2013,31.7,26.7,79.5,1.0,0
27-12-2013,33.3,24.8,82.75,0.67,0
28-12-2013,30.8,25.8,86.25,1.0,2.1
29-12-2013,34,25,75.5,1.67,15.1
30-12-2013,32.3,24.8,85,1.0,0
31-12-2013,33.3,24.9,75.5,1.33,12.6
1-12-2014,35.6,27.2,71.5,1.03,0
2-12-2014,32.3,27.4,83.5,1.37,1.7
3-12-2014,35.1,25.9,69.75,1.37,2.1
4-12-2014,36,27.3,64.75,0.69,0
5-12-2014,33.6,26.6,77.25,1.03,0
6-12-2014,32,25.2,88,1.03,12.5
7-12-2014,31.2,26.1,92.25,0.69,6.1
8-12-2014,31.9,23.6,80.5,1.03,7.9
9-12-2014,34.9,24.4,69,1.37,0.3
10-12-2014,33.2,27.4,89,1.03,0
11-12-2014,25.6,24,96,1.03,12
12-12-2014,32.7,23.9,84,1.03,19.9
13-12-2014,33.7,25.6,72,0.34,8.2
14-12-2014,32.8,27.4,93,0.69,0
15-12-2014,33,24,79.25,1.03,71.7
16-12-2014,30,23.6,84.25,1.03,6
17-12-2014,33.6,25.1,79,0.69,0
18-12-2014,32.2,27.1,82.75,0.69,0
19-12-2014,33.2,25.7,84.5,0.69,3.9
20-12-2014,33,25,79.25,1.37,5.6
21-12-2014,33.4,25.1,79,0.69,0
22-12-2014,33.6,26.5,75.25,0.69,1.1
23-12-2014,33.6,26.9,81.25,1.03,3
24-12-2014,32.2,26.4,85.25,1.03,1
25-12-2014,31.6,26.3,88.5,1.03,0
26-12-2014,32.3,25.2,80,2.4,1.7
27-12-2014,33.9,25.2,71.25,1.03,6
28-12-2014,34.1,27.1,76,0.34,0
29-12-2014,31.4,27,84.5,0.34,2.7
30-12-2014,33.8,24.9,73.75,0.34,0.4
31-12-2014,32.9,24.7,74,0.69,0
