,Arquitetura,FA,Alpha,TA,FV,MAPE Teste,Acur√°cia
1,"(5, 5)",tanh,0.0001,0.003,0.1,0.301,99.699
2,"(7,)",tanh,0.01,0.003,0.0462,0.304,99.696
3,"(7, 1)",tanh,0.0001,0.003,0.1,0.307,99.693
4,"(5,)",tanh,0.01,0.003,0.1,0.307,99.693
5,"(2, 4)",tanh,0.0001,0.003,0.0462,0.32,99.68
6,"(4, 2)",tanh,0.0001,0.001,0.1,0.329,99.671
7,"(2, 6)",tanh,0.0001,0.001,0.1,0.341,99.659
8,"(3,)",tanh,0.01,0.001,0.0462,0.341,99.659
9,"(3, 6)",tanh,0.0001,0.001,0.0462,0.342,99.658
10,"(6, 1)",tanh,0.0001,0.003,0.1,0.344,99.656
11,"(4, 5)",tanh,0.01,0.001,0.0462,0.348,99.652
12,"(2, 2)",logistic,0.0001,0.001,0.1,0.351,99.649
13,"(6, 5)",tanh,0.0001,0.003,0.0462,0.352,99.648
14,"(6, 3)",tanh,0.0001,0.001,0.1,0.356,99.644
15,"(6, 6)",logistic,0.0001,0.001,0.1,0.358,99.642
16,"(4, 3)",tanh,0.0001,0.001,0.1,0.358,99.642
17,"(6,)",logistic,0.0001,0.003,0.0462,0.359,99.641
18,"(5, 6)",logistic,0.0001,0.001,0.0462,0.362,99.638
19,"(4, 3)",logistic,0.0001,0.001,0.1,0.364,99.636
20,"(6, 4)",logistic,0.01,0.003,0.1,0.364,99.636
21,"(5,)",tanh,0.01,0.001,0.0462,0.364,99.636
22,"(2,)",logistic,0.0001,0.003,0.0462,0.365,99.635
23,"(6,)",tanh,0.01,0.003,0.0462,0.365,99.635
24,"(1, 5)",logistic,0.0001,0.001,0.1,0.365,99.635
25,"(5, 7)",logistic,0.0001,0.001,0.0462,0.367,99.633
26,"(5, 3)",logistic,0.01,0.003,0.0462,0.368,99.632
27,"(7, 4)",logistic,0.01,0.003,0.0462,0.369,99.631
28,"(3, 4)",tanh,0.0001,0.001,0.0462,0.37,99.63
29,"(5, 3)",tanh,0.0001,0.001,0.0462,0.37,99.63
30,"(7, 6)",tanh,0.01,0.003,0.1,0.374,99.626
31,"(6, 2)",tanh,0.0001,0.003,0.0462,0.377,99.623
32,"(7,)",tanh,0.01,0.003,0.1,0.377,99.623
33,"(2, 3)",logistic,0.0001,0.001,0.0462,0.377,99.623
34,"(4, 4)",tanh,0.0001,0.001,0.1,0.378,99.622
35,"(7, 2)",logistic,0.0001,0.003,0.0462,0.379,99.621
36,"(3, 3)",tanh,0.0001,0.001,0.0462,0.38,99.62
37,"(1,)",tanh,0.0001,0.003,0.1,0.381,99.619
38,"(7,)",logistic,0.01,0.003,0.0462,0.381,99.619
39,"(3, 5)",logistic,0.01,0.001,0.1,0.383,99.617
40,"(5, 6)",tanh,0.01,0.001,0.1,0.383,99.617
41,"(3,)",logistic,0.0001,0.003,0.0462,0.384,99.616
42,"(4, 1)",logistic,0.0001,0.001,0.0462,0.384,99.616
43,"(4, 3)",tanh,0.01,0.001,0.0462,0.385,99.615
44,"(2,)",tanh,0.01,0.003,0.1,0.385,99.615
45,"(5, 2)",tanh,0.01,0.001,0.1,0.385,99.615
46,"(3, 2)",logistic,0.0001,0.003,0.1,0.386,99.614
47,"(1, 5)",tanh,0.0001,0.001,0.0462,0.386,99.614
48,"(1, 5)",tanh,0.0001,0.001,0.1,0.386,99.614
49,"(1, 6)",logistic,0.0001,0.003,0.1,0.386,99.614
50,"(7,)",tanh,0.01,0.001,0.0462,0.386,99.614
51,"(1, 4)",tanh,0.01,0.001,0.1,0.387,99.613
52,"(3, 6)",tanh,0.0001,0.001,0.1,0.388,99.612
53,"(2, 6)",logistic,0.01,0.001,0.0462,0.388,99.612
54,"(2, 7)",logistic,0.01,0.001,0.0462,0.389,99.611
55,"(7, 4)",tanh,0.0001,0.003,0.0462,0.389,99.611
56,"(1, 2)",tanh,0.0001,0.003,0.1,0.39,99.61
57,"(3, 2)",logistic,0.0001,0.001,0.0462,0.392,99.608
58,"(5, 5)",logistic,0.0001,0.003,0.1,0.393,99.607
59,"(6, 2)",tanh,0.0001,0.001,0.0462,0.393,99.607
60,"(5, 2)",logistic,0.0001,0.001,0.1,0.393,99.607
61,"(7, 5)",logistic,0.01,0.001,0.0462,0.394,99.606
62,"(4,)",tanh,0.01,0.001,0.0462,0.394,99.606
63,"(4, 5)",tanh,0.01,0.003,0.1,0.394,99.606
64,"(7,)",tanh,0.01,0.001,0.1,0.394,99.606
65,"(1, 5)",logistic,0.01,0.003,0.1,0.394,99.606
66,"(5, 7)",tanh,0.0001,0.003,0.0462,0.395,99.605
67,"(2, 5)",logistic,0.0001,0.001,0.1,0.395,99.605
68,"(5, 1)",logistic,0.0001,0.001,0.1,0.395,99.605
69,"(4, 6)",tanh,0.0001,0.001,0.1,0.395,99.605
70,"(4, 5)",logistic,0.0001,0.001,0.0462,0.395,99.605
71,"(3, 4)",logistic,0.0001,0.001,0.0462,0.396,99.604
72,"(1, 3)",logistic,0.0001,0.001,0.1,0.397,99.603
73,"(6, 4)",tanh,0.01,0.001,0.1,0.397,99.603
74,"(4, 1)",tanh,0.0001,0.003,0.1,0.397,99.603
75,"(4,)",logistic,0.0001,0.001,0.0462,0.398,99.602
76,"(3, 2)",tanh,0.0001,0.003,0.0462,0.398,99.602
77,"(1, 3)",logistic,0.0001,0.003,0.0462,0.398,99.602
78,"(2, 4)",logistic,0.0001,0.003,0.1,0.399,99.601
79,"(3, 3)",tanh,0.01,0.003,0.1,0.399,99.601
80,"(1, 2)",logistic,0.0001,0.001,0.1,0.399,99.601
81,"(4, 6)",tanh,0.01,0.001,0.1,0.399,99.601
82,"(3,)",tanh,0.01,0.001,0.1,0.399,99.601
83,"(7, 6)",logistic,0.0001,0.003,0.0462,0.4,99.6
84,"(7, 4)",tanh,0.01,0.003,0.0462,0.4,99.6
85,"(1, 7)",logistic,0.0001,0.001,0.1,0.4,99.6
86,"(7, 3)",logistic,0.0001,0.001,0.0462,0.401,99.599
87,"(6, 6)",tanh,0.01,0.003,0.0462,0.401,99.599
88,"(3, 1)",logistic,0.0001,0.001,0.1,0.401,99.599
89,"(1, 1)",tanh,0.0001,0.003,0.1,0.401,99.599
90,"(2, 1)",tanh,0.0001,0.001,0.0462,0.402,99.598
91,"(2, 7)",logistic,0.01,0.003,0.1,0.402,99.598
92,"(5, 1)",logistic,0.0001,0.003,0.0462,0.402,99.598
93,"(1, 6)",logistic,0.0001,0.001,0.0462,0.402,99.598
94,"(4, 2)",logistic,0.0001,0.003,0.0462,0.403,99.597
95,"(2, 6)",tanh,0.01,0.003,0.0462,0.403,99.597
96,"(2, 3)",logistic,0.0001,0.003,0.1,0.404,99.596
97,"(2, 7)",tanh,0.0001,0.001,0.0462,0.404,99.596
98,"(6, 3)",logistic,0.01,0.001,0.1,0.404,99.596
99,"(1, 2)",logistic,0.0001,0.001,0.0462,0.404,99.596
100,"(5, 3)",logistic,0.0001,0.001,0.0462,0.404,99.596
101,"(1, 5)",logistic,0.01,0.001,0.0462,0.404,99.596
102,"(3, 1)",tanh,0.0001,0.001,0.0462,0.405,99.595
103,"(6, 1)",tanh,0.01,0.001,0.1,0.405,99.595
104,"(5, 2)",logistic,0.0001,0.001,0.0462,0.406,99.594
105,"(5, 2)",logistic,0.0001,0.003,0.0462,0.406,99.594
106,"(1, 5)",tanh,0.01,0.003,0.0462,0.406,99.594
107,"(6,)",logistic,0.01,0.003,0.0462,0.406,99.594
108,"(4, 4)",logistic,0.0001,0.001,0.0462,0.406,99.594
109,"(5, 4)",tanh,0.01,0.001,0.1,0.407,99.593
110,"(3, 7)",logistic,0.0001,0.001,0.1,0.407,99.593
111,"(7, 5)",tanh,0.01,0.003,0.1,0.407,99.593
112,"(4, 6)",logistic,0.0001,0.003,0.0462,0.407,99.593
113,"(1, 6)",logistic,0.01,0.001,0.1,0.408,99.592
114,"(7, 2)",logistic,0.0001,0.003,0.1,0.408,99.592
115,"(4,)",tanh,0.01,0.003,0.0462,0.408,99.592
116,"(2, 7)",tanh,0.01,0.001,0.1,0.408,99.592
117,"(4, 1)",tanh,0.0001,0.003,0.0462,0.408,99.592
118,"(3, 7)",tanh,0.01,0.003,0.1,0.408,99.592
119,"(1, 7)",tanh,0.0001,0.003,0.1,0.408,99.592
120,"(4, 7)",logistic,0.0001,0.003,0.1,0.408,99.592
121,"(7, 1)",tanh,0.0001,0.003,0.0462,0.408,99.592
122,"(5, 5)",logistic,0.01,0.003,0.1,0.409,99.591
123,"(4, 1)",tanh,0.01,0.003,0.0462,0.409,99.591
124,"(2, 4)",tanh,0.01,0.001,0.0462,0.409,99.591
125,"(7, 1)",logistic,0.01,0.001,0.0462,0.409,99.591
126,"(3,)",logistic,0.0001,0.001,0.0462,0.409,99.591
127,"(1, 5)",logistic,0.0001,0.003,0.0462,0.409,99.591
128,"(3,)",logistic,0.01,0.001,0.0462,0.409,99.591
129,"(1, 7)",tanh,0.01,0.001,0.0462,0.41,99.59
130,"(4, 5)",logistic,0.0001,0.003,0.0462,0.41,99.59
131,"(6, 4)",tanh,0.0001,0.003,0.0462,0.41,99.59
132,"(1, 6)",tanh,0.0001,0.003,0.0462,0.411,99.589
133,"(2,)",tanh,0.01,0.001,0.1,0.411,99.589
134,"(5, 7)",logistic,0.01,0.001,0.1,0.411,99.589
135,"(1, 7)",logistic,0.0001,0.001,0.0462,0.411,99.589
136,"(4, 2)",tanh,0.0001,0.003,0.1,0.411,99.589
137,"(6,)",tanh,0.01,0.001,0.1,0.412,99.588
138,"(7, 4)",logistic,0.0001,0.001,0.0462,0.412,99.588
139,"(6, 6)",tanh,0.01,0.001,0.0462,0.412,99.588
140,"(2, 3)",tanh,0.01,0.003,0.0462,0.412,99.588
141,"(1, 6)",tanh,0.01,0.003,0.0462,0.412,99.588
142,"(1, 1)",logistic,0.0001,0.001,0.0462,0.412,99.588
143,"(3, 5)",tanh,0.01,0.001,0.1,0.413,99.587
144,"(2, 7)",logistic,0.0001,0.001,0.0462,0.413,99.587
145,"(6, 6)",logistic,0.01,0.001,0.1,0.413,99.587
146,"(3, 1)",tanh,0.01,0.003,0.0462,0.413,99.587
147,"(1, 3)",tanh,0.01,0.001,0.0462,0.413,99.587
148,"(4,)",logistic,0.01,0.001,0.0462,0.413,99.587
149,"(2, 5)",tanh,0.0001,0.001,0.0462,0.413,99.587
150,"(5, 7)",tanh,0.01,0.001,0.1,0.413,99.587
151,"(6, 6)",tanh,0.01,0.001,0.1,0.413,99.587
152,"(4, 5)",tanh,0.01,0.003,0.0462,0.413,99.587
153,"(5, 3)",tanh,0.01,0.003,0.0462,0.413,99.587
154,"(4, 4)",tanh,0.01,0.001,0.1,0.413,99.587
155,"(7,)",logistic,0.01,0.001,0.0462,0.414,99.586
156,"(2, 3)",tanh,0.0001,0.001,0.0462,0.414,99.586
157,"(1, 4)",logistic,0.0001,0.001,0.0462,0.414,99.586
158,"(2, 3)",tanh,0.01,0.003,0.1,0.414,99.586
159,"(5, 5)",tanh,0.0001,0.001,0.1,0.414,99.586
160,"(4, 1)",tanh,0.01,0.001,0.0462,0.414,99.586
161,"(7, 4)",tanh,0.01,0.001,0.0462,0.414,99.586
162,"(4, 5)",tanh,0.01,0.001,0.1,0.414,99.586
163,"(2, 3)",logistic,0.0001,0.003,0.0462,0.414,99.586
164,"(3, 3)",logistic,0.0001,0.003,0.0462,0.415,99.585
165,"(2, 4)",tanh,0.01,0.003,0.1,0.415,99.585
166,"(1, 7)",tanh,0.01,0.003,0.1,0.415,99.585
167,"(4, 7)",tanh,0.01,0.001,0.1,0.415,99.585
168,"(2, 2)",tanh,0.01,0.001,0.0462,0.415,99.585
169,"(1,)",tanh,0.0001,0.001,0.1,0.415,99.585
170,"(1, 5)",tanh,0.0001,0.003,0.0462,0.415,99.585
171,"(1, 1)",logistic,0.0001,0.003,0.1,0.415,99.585
172,"(1, 1)",logistic,0.01,0.003,0.1,0.416,99.584
173,"(6, 2)",logistic,0.0001,0.001,0.0462,0.416,99.584
174,"(6, 2)",tanh,0.01,0.001,0.0462,0.416,99.584
175,"(1, 7)",tanh,0.0001,0.001,0.0462,0.416,99.584
176,"(6, 1)",logistic,0.01,0.003,0.0462,0.416,99.584
177,"(5, 1)",logistic,0.01,0.001,0.0462,0.416,99.584
178,"(3, 4)",tanh,0.01,0.001,0.1,0.416,99.584
179,"(5, 1)",tanh,0.01,0.001,0.0462,0.416,99.584
180,"(1, 1)",logistic,0.01,0.003,0.0462,0.416,99.584
181,"(4, 7)",logistic,0.01,0.003,0.0462,0.416,99.584
182,"(2, 1)",tanh,0.01,0.003,0.0462,0.416,99.584
183,"(2, 2)",logistic,0.0001,0.001,0.0462,0.416,99.584
184,"(4, 2)",tanh,0.0001,0.003,0.0462,0.416,99.584
185,"(6, 7)",logistic,0.0001,0.003,0.0462,0.416,99.584
186,"(1, 3)",tanh,0.0001,0.003,0.1,0.416,99.584
187,"(2, 7)",tanh,0.01,0.003,0.1,0.417,99.583
188,"(1, 7)",logistic,0.01,0.003,0.0462,0.417,99.583
189,"(5, 1)",tanh,0.01,0.003,0.1,0.417,99.583
190,"(4, 3)",tanh,0.01,0.003,0.1,0.417,99.583
191,"(2, 7)",logistic,0.0001,0.003,0.0462,0.417,99.583
192,"(6, 2)",tanh,0.01,0.001,0.1,0.417,99.583
193,"(4, 3)",logistic,0.01,0.001,0.0462,0.417,99.583
194,"(1, 7)",logistic,0.0001,0.003,0.1,0.417,99.583
195,"(6, 3)",tanh,0.01,0.001,0.1,0.417,99.583
196,"(1, 4)",tanh,0.01,0.003,0.1,0.417,99.583
197,"(5, 3)",tanh,0.01,0.003,0.1,0.417,99.583
198,"(6, 7)",logistic,0.01,0.003,0.1,0.417,99.583
199,"(6, 5)",logistic,0.0001,0.001,0.0462,0.417,99.583
200,"(7, 7)",tanh,0.01,0.001,0.0462,0.417,99.583
201,"(4, 1)",logistic,0.0001,0.003,0.0462,0.417,99.583
202,"(7, 2)",tanh,0.01,0.003,0.1,0.417,99.583
203,"(1, 7)",logistic,0.01,0.003,0.1,0.418,99.582
204,"(3, 1)",logistic,0.0001,0.003,0.1,0.418,99.582
205,"(6, 4)",tanh,0.01,0.003,0.0462,0.418,99.582
206,"(3, 4)",tanh,0.01,0.003,0.1,0.418,99.582
207,"(1, 5)",tanh,0.01,0.001,0.1,0.418,99.582
208,"(7, 2)",tanh,0.01,0.003,0.0462,0.418,99.582
209,"(7, 1)",tanh,0.01,0.003,0.1,0.418,99.582
210,"(7, 5)",logistic,0.01,0.003,0.0462,0.418,99.582
211,"(2, 1)",logistic,0.0001,0.003,0.1,0.418,99.582
212,"(2, 5)",tanh,0.01,0.001,0.1,0.418,99.582
213,"(1, 4)",logistic,0.0001,0.003,0.0462,0.418,99.582
214,"(1, 5)",logistic,0.01,0.003,0.0462,0.418,99.582
215,"(1, 2)",tanh,0.01,0.003,0.0462,0.419,99.581
216,"(1, 3)",logistic,0.01,0.001,0.0462,0.419,99.581
217,"(6, 5)",tanh,0.0001,0.001,0.1,0.419,99.581
218,"(1, 3)",tanh,0.01,0.003,0.1,0.419,99.581
219,"(6, 5)",logistic,0.01,0.001,0.1,0.419,99.581
220,"(4, 1)",tanh,0.01,0.003,0.1,0.419,99.581
221,"(4, 1)",logistic,0.01,0.001,0.0462,0.419,99.581
222,"(1, 2)",logistic,0.01,0.003,0.0462,0.419,99.581
223,"(1, 4)",logistic,0.01,0.003,0.0462,0.419,99.581
224,"(6, 1)",tanh,0.0001,0.003,0.0462,0.419,99.581
225,"(7,)",logistic,0.01,0.003,0.1,0.419,99.581
226,"(3, 6)",logistic,0.01,0.001,0.1,0.419,99.581
227,"(6, 4)",logistic,0.01,0.003,0.0462,0.419,99.581
228,"(5, 4)",logistic,0.0001,0.001,0.1,0.419,99.581
229,"(6, 2)",logistic,0.01,0.003,0.1,0.419,99.581
230,"(6, 4)",logistic,0.01,0.001,0.1,0.419,99.581
231,"(5, 1)",tanh,0.01,0.003,0.0462,0.419,99.581
232,"(6, 2)",tanh,0.01,0.003,0.1,0.419,99.581
233,"(6, 3)",logistic,0.01,0.003,0.0462,0.419,99.581
234,"(4, 6)",logistic,0.01,0.001,0.1,0.419,99.581
235,"(6, 1)",logistic,0.01,0.003,0.1,0.419,99.581
236,"(4, 4)",logistic,0.0001,0.001,0.1,0.419,99.581
237,"(1, 5)",tanh,0.0001,0.003,0.1,0.419,99.581
238,"(7, 6)",tanh,0.01,0.001,0.1,0.419,99.581
239,"(2, 2)",tanh,0.01,0.003,0.1,0.419,99.581
240,"(2, 5)",tanh,0.01,0.003,0.1,0.419,99.581
241,"(2, 3)",tanh,0.01,0.001,0.1,0.419,99.581
242,"(7, 4)",logistic,0.01,0.001,0.1,0.419,99.581
243,"(7, 6)",logistic,0.01,0.001,0.0462,0.419,99.581
244,"(2, 1)",logistic,0.01,0.001,0.0462,0.42,99.58
245,"(4, 3)",logistic,0.01,0.001,0.1,0.42,99.58
246,"(5, 7)",logistic,0.01,0.003,0.0462,0.42,99.58
247,"(2, 1)",logistic,0.01,0.003,0.0462,0.42,99.58
248,"(6, 3)",tanh,0.01,0.003,0.0462,0.42,99.58
249,"(4, 2)",logistic,0.01,0.001,0.1,0.42,99.58
250,"(7, 1)",tanh,0.01,0.001,0.0462,0.42,99.58
251,"(3, 4)",logistic,0.01,0.003,0.1,0.42,99.58
252,"(6, 1)",tanh,0.01,0.003,0.1,0.42,99.58
253,"(6, 6)",logistic,0.01,0.003,0.1,0.42,99.58
254,"(2, 1)",tanh,0.01,0.001,0.1,0.42,99.58
255,"(1, 2)",logistic,0.01,0.003,0.1,0.42,99.58
256,"(2, 3)",logistic,0.01,0.003,0.1,0.42,99.58
257,"(1, 2)",tanh,0.01,0.001,0.0462,0.42,99.58
258,"(1, 5)",logistic,0.01,0.001,0.1,0.42,99.58
259,"(4, 4)",logistic,0.01,0.003,0.0462,0.42,99.58
260,"(4, 3)",logistic,0.01,0.003,0.1,0.42,99.58
261,"(3, 5)",logistic,0.01,0.003,0.0462,0.42,99.58
262,"(5, 4)",logistic,0.01,0.001,0.1,0.42,99.58
263,"(1, 7)",tanh,0.0001,0.003,0.0462,0.42,99.58
264,"(2,)",tanh,0.01,0.003,0.0462,0.42,99.58
265,"(6, 2)",logistic,0.01,0.003,0.0462,0.42,99.58
266,"(3, 7)",logistic,0.0001,0.003,0.0462,0.42,99.58
267,"(3, 6)",logistic,0.01,0.003,0.0462,0.42,99.58
268,"(7, 3)",logistic,0.01,0.003,0.0462,0.42,99.58
269,"(5, 4)",tanh,0.01,0.003,0.0462,0.42,99.58
270,"(2, 7)",logistic,0.01,0.001,0.1,0.42,99.58
271,"(5, 2)",logistic,0.01,0.003,0.0462,0.42,99.58
272,"(4, 1)",logistic,0.0001,0.001,0.1,0.42,99.58
273,"(1, 5)",tanh,0.01,0.001,0.0462,0.42,99.58
274,"(5, 6)",logistic,0.01,0.003,0.1,0.42,99.58
275,"(1, 6)",tanh,0.01,0.001,0.1,0.42,99.58
276,"(3, 1)",logistic,0.01,0.003,0.0462,0.42,99.58
277,"(3, 2)",logistic,0.01,0.001,0.1,0.42,99.58
278,"(5, 6)",logistic,0.01,0.003,0.0462,0.42,99.58
279,"(1, 1)",logistic,0.01,0.001,0.0462,0.42,99.58
280,"(3, 2)",logistic,0.01,0.003,0.0462,0.42,99.58
281,"(1, 6)",logistic,0.01,0.003,0.1,0.42,99.58
282,"(6, 7)",logistic,0.01,0.001,0.0462,0.42,99.58
283,"(5, 2)",logistic,0.01,0.003,0.1,0.42,99.58
284,"(1, 6)",logistic,0.01,0.001,0.0462,0.42,99.58
285,"(2, 4)",logistic,0.01,0.001,0.0462,0.42,99.58
286,"(3, 2)",tanh,0.01,0.001,0.0462,0.42,99.58
287,"(2, 4)",logistic,0.01,0.001,0.1,0.42,99.58
288,"(7, 3)",logistic,0.01,0.003,0.1,0.42,99.58
289,"(6, 7)",logistic,0.01,0.003,0.0462,0.42,99.58
290,"(1, 3)",logistic,0.01,0.003,0.0462,0.42,99.58
291,"(2, 2)",logistic,0.01,0.001,0.1,0.42,99.58
292,"(4, 2)",tanh,0.01,0.003,0.0462,0.42,99.58
293,"(5, 2)",logistic,0.01,0.001,0.1,0.42,99.58
294,"(4, 1)",logistic,0.01,0.003,0.0462,0.42,99.58
295,"(5, 5)",logistic,0.01,0.003,0.0462,0.42,99.58
296,"(7, 1)",logistic,0.01,0.003,0.0462,0.42,99.58
297,"(2, 2)",logistic,0.01,0.003,0.0462,0.42,99.58
298,"(5, 6)",tanh,0.01,0.003,0.0462,0.42,99.58
299,"(3, 3)",logistic,0.01,0.001,0.1,0.42,99.58
300,"(1, 3)",logistic,0.01,0.003,0.1,0.421,99.579
301,"(6, 1)",logistic,0.01,0.001,0.0462,0.421,99.579
302,"(2, 5)",logistic,0.01,0.003,0.0462,0.421,99.579
303,"(2, 4)",tanh,0.0001,0.001,0.1,0.421,99.579
304,"(4, 2)",logistic,0.01,0.003,0.1,0.421,99.579
305,"(1, 3)",logistic,0.01,0.001,0.1,0.421,99.579
306,"(3, 7)",logistic,0.01,0.001,0.0462,0.421,99.579
307,"(6, 1)",logistic,0.01,0.001,0.1,0.421,99.579
308,"(3, 7)",logistic,0.01,0.003,0.1,0.421,99.579
309,"(1, 4)",logistic,0.01,0.001,0.0462,0.421,99.579
310,"(5, 7)",tanh,0.01,0.003,0.1,0.421,99.579
311,"(4, 3)",logistic,0.01,0.003,0.0462,0.421,99.579
312,"(4, 1)",logistic,0.01,0.003,0.1,0.421,99.579
313,"(5, 7)",logistic,0.01,0.003,0.1,0.421,99.579
314,"(2, 1)",logistic,0.01,0.001,0.1,0.421,99.579
315,"(1,)",logistic,0.01,0.001,0.1,0.421,99.579
316,"(4, 2)",logistic,0.01,0.003,0.0462,0.421,99.579
317,"(2, 1)",tanh,0.01,0.001,0.0462,0.421,99.579
318,"(5, 4)",tanh,0.01,0.001,0.0462,0.421,99.579
319,"(2,)",logistic,0.01,0.003,0.0462,0.421,99.579
320,"(2,)",tanh,0.0001,0.001,0.1,0.421,99.579
321,"(5, 1)",logistic,0.0001,0.003,0.1,0.421,99.579
322,"(3, 2)",logistic,0.01,0.001,0.0462,0.421,99.579
323,"(5, 1)",logistic,0.01,0.001,0.1,0.421,99.579
324,"(7, 7)",logistic,0.01,0.003,0.1,0.421,99.579
325,"(7, 6)",logistic,0.01,0.003,0.0462,0.421,99.579
326,"(3, 3)",logistic,0.01,0.001,0.0462,0.421,99.579
327,"(7, 6)",logistic,0.01,0.001,0.1,0.421,99.579
328,"(1, 1)",tanh,0.01,0.003,0.1,0.421,99.579
329,"(1, 2)",logistic,0.01,0.001,0.1,0.421,99.579
330,"(4, 5)",logistic,0.01,0.001,0.1,0.421,99.579
331,"(7, 3)",logistic,0.01,0.001,0.1,0.421,99.579
332,"(2, 3)",logistic,0.0001,0.001,0.1,0.421,99.579
333,"(3, 4)",logistic,0.01,0.003,0.0462,0.421,99.579
334,"(3, 4)",logistic,0.01,0.001,0.1,0.421,99.579
335,"(2, 1)",logistic,0.01,0.003,0.1,0.421,99.579
336,"(7, 5)",logistic,0.01,0.003,0.1,0.421,99.579
337,"(6, 2)",logistic,0.01,0.001,0.1,0.421,99.579
338,"(7, 2)",tanh,0.01,0.001,0.1,0.421,99.579
339,"(6, 3)",tanh,0.01,0.001,0.0462,0.421,99.579
340,"(1, 2)",tanh,0.01,0.003,0.1,0.421,99.579
341,"(5, 4)",logistic,0.01,0.003,0.1,0.421,99.579
342,"(2, 3)",logistic,0.01,0.003,0.0462,0.421,99.579
343,"(7, 2)",logistic,0.01,0.003,0.1,0.421,99.579
344,"(5, 5)",tanh,0.01,0.003,0.1,0.421,99.579
345,"(5, 4)",logistic,0.0001,0.001,0.0462,0.421,99.579
346,"(6, 3)",logistic,0.01,0.003,0.1,0.421,99.579
347,"(2, 3)",logistic,0.01,0.001,0.1,0.421,99.579
348,"(7, 2)",logistic,0.01,0.001,0.1,0.421,99.579
349,"(1, 1)",tanh,0.01,0.003,0.0462,0.422,99.578
350,"(5, 1)",logistic,0.01,0.003,0.0462,0.422,99.578
351,"(7, 5)",tanh,0.0001,0.001,0.1,0.422,99.578
352,"(5, 5)",logistic,0.01,0.001,0.1,0.422,99.578
353,"(5,)",logistic,0.01,0.001,0.1,0.422,99.578
354,"(1, 1)",logistic,0.01,0.001,0.1,0.422,99.578
355,"(5, 5)",tanh,0.01,0.001,0.0462,0.422,99.578
356,"(1, 1)",tanh,0.01,0.001,0.0462,0.422,99.578
357,"(7, 4)",logistic,0.01,0.001,0.0462,0.422,99.578
358,"(2, 4)",logistic,0.01,0.003,0.1,0.422,99.578
359,"(3, 6)",logistic,0.01,0.001,0.0462,0.422,99.578
360,"(2, 5)",logistic,0.01,0.001,0.1,0.422,99.578
361,"(1, 4)",logistic,0.01,0.003,0.1,0.422,99.578
362,"(2, 7)",logistic,0.01,0.003,0.0462,0.422,99.578
363,"(1, 5)",logistic,0.0001,0.003,0.1,0.422,99.578
364,"(6, 4)",tanh,0.01,0.001,0.0462,0.422,99.578
365,"(3, 3)",logistic,0.01,0.003,0.1,0.422,99.578
366,"(1,)",tanh,0.01,0.001,0.1,0.422,99.578
367,"(4, 1)",logistic,0.01,0.001,0.1,0.422,99.578
368,"(7, 2)",logistic,0.01,0.003,0.0462,0.422,99.578
369,"(6, 3)",logistic,0.01,0.001,0.0462,0.422,99.578
370,"(3, 2)",tanh,0.01,0.003,0.0462,0.422,99.578
371,"(6, 5)",logistic,0.01,0.001,0.0462,0.422,99.578
372,"(1, 6)",logistic,0.01,0.003,0.0462,0.422,99.578
373,"(3, 4)",logistic,0.01,0.001,0.0462,0.422,99.578
374,"(6, 4)",logistic,0.0001,0.001,0.1,0.422,99.578
375,"(7, 4)",tanh,0.01,0.001,0.1,0.422,99.578
376,"(2, 5)",logistic,0.01,0.003,0.1,0.422,99.578
377,"(4, 4)",logistic,0.01,0.001,0.0462,0.423,99.577
378,"(5, 2)",tanh,0.01,0.003,0.1,0.423,99.577
379,"(3, 6)",tanh,0.01,0.001,0.1,0.423,99.577
380,"(1, 2)",tanh,0.0001,0.003,0.0462,0.423,99.577
381,"(5, 7)",tanh,0.0001,0.003,0.1,0.423,99.577
382,"(7, 5)",logistic,0.01,0.001,0.1,0.423,99.577
383,"(3, 2)",tanh,0.01,0.003,0.1,0.423,99.577
384,"(4,)",logistic,0.01,0.003,0.1,0.423,99.577
385,"(7, 3)",tanh,0.01,0.003,0.0462,0.423,99.577
386,"(2, 5)",logistic,0.01,0.001,0.0462,0.423,99.577
387,"(2, 2)",tanh,0.01,0.001,0.1,0.424,99.576
388,"(3, 3)",tanh,0.0001,0.003,0.0462,0.424,99.576
389,"(5, 3)",logistic,0.0001,0.003,0.1,0.424,99.576
390,"(3, 3)",tanh,0.01,0.001,0.1,0.424,99.576
391,"(2, 2)",tanh,0.0001,0.003,0.1,0.424,99.576
392,"(4, 5)",logistic,0.01,0.003,0.1,0.424,99.576
393,"(6, 4)",logistic,0.0001,0.003,0.1,0.424,99.576
394,"(3, 1)",logistic,0.0001,0.003,0.0462,0.424,99.576
395,"(5, 1)",tanh,0.01,0.001,0.1,0.424,99.576
396,"(7, 6)",tanh,0.01,0.003,0.0462,0.424,99.576
397,"(2, 4)",logistic,0.01,0.003,0.0462,0.424,99.576
398,"(2, 6)",logistic,0.01,0.001,0.1,0.424,99.576
399,"(2, 6)",tanh,0.01,0.001,0.0462,0.424,99.576
400,"(3, 5)",tanh,0.01,0.003,0.0462,0.424,99.576
401,"(4, 4)",logistic,0.0001,0.003,0.1,0.424,99.576
402,"(3, 4)",tanh,0.01,0.001,0.0462,0.425,99.575
403,"(1, 1)",tanh,0.0001,0.001,0.0462,0.425,99.575
404,"(2, 2)",logistic,0.01,0.003,0.1,0.425,99.575
405,"(4, 6)",logistic,0.01,0.001,0.0462,0.425,99.575
406,"(1, 4)",logistic,0.0001,0.003,0.1,0.425,99.575
407,"(1, 7)",tanh,0.01,0.003,0.0462,0.425,99.575
408,"(4, 2)",tanh,0.01,0.001,0.0462,0.425,99.575
409,"(1,)",logistic,0.01,0.003,0.0462,0.425,99.575
410,"(3, 2)",tanh,0.01,0.001,0.1,0.425,99.575
411,"(6, 5)",tanh,0.01,0.003,0.0462,0.425,99.575
412,"(1, 3)",tanh,0.01,0.003,0.0462,0.425,99.575
413,"(3, 7)",tanh,0.0001,0.003,0.0462,0.425,99.575
414,"(7, 1)",logistic,0.01,0.001,0.1,0.425,99.575
415,"(3, 1)",tanh,0.01,0.001,0.0462,0.425,99.575
416,"(1, 4)",tanh,0.01,0.003,0.0462,0.425,99.575
417,"(7, 1)",logistic,0.01,0.003,0.1,0.425,99.575
418,"(1,)",tanh,0.0001,0.001,0.0462,0.425,99.575
419,"(1, 7)",logistic,0.0001,0.003,0.0462,0.425,99.575
420,"(1, 7)",tanh,0.0001,0.001,0.1,0.425,99.575
421,"(7, 6)",logistic,0.0001,0.001,0.1,0.425,99.575
422,"(1, 6)",logistic,0.0001,0.001,0.1,0.425,99.575
423,"(3, 5)",logistic,0.01,0.001,0.0462,0.425,99.575
424,"(2, 1)",tanh,0.01,0.003,0.1,0.426,99.574
425,"(3, 1)",tanh,0.01,0.003,0.1,0.426,99.574
426,"(5, 1)",logistic,0.0001,0.001,0.0462,0.426,99.574
427,"(3, 4)",tanh,0.01,0.003,0.0462,0.426,99.574
428,"(1, 4)",logistic,0.0001,0.001,0.1,0.426,99.574
429,"(7, 7)",tanh,0.01,0.003,0.1,0.426,99.574
430,"(3, 4)",logistic,0.0001,0.003,0.0462,0.426,99.574
431,"(4, 6)",logistic,0.01,0.003,0.0462,0.426,99.574
432,"(2, 4)",tanh,0.01,0.003,0.0462,0.426,99.574
433,"(6, 2)",logistic,0.0001,0.001,0.1,0.426,99.574
434,"(1, 7)",logistic,0.01,0.001,0.0462,0.426,99.574
435,"(5, 5)",tanh,0.01,0.001,0.1,0.427,99.573
436,"(7, 3)",logistic,0.0001,0.001,0.1,0.427,99.573
437,"(6, 7)",tanh,0.01,0.001,0.1,0.427,99.573
438,"(5, 5)",logistic,0.01,0.001,0.0462,0.427,99.573
439,"(5, 1)",logistic,0.01,0.003,0.1,0.427,99.573
440,"(1, 1)",logistic,0.0001,0.001,0.1,0.427,99.573
441,"(2, 2)",logistic,0.01,0.001,0.0462,0.427,99.573
442,"(4, 3)",tanh,0.01,0.001,0.1,0.427,99.573
443,"(4, 2)",logistic,0.0001,0.003,0.1,0.427,99.573
444,"(1, 7)",tanh,0.01,0.001,0.1,0.427,99.573
445,"(3, 1)",logistic,0.01,0.001,0.0462,0.427,99.573
446,"(5, 4)",logistic,0.0001,0.003,0.1,0.428,99.572
447,"(5, 1)",tanh,0.0001,0.001,0.0462,0.428,99.572
448,"(7, 5)",tanh,0.01,0.001,0.1,0.428,99.572
449,"(7, 5)",tanh,0.01,0.003,0.0462,0.428,99.572
450,"(7, 3)",tanh,0.0001,0.001,0.1,0.428,99.572
451,"(6, 1)",tanh,0.01,0.001,0.0462,0.428,99.572
452,"(2, 1)",logistic,0.0001,0.003,0.0462,0.428,99.572
453,"(6, 3)",tanh,0.01,0.003,0.1,0.428,99.572
454,"(6, 5)",tanh,0.01,0.003,0.1,0.428,99.572
455,"(7, 4)",logistic,0.0001,0.001,0.1,0.428,99.572
456,"(4, 2)",tanh,0.01,0.003,0.1,0.428,99.572
457,"(2, 1)",tanh,0.0001,0.003,0.0462,0.428,99.572
458,"(5, 3)",logistic,0.01,0.003,0.1,0.429,99.571
459,"(4, 4)",tanh,0.01,0.001,0.0462,0.429,99.571
460,"(2,)",logistic,0.01,0.001,0.0462,0.429,99.571
461,"(7, 6)",logistic,0.0001,0.001,0.0462,0.429,99.571
462,"(7, 6)",tanh,0.01,0.001,0.0462,0.429,99.571
463,"(4, 7)",logistic,0.01,0.001,0.1,0.429,99.571
464,"(5,)",tanh,0.01,0.003,0.0462,0.429,99.571
465,"(7, 1)",logistic,0.0001,0.003,0.1,0.43,99.57
466,"(2, 2)",tanh,0.01,0.003,0.0462,0.43,99.57
467,"(4, 7)",logistic,0.01,0.003,0.1,0.43,99.57
468,"(1,)",logistic,0.01,0.003,0.1,0.43,99.57
469,"(5,)",logistic,0.01,0.001,0.0462,0.43,99.57
470,"(4, 3)",logistic,0.0001,0.003,0.1,0.431,99.569
471,"(5, 5)",tanh,0.01,0.003,0.0462,0.431,99.569
472,"(7, 1)",tanh,0.01,0.003,0.0462,0.431,99.569
473,"(4, 6)",logistic,0.01,0.003,0.1,0.431,99.569
474,"(3, 1)",logistic,0.0001,0.001,0.0462,0.431,99.569
475,"(1, 3)",logistic,0.0001,0.001,0.0462,0.431,99.569
476,"(1,)",logistic,0.01,0.001,0.0462,0.431,99.569
477,"(2, 7)",tanh,0.01,0.001,0.0462,0.432,99.568
478,"(5,)",logistic,0.01,0.003,0.0462,0.432,99.568
479,"(7, 7)",logistic,0.0001,0.001,0.1,0.432,99.568
480,"(2, 5)",logistic,0.0001,0.001,0.0462,0.432,99.568
481,"(6, 1)",tanh,0.01,0.003,0.0462,0.432,99.568
482,"(4, 7)",tanh,0.0001,0.003,0.0462,0.432,99.568
483,"(4, 5)",tanh,0.0001,0.001,0.0462,0.432,99.568
484,"(2, 6)",tanh,0.01,0.003,0.1,0.432,99.568
485,"(7, 7)",tanh,0.01,0.001,0.1,0.433,99.567
486,"(6, 7)",tanh,0.01,0.001,0.0462,0.433,99.567
487,"(3, 2)",logistic,0.01,0.003,0.1,0.433,99.567
488,"(3, 7)",tanh,0.01,0.003,0.0462,0.433,99.567
489,"(3, 5)",tanh,0.0001,0.001,0.0462,0.433,99.567
490,"(2, 7)",logistic,0.0001,0.003,0.1,0.433,99.567
491,"(3, 7)",tanh,0.0001,0.003,0.1,0.433,99.567
492,"(1, 5)",tanh,0.01,0.003,0.1,0.433,99.567
493,"(4, 6)",tanh,0.01,0.003,0.0462,0.433,99.567
494,"(5, 4)",logistic,0.01,0.003,0.0462,0.434,99.566
495,"(1, 4)",tanh,0.0001,0.003,0.0462,0.434,99.566
496,"(7, 5)",logistic,0.0001,0.003,0.1,0.434,99.566
497,"(1, 6)",tanh,0.0001,0.001,0.1,0.434,99.566
498,"(6, 5)",tanh,0.01,0.001,0.1,0.434,99.566
499,"(3, 5)",tanh,0.01,0.003,0.1,0.434,99.566
500,"(7, 4)",logistic,0.01,0.003,0.1,0.434,99.566
501,"(5, 3)",logistic,0.01,0.001,0.1,0.434,99.566
502,"(5, 3)",logistic,0.0001,0.001,0.1,0.434,99.566
503,"(6, 2)",tanh,0.01,0.003,0.0462,0.435,99.565
504,"(5, 3)",tanh,0.01,0.001,0.0462,0.435,99.565
505,"(7, 5)",logistic,0.0001,0.003,0.0462,0.435,99.565
506,"(6, 7)",tanh,0.01,0.003,0.0462,0.435,99.565
507,"(5, 3)",logistic,0.01,0.001,0.0462,0.435,99.565
508,"(7, 7)",tanh,0.01,0.003,0.0462,0.435,99.565
509,"(5, 3)",tanh,0.01,0.001,0.1,0.435,99.565
510,"(6, 7)",logistic,0.0001,0.001,0.0462,0.435,99.565
511,"(3, 3)",logistic,0.01,0.003,0.0462,0.436,99.564
512,"(5, 7)",logistic,0.0001,0.003,0.1,0.436,99.564
513,"(7, 4)",logistic,0.0001,0.003,0.1,0.436,99.564
514,"(4, 6)",tanh,0.01,0.001,0.0462,0.436,99.564
515,"(5, 4)",tanh,0.01,0.003,0.1,0.437,99.563
516,"(3, 1)",logistic,0.01,0.003,0.1,0.437,99.563
517,"(2, 5)",logistic,0.0001,0.003,0.1,0.437,99.563
518,"(5, 6)",tanh,0.01,0.003,0.1,0.437,99.563
519,"(5,)",tanh,0.0001,0.003,0.0462,0.437,99.563
520,"(5, 1)",tanh,0.0001,0.003,0.1,0.437,99.563
521,"(1, 7)",logistic,0.01,0.001,0.1,0.437,99.563
522,"(2, 5)",tanh,0.01,0.001,0.0462,0.437,99.563
523,"(6,)",tanh,0.01,0.001,0.0462,0.438,99.562
524,"(2, 1)",logistic,0.0001,0.001,0.1,0.438,99.562
525,"(1,)",tanh,0.01,0.003,0.0462,0.438,99.562
526,"(5, 7)",logistic,0.0001,0.003,0.0462,0.438,99.562
527,"(1,)",tanh,0.01,0.001,0.0462,0.439,99.561
528,"(3, 5)",logistic,0.0001,0.001,0.0462,0.439,99.561
529,"(6, 7)",logistic,0.01,0.001,0.1,0.439,99.561
530,"(3, 7)",tanh,0.01,0.001,0.1,0.439,99.561
531,"(3,)",logistic,0.0001,0.001,0.1,0.439,99.561
532,"(5, 7)",logistic,0.0001,0.001,0.1,0.439,99.561
533,"(2, 6)",logistic,0.01,0.003,0.1,0.439,99.561
534,"(3,)",tanh,0.01,0.003,0.0462,0.439,99.561
535,"(2, 4)",tanh,0.01,0.001,0.1,0.44,99.56
536,"(6, 3)",logistic,0.0001,0.003,0.0462,0.44,99.56
537,"(3, 3)",tanh,0.01,0.003,0.0462,0.44,99.56
538,"(3,)",logistic,0.01,0.003,0.0462,0.44,99.56
539,"(7, 3)",tanh,0.01,0.001,0.0462,0.44,99.56
540,"(2, 5)",tanh,0.0001,0.003,0.1,0.44,99.56
541,"(1, 4)",logistic,0.01,0.001,0.1,0.44,99.56
542,"(1, 2)",logistic,0.0001,0.003,0.0462,0.441,99.559
543,"(4, 7)",tanh,0.01,0.003,0.1,0.441,99.559
544,"(5, 4)",tanh,0.0001,0.003,0.1,0.441,99.559
545,"(7, 7)",logistic,0.01,0.001,0.0462,0.441,99.559
546,"(6, 1)",logistic,0.0001,0.003,0.0462,0.441,99.559
547,"(6, 5)",logistic,0.0001,0.001,0.1,0.441,99.559
548,"(2, 6)",logistic,0.0001,0.003,0.0462,0.441,99.559
549,"(6, 2)",tanh,0.0001,0.001,0.1,0.441,99.559
550,"(3, 6)",logistic,0.0001,0.003,0.1,0.442,99.558
551,"(6, 7)",tanh,0.01,0.003,0.1,0.442,99.558
552,"(6, 3)",logistic,0.0001,0.001,0.0462,0.442,99.558
553,"(3, 6)",tanh,0.01,0.001,0.0462,0.443,99.557
554,"(5, 7)",tanh,0.01,0.003,0.0462,0.443,99.557
555,"(7, 3)",logistic,0.0001,0.003,0.1,0.443,99.557
556,"(2, 6)",logistic,0.0001,0.003,0.1,0.443,99.557
557,"(7, 7)",logistic,0.0001,0.003,0.0462,0.443,99.557
558,"(1, 3)",tanh,0.0001,0.001,0.1,0.443,99.557
559,"(3, 1)",tanh,0.01,0.001,0.1,0.443,99.557
560,"(4, 4)",logistic,0.0001,0.003,0.0462,0.443,99.557
561,"(2, 6)",logistic,0.0001,0.001,0.1,0.443,99.557
562,"(7,)",logistic,0.0001,0.003,0.1,0.443,99.557
563,"(2, 4)",logistic,0.0001,0.001,0.0462,0.444,99.556
564,"(1, 4)",tanh,0.0001,0.001,0.0462,0.444,99.556
565,"(1, 6)",tanh,0.0001,0.001,0.0462,0.444,99.556
566,"(4, 6)",logistic,0.0001,0.001,0.1,0.444,99.556
567,"(4, 1)",logistic,0.0001,0.003,0.1,0.444,99.556
568,"(6, 1)",logistic,0.0001,0.001,0.1,0.444,99.556
569,"(7, 2)",tanh,0.01,0.001,0.0462,0.445,99.555
570,"(6,)",logistic,0.01,0.001,0.1,0.445,99.555
571,"(3, 7)",tanh,0.01,0.001,0.0462,0.445,99.555
572,"(3, 6)",logistic,0.01,0.003,0.1,0.445,99.555
573,"(1, 4)",tanh,0.01,0.001,0.0462,0.445,99.555
574,"(5, 6)",tanh,0.01,0.001,0.0462,0.445,99.555
575,"(1, 1)",tanh,0.01,0.001,0.1,0.445,99.555
576,"(3, 7)",logistic,0.01,0.001,0.1,0.446,99.554
577,"(5, 1)",tanh,0.0001,0.001,0.1,0.446,99.554
578,"(1,)",logistic,0.0001,0.001,0.1,0.446,99.554
579,"(6, 6)",logistic,0.01,0.003,0.0462,0.446,99.554
580,"(6, 1)",logistic,0.0001,0.001,0.0462,0.446,99.554
581,"(2, 6)",tanh,0.0001,0.003,0.0462,0.446,99.554
582,"(3, 6)",tanh,0.01,0.003,0.0462,0.447,99.553
583,"(4, 6)",tanh,0.0001,0.003,0.1,0.447,99.553
584,"(3, 3)",logistic,0.0001,0.003,0.1,0.447,99.553
585,"(2, 2)",logistic,0.0001,0.003,0.1,0.447,99.553
586,"(7, 6)",logistic,0.01,0.003,0.1,0.448,99.552
587,"(4, 2)",logistic,0.01,0.001,0.0462,0.448,99.552
588,"(4, 7)",logistic,0.0001,0.001,0.1,0.448,99.552
589,"(5, 4)",logistic,0.0001,0.003,0.0462,0.448,99.552
590,"(7, 1)",tanh,0.0001,0.001,0.1,0.448,99.552
591,"(4, 6)",logistic,0.0001,0.003,0.1,0.448,99.552
592,"(5, 2)",logistic,0.01,0.001,0.0462,0.449,99.551
593,"(4, 1)",tanh,0.01,0.001,0.1,0.449,99.551
594,"(5, 2)",tanh,0.01,0.003,0.0462,0.449,99.551
595,"(4, 3)",tanh,0.01,0.003,0.0462,0.449,99.551
596,"(2, 4)",logistic,0.0001,0.003,0.0462,0.449,99.551
597,"(7, 1)",tanh,0.01,0.001,0.1,0.449,99.551
598,"(1,)",logistic,0.0001,0.001,0.0462,0.45,99.55
599,"(4, 6)",tanh,0.0001,0.003,0.0462,0.45,99.55
600,"(6, 2)",logistic,0.0001,0.003,0.0462,0.45,99.55
601,"(6, 2)",logistic,0.0001,0.003,0.1,0.45,99.55
602,"(2, 6)",tanh,0.0001,0.003,0.1,0.45,99.55
603,"(2, 6)",tanh,0.01,0.001,0.1,0.45,99.55
604,"(1, 2)",logistic,0.01,0.001,0.0462,0.45,99.55
605,"(5, 5)",logistic,0.0001,0.001,0.0462,0.451,99.549
606,"(6, 2)",logistic,0.01,0.001,0.0462,0.451,99.549
607,"(7, 7)",logistic,0.0001,0.001,0.0462,0.451,99.549
608,"(5, 5)",logistic,0.0001,0.003,0.0462,0.451,99.549
609,"(2, 5)",tanh,0.0001,0.001,0.1,0.452,99.548
610,"(2, 2)",logistic,0.0001,0.003,0.0462,0.452,99.548
611,"(4, 4)",logistic,0.01,0.001,0.1,0.452,99.548
612,"(4, 2)",logistic,0.0001,0.001,0.1,0.452,99.548
613,"(1, 3)",tanh,0.01,0.001,0.1,0.453,99.547
614,"(5, 2)",logistic,0.0001,0.003,0.1,0.453,99.547
615,"(3, 7)",logistic,0.0001,0.003,0.1,0.453,99.547
616,"(2,)",logistic,0.01,0.001,0.1,0.453,99.547
617,"(2, 6)",logistic,0.01,0.003,0.0462,0.454,99.546
618,"(6, 6)",logistic,0.01,0.001,0.0462,0.454,99.546
619,"(2,)",tanh,0.01,0.001,0.0462,0.455,99.545
620,"(4,)",tanh,0.01,0.003,0.1,0.455,99.545
621,"(4,)",logistic,0.0001,0.001,0.1,0.455,99.545
622,"(6, 5)",tanh,0.01,0.001,0.0462,0.455,99.545
623,"(5, 4)",logistic,0.01,0.001,0.0462,0.455,99.545
624,"(5, 2)",tanh,0.01,0.001,0.0462,0.456,99.544
625,"(4, 2)",tanh,0.01,0.001,0.1,0.456,99.544
626,"(5, 7)",logistic,0.01,0.001,0.0462,0.456,99.544
627,"(7, 3)",tanh,0.01,0.003,0.1,0.456,99.544
628,"(7, 5)",tanh,0.01,0.001,0.0462,0.456,99.544
629,"(4, 7)",logistic,0.0001,0.001,0.0462,0.457,99.543
630,"(3, 3)",logistic,0.0001,0.001,0.1,0.457,99.543
631,"(2, 7)",tanh,0.0001,0.003,0.1,0.457,99.543
632,"(1, 6)",tanh,0.01,0.003,0.1,0.458,99.542
633,"(1, 6)",logistic,0.0001,0.003,0.0462,0.458,99.542
634,"(5, 4)",tanh,0.0001,0.003,0.0462,0.458,99.542
635,"(2, 3)",tanh,0.0001,0.003,0.0462,0.459,99.541
636,"(4, 6)",tanh,0.01,0.003,0.1,0.459,99.541
637,"(2, 5)",tanh,0.01,0.003,0.0462,0.459,99.541
638,"(7, 7)",logistic,0.01,0.001,0.1,0.459,99.541
639,"(7, 4)",tanh,0.01,0.003,0.1,0.459,99.541
640,"(2,)",logistic,0.01,0.003,0.1,0.459,99.541
641,"(6, 6)",logistic,0.0001,0.003,0.1,0.461,99.539
642,"(4, 3)",tanh,0.0001,0.001,0.0462,0.461,99.539
643,"(6, 4)",logistic,0.01,0.001,0.0462,0.461,99.539
644,"(3, 5)",tanh,0.0001,0.003,0.1,0.462,99.538
645,"(3,)",tanh,0.01,0.003,0.1,0.462,99.538
646,"(5, 6)",tanh,0.0001,0.001,0.1,0.462,99.538
647,"(3,)",logistic,0.01,0.003,0.1,0.462,99.538
648,"(4, 4)",logistic,0.01,0.003,0.1,0.462,99.538
649,"(5, 5)",tanh,0.0001,0.003,0.0462,0.463,99.537
650,"(7, 3)",tanh,0.0001,0.003,0.1,0.463,99.537
651,"(6,)",logistic,0.01,0.001,0.0462,0.464,99.536
652,"(1, 3)",logistic,0.0001,0.003,0.1,0.464,99.536
653,"(3, 3)",tanh,0.01,0.001,0.0462,0.464,99.536
654,"(4, 7)",tanh,0.01,0.001,0.0462,0.465,99.535
655,"(3, 5)",tanh,0.01,0.001,0.0462,0.466,99.534
656,"(4, 7)",logistic,0.0001,0.003,0.0462,0.466,99.534
657,"(6, 7)",tanh,0.0001,0.003,0.1,0.466,99.534
658,"(5, 6)",logistic,0.0001,0.003,0.1,0.467,99.533
659,"(4,)",logistic,0.01,0.003,0.0462,0.467,99.533
660,"(5, 7)",tanh,0.0001,0.001,0.1,0.467,99.533
661,"(7, 4)",tanh,0.0001,0.001,0.1,0.467,99.533
662,"(3, 5)",logistic,0.01,0.003,0.1,0.468,99.532
663,"(3, 4)",logistic,0.0001,0.001,0.1,0.468,99.532
664,"(2, 4)",logistic,0.0001,0.001,0.1,0.469,99.531
665,"(3, 5)",logistic,0.0001,0.003,0.1,0.469,99.531
666,"(4, 3)",logistic,0.0001,0.001,0.0462,0.469,99.531
667,"(3, 1)",logistic,0.01,0.001,0.1,0.469,99.531
668,"(7, 5)",tanh,0.0001,0.001,0.0462,0.47,99.53
669,"(2, 7)",tanh,0.01,0.003,0.0462,0.47,99.53
670,"(1, 2)",tanh,0.01,0.001,0.1,0.47,99.53
671,"(2, 5)",tanh,0.0001,0.003,0.0462,0.471,99.529
672,"(6, 5)",logistic,0.0001,0.003,0.0462,0.471,99.529
673,"(2, 6)",tanh,0.0001,0.001,0.0462,0.472,99.528
674,"(3, 2)",tanh,0.0001,0.003,0.1,0.472,99.528
675,"(7, 2)",logistic,0.01,0.001,0.0462,0.474,99.526
676,"(2, 3)",tanh,0.01,0.001,0.0462,0.474,99.526
677,"(4, 4)",tanh,0.0001,0.003,0.1,0.475,99.525
678,"(2, 6)",logistic,0.0001,0.001,0.0462,0.475,99.525
679,"(6, 6)",logistic,0.0001,0.001,0.0462,0.475,99.525
680,"(5, 2)",tanh,0.0001,0.003,0.1,0.476,99.524
681,"(2, 7)",logistic,0.0001,0.001,0.1,0.476,99.524
682,"(5,)",tanh,0.01,0.001,0.1,0.476,99.524
683,"(4, 3)",tanh,0.0001,0.003,0.0462,0.476,99.524
684,"(1, 3)",tanh,0.0001,0.001,0.0462,0.477,99.523
685,"(5, 6)",logistic,0.01,0.001,0.1,0.477,99.523
686,"(1, 4)",tanh,0.0001,0.001,0.1,0.477,99.523
687,"(7, 3)",tanh,0.0001,0.003,0.0462,0.477,99.523
688,"(7, 7)",logistic,0.01,0.003,0.0462,0.478,99.522
689,"(5, 7)",tanh,0.0001,0.001,0.0462,0.478,99.522
690,"(3, 1)",tanh,0.0001,0.003,0.1,0.478,99.522
691,"(1, 2)",tanh,0.0001,0.001,0.0462,0.478,99.522
692,"(4, 2)",logistic,0.0001,0.001,0.0462,0.478,99.522
693,"(6, 1)",logistic,0.0001,0.003,0.1,0.478,99.522
694,"(6,)",logistic,0.0001,0.001,0.1,0.479,99.521
695,"(4, 7)",logistic,0.01,0.001,0.0462,0.479,99.521
696,"(7, 2)",logistic,0.0001,0.001,0.1,0.479,99.521
697,"(7, 7)",logistic,0.0001,0.003,0.1,0.479,99.521
698,"(5, 7)",tanh,0.01,0.001,0.0462,0.48,99.52
699,"(6, 3)",logistic,0.0001,0.003,0.1,0.48,99.52
700,"(7, 5)",tanh,0.0001,0.003,0.1,0.48,99.52
701,"(1,)",logistic,0.0001,0.003,0.0462,0.481,99.519
702,"(7,)",tanh,0.0001,0.001,0.1,0.482,99.518
703,"(6, 5)",logistic,0.0001,0.003,0.1,0.482,99.518
704,"(1, 1)",logistic,0.0001,0.003,0.0462,0.483,99.517
705,"(7, 7)",tanh,0.0001,0.001,0.1,0.483,99.517
706,"(4, 5)",logistic,0.0001,0.003,0.1,0.483,99.517
707,"(1, 2)",tanh,0.0001,0.001,0.1,0.484,99.516
708,"(2, 7)",tanh,0.0001,0.001,0.1,0.484,99.516
709,"(4, 4)",tanh,0.01,0.003,0.1,0.485,99.515
710,"(4, 5)",logistic,0.01,0.003,0.0462,0.485,99.515
711,"(1, 5)",logistic,0.0001,0.001,0.0462,0.485,99.515
712,"(4, 5)",logistic,0.0001,0.001,0.1,0.485,99.515
713,"(3, 6)",logistic,0.0001,0.001,0.0462,0.485,99.515
714,"(2, 3)",tanh,0.0001,0.003,0.1,0.486,99.514
715,"(3, 5)",tanh,0.0001,0.003,0.0462,0.486,99.514
716,"(2, 1)",tanh,0.0001,0.003,0.1,0.486,99.514
717,"(3, 6)",logistic,0.0001,0.001,0.1,0.487,99.513
718,"(2, 1)",logistic,0.0001,0.001,0.0462,0.487,99.513
719,"(7, 2)",logistic,0.0001,0.001,0.0462,0.487,99.513
720,"(7, 4)",tanh,0.0001,0.003,0.1,0.487,99.513
721,"(3, 3)",tanh,0.0001,0.003,0.1,0.488,99.512
722,"(4,)",tanh,0.01,0.001,0.1,0.488,99.512
723,"(7, 3)",logistic,0.0001,0.003,0.0462,0.489,99.511
724,"(4, 5)",tanh,0.0001,0.001,0.1,0.49,99.51
725,"(2, 2)",tanh,0.0001,0.003,0.0462,0.491,99.509
726,"(7, 5)",logistic,0.0001,0.001,0.0462,0.492,99.508
727,"(7, 5)",logistic,0.0001,0.001,0.1,0.493,99.507
728,"(4, 7)",tanh,0.01,0.003,0.0462,0.493,99.507
729,"(3, 3)",tanh,0.0001,0.001,0.1,0.493,99.507
730,"(6, 5)",logistic,0.01,0.003,0.0462,0.494,99.506
731,"(4, 3)",logistic,0.0001,0.003,0.0462,0.494,99.506
732,"(4, 4)",tanh,0.01,0.003,0.0462,0.495,99.505
733,"(7, 6)",logistic,0.0001,0.003,0.1,0.495,99.505
734,"(4, 4)",tanh,0.0001,0.001,0.0462,0.496,99.504
735,"(6, 4)",logistic,0.0001,0.003,0.0462,0.498,99.502
736,"(7,)",logistic,0.01,0.001,0.1,0.499,99.501
737,"(6, 6)",tanh,0.0001,0.001,0.1,0.499,99.501
738,"(5, 5)",logistic,0.0001,0.001,0.1,0.5,99.5
739,"(7, 3)",logistic,0.01,0.001,0.0462,0.501,99.499
740,"(5, 3)",tanh,0.0001,0.003,0.1,0.501,99.499
741,"(7, 7)",tanh,0.0001,0.001,0.0462,0.505,99.495
742,"(5, 6)",logistic,0.01,0.001,0.0462,0.506,99.494
743,"(5, 2)",tanh,0.0001,0.003,0.0462,0.506,99.494
744,"(4, 6)",tanh,0.0001,0.001,0.0462,0.506,99.494
745,"(7, 1)",tanh,0.0001,0.001,0.0462,0.506,99.494
746,"(3, 3)",logistic,0.0001,0.001,0.0462,0.507,99.493
747,"(7, 1)",logistic,0.0001,0.001,0.0462,0.508,99.492
748,"(5, 3)",logistic,0.0001,0.003,0.0462,0.508,99.492
749,"(4, 4)",tanh,0.0001,0.003,0.0462,0.508,99.492
750,"(3, 2)",logistic,0.0001,0.001,0.1,0.509,99.491
751,"(3,)",logistic,0.01,0.001,0.1,0.509,99.491
752,"(5, 6)",logistic,0.0001,0.003,0.0462,0.51,99.49
753,"(2, 3)",logistic,0.01,0.001,0.0462,0.51,99.49
754,"(3,)",tanh,0.0001,0.001,0.0462,0.512,99.488
755,"(4, 5)",logistic,0.01,0.001,0.0462,0.512,99.488
756,"(4, 6)",logistic,0.0001,0.001,0.0462,0.513,99.487
757,"(7, 2)",tanh,0.0001,0.001,0.0462,0.513,99.487
758,"(3, 6)",tanh,0.0001,0.003,0.0462,0.514,99.486
759,"(7, 6)",tanh,0.0001,0.001,0.0462,0.514,99.486
760,"(5, 6)",tanh,0.0001,0.001,0.0462,0.515,99.485
761,"(5,)",logistic,0.01,0.003,0.1,0.515,99.485
762,"(1, 1)",tanh,0.0001,0.003,0.0462,0.516,99.484
763,"(3, 6)",logistic,0.0001,0.003,0.0462,0.517,99.483
764,"(2,)",logistic,0.0001,0.001,0.1,0.518,99.482
765,"(7, 3)",tanh,0.01,0.001,0.1,0.518,99.482
766,"(4,)",logistic,0.0001,0.003,0.1,0.518,99.482
767,"(3, 7)",logistic,0.01,0.003,0.0462,0.519,99.481
768,"(5, 6)",logistic,0.0001,0.001,0.1,0.52,99.48
769,"(6,)",tanh,0.01,0.003,0.1,0.52,99.48
770,"(6, 7)",logistic,0.0001,0.001,0.1,0.52,99.48
771,"(4, 5)",tanh,0.0001,0.003,0.0462,0.52,99.48
772,"(5,)",logistic,0.0001,0.001,0.1,0.521,99.479
773,"(1, 6)",tanh,0.0001,0.003,0.1,0.521,99.479
774,"(7,)",logistic,0.0001,0.001,0.1,0.522,99.478
775,"(3,)",logistic,0.0001,0.003,0.1,0.525,99.475
776,"(3, 5)",logistic,0.0001,0.003,0.0462,0.525,99.475
777,"(1, 3)",tanh,0.0001,0.003,0.0462,0.526,99.474
778,"(2,)",logistic,0.0001,0.003,0.1,0.526,99.474
779,"(6, 6)",tanh,0.01,0.003,0.1,0.528,99.472
780,"(7, 2)",tanh,0.0001,0.001,0.1,0.528,99.472
781,"(7,)",logistic,0.0001,0.003,0.0462,0.53,99.47
782,"(6, 5)",logistic,0.01,0.003,0.1,0.53,99.47
783,"(3, 4)",tanh,0.0001,0.001,0.1,0.531,99.469
784,"(6, 6)",tanh,0.0001,0.001,0.0462,0.531,99.469
785,"(7, 6)",tanh,0.0001,0.003,0.1,0.531,99.469
786,"(1, 2)",logistic,0.0001,0.003,0.1,0.534,99.466
787,"(6, 6)",tanh,0.0001,0.003,0.0462,0.538,99.462
788,"(5, 6)",tanh,0.0001,0.003,0.0462,0.539,99.461
789,"(7, 3)",tanh,0.0001,0.001,0.0462,0.539,99.461
790,"(5, 3)",tanh,0.0001,0.003,0.0462,0.54,99.46
791,"(2,)",tanh,0.0001,0.003,0.1,0.54,99.46
792,"(3, 1)",tanh,0.0001,0.001,0.1,0.542,99.458
793,"(3, 4)",tanh,0.0001,0.003,0.1,0.544,99.456
794,"(6, 7)",logistic,0.0001,0.003,0.1,0.544,99.456
795,"(3, 5)",tanh,0.0001,0.001,0.1,0.545,99.455
796,"(6,)",logistic,0.01,0.003,0.1,0.545,99.455
797,"(3,)",tanh,0.0001,0.003,0.0462,0.546,99.454
798,"(6, 4)",tanh,0.0001,0.001,0.1,0.548,99.452
799,"(3, 5)",logistic,0.0001,0.001,0.1,0.548,99.452
800,"(2,)",tanh,0.0001,0.003,0.0462,0.549,99.451
801,"(3, 2)",logistic,0.0001,0.003,0.0462,0.549,99.451
802,"(1, 4)",tanh,0.0001,0.003,0.1,0.552,99.448
803,"(3,)",tanh,0.0001,0.001,0.1,0.552,99.448
804,"(4, 3)",tanh,0.0001,0.003,0.1,0.553,99.447
805,"(7, 4)",logistic,0.0001,0.003,0.0462,0.554,99.446
806,"(4,)",logistic,0.01,0.001,0.1,0.555,99.445
807,"(1, 6)",tanh,0.01,0.001,0.0462,0.557,99.443
808,"(7, 2)",tanh,0.0001,0.003,0.1,0.558,99.442
809,"(6, 4)",logistic,0.0001,0.001,0.0462,0.563,99.437
810,"(6, 3)",tanh,0.0001,0.001,0.0462,0.564,99.436
811,"(7, 1)",logistic,0.0001,0.001,0.1,0.565,99.435
812,"(6, 4)",tanh,0.01,0.003,0.1,0.567,99.433
813,"(2,)",logistic,0.0001,0.001,0.0462,0.572,99.428
814,"(6, 7)",tanh,0.0001,0.001,0.1,0.573,99.427
815,"(6, 2)",tanh,0.0001,0.003,0.1,0.573,99.427
816,"(2,)",tanh,0.0001,0.001,0.0462,0.576,99.424
817,"(5, 2)",tanh,0.0001,0.001,0.1,0.578,99.422
818,"(4,)",tanh,0.0001,0.001,0.1,0.579,99.421
819,"(4,)",tanh,0.0001,0.003,0.1,0.58,99.42
820,"(6, 1)",tanh,0.0001,0.001,0.0462,0.58,99.42
821,"(5, 5)",tanh,0.0001,0.001,0.0462,0.581,99.419
822,"(6, 7)",tanh,0.0001,0.001,0.0462,0.581,99.419
823,"(4, 1)",tanh,0.0001,0.001,0.1,0.581,99.419
824,"(6,)",tanh,0.0001,0.001,0.0462,0.582,99.418
825,"(4, 5)",tanh,0.0001,0.003,0.1,0.583,99.417
826,"(6,)",logistic,0.0001,0.001,0.0462,0.583,99.417
827,"(2, 4)",tanh,0.0001,0.001,0.0462,0.586,99.414
828,"(2, 1)",tanh,0.0001,0.001,0.1,0.587,99.413
829,"(5,)",logistic,0.0001,0.003,0.0462,0.588,99.412
830,"(6, 3)",tanh,0.0001,0.003,0.1,0.588,99.412
831,"(3, 6)",tanh,0.01,0.003,0.1,0.59,99.41
832,"(6, 5)",tanh,0.0001,0.001,0.0462,0.591,99.409
833,"(4,)",tanh,0.0001,0.003,0.0462,0.592,99.408
834,"(4, 7)",tanh,0.0001,0.003,0.1,0.592,99.408
835,"(1,)",logistic,0.0001,0.003,0.1,0.598,99.402
836,"(3, 2)",tanh,0.0001,0.001,0.1,0.598,99.402
837,"(2, 5)",logistic,0.0001,0.003,0.0462,0.599,99.401
838,"(2, 3)",tanh,0.0001,0.001,0.1,0.601,99.399
839,"(4, 2)",tanh,0.0001,0.001,0.0462,0.603,99.397
840,"(3, 4)",logistic,0.0001,0.003,0.1,0.604,99.396
841,"(7, 1)",logistic,0.0001,0.003,0.0462,0.607,99.393
842,"(1,)",tanh,0.0001,0.003,0.0462,0.607,99.393
843,"(5,)",logistic,0.0001,0.003,0.1,0.607,99.393
844,"(1,)",tanh,0.01,0.003,0.1,0.612,99.388
845,"(7, 4)",tanh,0.0001,0.001,0.0462,0.612,99.388
846,"(3, 4)",tanh,0.0001,0.003,0.0462,0.612,99.388
847,"(3, 7)",logistic,0.0001,0.001,0.0462,0.615,99.385
848,"(6, 4)",tanh,0.0001,0.003,0.1,0.616,99.384
849,"(3, 2)",tanh,0.0001,0.001,0.0462,0.621,99.379
850,"(6, 6)",logistic,0.0001,0.003,0.0462,0.622,99.378
851,"(5, 4)",tanh,0.0001,0.001,0.0462,0.624,99.376
852,"(5, 3)",tanh,0.0001,0.001,0.1,0.631,99.369
853,"(5,)",tanh,0.0001,0.001,0.0462,0.635,99.365
854,"(6,)",tanh,0.0001,0.003,0.1,0.637,99.363
855,"(2, 4)",tanh,0.0001,0.003,0.1,0.638,99.362
856,"(6,)",tanh,0.0001,0.003,0.0462,0.652,99.348
857,"(7, 5)",tanh,0.0001,0.003,0.0462,0.653,99.347
858,"(7,)",tanh,0.0001,0.003,0.1,0.656,99.344
859,"(3, 6)",tanh,0.0001,0.003,0.1,0.657,99.343
860,"(7, 6)",tanh,0.0001,0.003,0.0462,0.662,99.338
861,"(7,)",logistic,0.0001,0.001,0.0462,0.664,99.336
862,"(3, 7)",tanh,0.0001,0.001,0.0462,0.667,99.333
863,"(1, 1)",tanh,0.0001,0.001,0.1,0.673,99.327
864,"(2, 2)",tanh,0.0001,0.001,0.1,0.673,99.327
865,"(7, 6)",tanh,0.0001,0.001,0.1,0.677,99.323
866,"(6, 3)",tanh,0.0001,0.003,0.0462,0.684,99.316
867,"(2, 7)",tanh,0.0001,0.003,0.0462,0.685,99.315
868,"(4,)",logistic,0.0001,0.003,0.0462,0.692,99.308
869,"(5, 2)",tanh,0.0001,0.001,0.0462,0.693,99.307
870,"(5,)",tanh,0.0001,0.003,0.1,0.695,99.305
871,"(4, 7)",tanh,0.0001,0.001,0.1,0.696,99.304
872,"(6, 4)",tanh,0.0001,0.001,0.0462,0.699,99.301
873,"(4,)",tanh,0.0001,0.001,0.0462,0.699,99.301
874,"(6, 6)",tanh,0.0001,0.003,0.1,0.703,99.297
875,"(5,)",logistic,0.0001,0.001,0.0462,0.704,99.296
876,"(6, 7)",tanh,0.0001,0.003,0.0462,0.707,99.293
877,"(2, 2)",tanh,0.0001,0.001,0.0462,0.722,99.278
878,"(6, 5)",tanh,0.0001,0.003,0.1,0.739,99.261
879,"(6, 3)",logistic,0.0001,0.001,0.1,0.744,99.256
880,"(3, 7)",tanh,0.0001,0.001,0.1,0.748,99.252
881,"(5, 1)",tanh,0.0001,0.003,0.0462,0.75,99.25
882,"(3, 1)",tanh,0.0001,0.003,0.0462,0.753,99.247
883,"(4, 7)",tanh,0.0001,0.001,0.0462,0.763,99.237
884,"(6,)",logistic,0.0001,0.003,0.1,0.769,99.231
885,"(7, 2)",tanh,0.0001,0.003,0.0462,0.788,99.212
886,"(7, 7)",tanh,0.0001,0.003,0.1,0.792,99.208
887,"(6, 1)",tanh,0.0001,0.001,0.1,0.831,99.169
888,"(6,)",tanh,0.0001,0.001,0.1,0.836,99.164
889,"(3,)",tanh,0.0001,0.003,0.1,0.841,99.159
890,"(4, 1)",tanh,0.0001,0.001,0.0462,0.844,99.156
891,"(5, 6)",tanh,0.0001,0.003,0.1,0.883,99.117
892,"(7,)",tanh,0.0001,0.001,0.0462,0.895,99.105
893,"(7,)",tanh,0.0001,0.003,0.0462,0.971,99.029
894,"(5,)",tanh,0.0001,0.001,0.1,0.987,99.013
895,"(7, 7)",tanh,0.0001,0.003,0.0462,1.007,98.993
896,"(5, 4)",tanh,0.0001,0.001,0.1,1.011,98.989
